league,team_ar,seasons,appearances,player_en,full_name_en,player_ar
EGY,أبو قير للأسمدة,2025-2026 .. 2026-2027,14,M. Alaa,Mahmoud Alaa | Mohamed Alaa,
EGY,أبو قير للأسمدة,2026-2027,10,I. Ashraf,Islam Ashraf | Ismail Ashraf,
EGY,أبو قير للأسمدة,2023-2024 .. 2026-2027,9,F. Akem,Favour Akem,
EGY,أبو قير للأسمدة,2025-2026 .. 2026-2027,6,M. Abou Gouda,Mahmoud Abou Gouda | Mahmoud Abou-Gouda,
EGY,أبو قير للأسمدة,2026-2027,6,S. Shika,Seif Shika,
EGY,أبو قير للأسمدة,2026-2027,5,A. El Gazar,Amr El Gazar | Ayman El Gazar,
EGY,أبو قير للأسمدة,2026-2027,5,Ocha,Mohamed Ocha,
EGY,أبو قير للأسمدة,2026-2027,4,R. Milad,Ramez Milad,
EGY,أبو قير للأسمدة,2026-2027,4,Y. Hamdi,Youssef Hamdi,
EGY,أبو قير للأسمدة,2026-2027,3,A. Dahesh,Ahmed Dahesh,
EGY,أبو قير للأسمدة,2026-2027,3,E. Fathi,,
EGY,أبو قير للأسمدة,2026-2027,3,G. Kamel,Gaber Kamel,
EGY,أبو قير للأسمدة,2026-2027,3,M. Genesh,Mahmoud Genesh,
EGY,أبو قير للأسمدة,2026-2027,3,M. Gomaa,,
EGY,أبو قير للأسمدة,2026-2027,3,M. Shika,,
EGY,أبو قير للأسمدة,2026-2027,2,E. Hamdi,,
EGY,أبو قير للأسمدة,2026-2027,2,O. Ibrahim,,
EGY,أبو قير للأسمدة,2026-2027,1,K. Rabiaa,,
EGY,أبو قير للأسمدة,2026-2027,1,Z. Farag,Zyad Farag,
EGY,أبو قير للأسمدة,2026-2027,1,Mohamed Alaa,,
EGY,أبو قير للأسمدة,2026-2027,1,Seif Shika,,
EGY,أبو قير للأسمدة,2026-2027,1,Youssef Hamdi,,
EGY,أسوان,2022-2023 .. 2026-2027,16,Mohamed Hamdy Zaki,,
EGY,أسوان,2022-2023 .. 2023-2024,7,Dilson,,
EGY,أسوان,2022-2023,2,Hossam Arafat,,
EGY,أسوان,2022-2023,2,M. Evouna,,
EGY,أسوان,2022-2023,2,Mohamed Nagy,,
EGY,أسوان,2022-2023,1,Belal El Sayed,,
EGY,أسوان,2022-2023,1,Islam Salah,,
EGY,أسوان,2022-2023,1,Mohamed Morsi,,
EGY,أسوان,2022-2023,1,Mohamed Mostafa Mido,,
EGY,الأهلي المصري,2023-2024 .. 2024-2025,24,Wessam Abou Ali,,
EGY,الأهلي المصري,2022-2023 .. 2024-2025,23,Emam Ashour,,
EGY,الأهلي المصري,2022-2023 .. 2026-2027,23,Kahraba,Mahmoud Kahraba,
EGY,الأهلي المصري,2022-2023 .. 2024-2025,13,Hussein El Shahat,,
EGY,الأهلي المصري,2022-2023 .. 2024-2025,13,Mohamed Sherif,,
EGY,الأهلي المصري,2025-2026,11,Trezeguet,Mahmoud Trézéguet,
EGY,الأهلي المصري,2022-2023 .. 2023-2024,10,P. Tau,,
EGY,الأهلي المصري,2022-2023 .. 2026-2027,10,Taher Mohamed,,
EGY,الأهلي المصري,2022-2023 .. 2024-2025,9,Amr El Soleya,,
EGY,الأهلي المصري,2022-2023 .. 2024-2025,9,Mohamed Magdi Kafsha,,
EGY,الأهلي المصري,2025-2026 .. 2026-2027,9,T. Mohamed,Taher Mohamed | Tarek Mohamed,
EGY,الأهلي المصري,2022-2023,8,A. Maâloul,,
EGY,الأهلي المصري,2023-2024 .. 2026-2027,8,Ahmed Reda,,
EGY,الأهلي المصري,2022-2023 .. 2023-2024,5,Ahmed Abdelkader,,
EGY,الأهلي المصري,2025-2026 .. 2026-2027,5,H. El Shahat,Hussein El Shahat,
EGY,الأهلي المصري,2024-2025,5,N. Gradišar,,
EGY,الأهلي المصري,2025-2026 .. 2026-2027,4,A. Kouka,Ahmed Nabil Koka,
EGY,الأهلي المصري,2023-2024,4,A. Modeste,,
EGY,الأهلي المصري,2025-2026 .. 2026-2027,4,A. Reda,Ahmed Reda,
EGY,الأهلي المصري,2025-2026 .. 2026-2027,4,H. Reyad,,
EGY,الأهلي المصري,2022-2023 .. 2023-2024,4,Karim Fouad,,
EGY,الأهلي المصري,2022-2023 .. 2026-2027,4,Marwan Attia,,
EGY,الأهلي المصري,2023-2024,4,R. Slim,,
EGY,الأهلي المصري,2023-2024,4,W. Abou Ali,,
EGY,الأهلي المصري,2025-2026 .. 2026-2027,4,Y. Ibrahim,Yasser Ibrahim,
EGY,الأهلي المصري,2025-2026 .. 2026-2027,4,Y. Marei,Yassin Marei,
EGY,الأهلي المصري,2022-2023,3,Ahmed Radwan,,
EGY,الأهلي المصري,2026-2027,3,M. Ateya,Marwan Attia,
EGY,الأهلي المصري,2022-2023 .. 2024-2025,3,Mahmoud Metwaly,,
EGY,الأهلي المصري,2026-2027,3,K. Fouad,Karim Fouad,
EGY,الأهلي المصري,2026-2027,3,M. Bakrar,Mounsef Bakrar,
EGY,الأهلي المصري,2022-2023,2,A. Dieng,,
EGY,الأهلي المصري,2025-2026,2,E. Ashour,,
EGY,الأهلي المصري,2022-2023,2,Mostafa Al Aash,,
EGY,الأهلي المصري,2022-2023 .. 2023-2024,2,Yasser Ibrahim,,
EGY,الأهلي المصري,2026-2027,2,M. El Shenawy,Mohamed El-Shenawy,
EGY,الأهلي المصري,2026-2027,2,O. Shobeir,Mostafa Shobeir,
EGY,الأهلي المصري,2026-2027,2,S. Benjdida,Soufiane Benjdida,
EGY,الأهلي المصري,2024-2025,1,Ahmed Koka,,
EGY,الأهلي المصري,2022-2023,1,Akram Tawfik,,
EGY,الأهلي المصري,2022-2023,1,Bruno Sávio,,
EGY,الأهلي المصري,2022-2023,1,Hamdi Fathi,,
EGY,الأهلي المصري,2025-2026,1,I. Al Kadi,,
EGY,الأهلي المصري,2025-2026,1,M. Ben Romdhane,,
EGY,الأهلي المصري,2024-2025,1,Y. Attiat Allah,,
EGY,الأهلي المصري,2026-2027,1,K. El Debes,Karim El Debes,
EGY,الأهلي المصري,2026-2027,1,Ali Mahmoud,,
EGY,الإسماعيلي,2022-2023 .. 2024-2025,17,Mohamed El Shamy,,
EGY,الإسماعيلي,2022-2023 .. 2024-2025,11,Abdel Rahman Magdi,,
EGY,الإسماعيلي,2023-2024 .. 2024-2025,8,Marwan Hamdi,,
EGY,الإسماعيلي,2022-2023,7,F. Chaouat,,
EGY,الإسماعيلي,2022-2023 .. 2026-2027,5,Baher El Mohamady,,
EGY,الإسماعيلي,2025-2026 .. 2026-2027,4,A. Mohamed,Abdelghani Mohamed,
EGY,الإسماعيلي,2023-2024,4,Mohamed Desouki,,
EGY,الإسماعيلي,2023-2024,4,Omar El Saeey,,
EGY,الإسماعيلي,2022-2023 .. 2023-2024,3,Emad Hamdy,,
EGY,الإسماعيلي,2025-2026,3,M. Ammar,,
EGY,الإسماعيلي,2025-2026,2,A. Abdelsalam,,
EGY,الإسماعيلي,2024-2025,2,Abdel Rahman El Dah,,
EGY,الإسماعيلي,2024-2025,2,Ali Omar El Malawany,,
EGY,الإسماعيلي,2022-2023 .. 2023-2024,2,Basem Morsy,,
EGY,الإسماعيلي,2023-2024,2,E. Traoré,,
EGY,الإسماعيلي,2022-2023,2,Hazem Morsi,,
EGY,الإسماعيلي,2024-2025,2,Khalid Al Nabrisi,,
EGY,الإسماعيلي,2023-2024 .. 2024-2025,2,Mohamed Bayoumi,,
EGY,الإسماعيلي,2024-2025,2,Mohamed Khatary,,
EGY,الإسماعيلي,2023-2024 .. 2024-2025,2,Nader Farag,,
EGY,الإسماعيلي,2025-2026,1,A. El Dah,,
EGY,الإسماعيلي,2025-2026,1,E. Traore,,
EGY,الإسماعيلي,2025-2026,1,H. Mohamed Sukar,,
EGY,الإسماعيلي,2023-2024,1,H. Nagguez,,
EGY,الإسماعيلي,2025-2026,1,K. Shehata,,
EGY,الإسماعيلي,2025-2026,1,M. Samir,,
EGY,الإسماعيلي,2022-2023,1,Mahmoud Shabrawy,,
EGY,الإسماعيلي,2023-2024,1,Mohamed Abdel Samiae,,
EGY,الإسماعيلي,2023-2024,1,Mohamed Ammar,,
EGY,الإسماعيلي,2025-2026,1,O. Saviola,,
EGY,الإسماعيلي,2022-2023,1,Sobhi Soliman,,
EGY,الاتحاد السكندري,2022-2023 .. 2023-2024,26,Mabululu,,
EGY,الاتحاد السكندري,2022-2023 .. 2026-2027,20,J. Ebuka,John Okoye Ebuka,
EGY,الاتحاد السكندري,2025-2026 .. 2026-2027,10,M. Ibrahim,Mohamed Ibrahim | Mostafa Ibrahim,
EGY,الاتحاد السكندري,2025-2026 .. 2026-2027,8,Y. Wahid,Youssry Wahid,
EGY,الاتحاد السكندري,2025-2026 .. 2026-2027,7,F. Farid,Fady Farid,
EGY,الاتحاد السكندري,2025-2026 .. 2026-2027,7,M. Fakhri,Mohamed Fakhry,
EGY,الاتحاد السكندري,2025-2026 .. 2026-2027,5,M. Mostafa,,
EGY,الاتحاد السكندري,2022-2023 .. 2024-2025,5,Mahmoud Alaa,,
EGY,الاتحاد السكندري,2026-2027,5,S. Isaac,I. Saviour | Isaac Saviour,
EGY,الاتحاد السكندري,2026-2027,5,J. Arumala,Joseph Arumala,
EGY,الاتحاد السكندري,2026-2027,5,K. Semakula,Kenneth Semakula,
EGY,الاتحاد السكندري,2026-2027,5,P. Phiri,Pascal Phiri,
EGY,الاتحاد السكندري,2023-2024 .. 2024-2025,4,Abdel Ghani Mohamed,,
EGY,الاتحاد السكندري,2025-2026 .. 2026-2027,4,Afsha,Mohamed Magdy Afsha,
EGY,الاتحاد السكندري,2026-2027,4,K. Mosaad,Khaled Mosaad,
EGY,الاتحاد السكندري,2022-2023,3,A. Amutu,,
EGY,الاتحاد السكندري,2023-2024 .. 2024-2025,3,Ahmed Adel Messi,,
EGY,الاتحاد السكندري,2022-2023,3,Ibrahim Hassan,,
EGY,الاتحاد السكندري,2023-2024,3,Islam Abou Salima,,
EGY,الاتحاد السكندري,2024-2025,3,Karim El Deeb,,
EGY,الاتحاد السكندري,2022-2023 .. 2023-2024,3,Khaled El Ghandour,,
EGY,الاتحاد السكندري,2022-2023 .. 2024-2025,3,Khaled Sobhy,,
EGY,الاتحاد السكندري,2026-2027,3,A. El Gabry,Ali El Gabry,
EGY,الاتحاد السكندري,2026-2027,3,I. Abdellah,Islam Abdallah,
EGY,الاتحاد السكندري,2026-2027,3,M. Tony,Mohamed Toni,
EGY,الاتحاد السكندري,2026-2027,3,N. Alaa,Nour Alaa,
EGY,الاتحاد السكندري,2026-2027,3,S. Soliman,,
EGY,الاتحاد السكندري,2025-2026 .. 2026-2027,2,A. Magdi,Abdel Rahman Magdi,
EGY,الاتحاد السكندري,2022-2023,2,Ahmed Eid Abdel Naby,,
EGY,الاتحاد السكندري,2022-2023 .. 2023-2024,2,Ammar Hamdi,,
EGY,الاتحاد السكندري,2024-2025,2,E. Apeh,,
EGY,الاتحاد السكندري,2024-2025,2,V. Bekalé Aubame,,
EGY,الاتحاد السكندري,2022-2023,1,Abdallah Naseeb,,
EGY,الاتحاد السكندري,2022-2023,1,Ahmed Elkalamawy,,
EGY,الاتحاد السكندري,2023-2024,1,Amr Saleh,,
EGY,الاتحاد السكندري,2025-2026,1,I. Samir,,
EGY,الاتحاد السكندري,2024-2025,1,Islam Samir,,
EGY,الاتحاد السكندري,2022-2023,1,Mabululo,,
EGY,الاتحاد السكندري,2023-2024,1,Naser Naser,,
EGY,الاتحاد السكندري,2026-2027,1,A. El Sayed,,
EGY,الاتحاد السكندري,2026-2027,1,Isaac Saviour,,
EGY,الاتحاد السكندري,2026-2027,1,Kenneth Semakula,,
EGY,الاتحاد السكندري,2026-2027,1,Mido Mostafa,,
EGY,البنك الأهلي,2022-2023 .. 2026-2027,35,Y. Annor,,
EGY,البنك الأهلي,2022-2023 .. 2024-2025,22,Osama Faisal,,
EGY,البنك الأهلي,2022-2023 .. 2024-2025,20,Karim Bambo,,
EGY,البنك الأهلي,2022-2023 .. 2026-2027,18,Mohamed Helal,,
EGY,البنك الأهلي,2025-2026 .. 2026-2027,17,A. Rayan,Ahmed Yasser Rayan,
EGY,البنك الأهلي,2025-2026 .. 2026-2027,11,R. El Metwaly,Rashad Metwaly,
EGY,البنك الأهلي,2025-2026,10,O. Faisal,,
EGY,البنك الأهلي,2025-2026 .. 2026-2027,8,M. Reda,Mohamed Reda,
EGY,البنك الأهلي,2025-2026 .. 2026-2027,7,M. Naser,Mody Naser,
EGY,البنك الأهلي,2022-2023 .. 2023-2024,7,Mahmoud Kaoud,,
EGY,البنك الأهلي,2022-2023 .. 2024-2025,7,S. Simporé,,
EGY,البنك الأهلي,2025-2026 .. 2026-2027,6,M. Shalaby,Karim Tarek,
EGY,البنك الأهلي,2025-2026 .. 2026-2027,5,A. Meteb,Ahmed Meteb,
EGY,البنك الأهلي,2026-2027,5,A. Madbouli,,
EGY,البنك الأهلي,2025-2026 .. 2026-2027,4,A. Medhat,Amir Medhat,
EGY,البنك الأهلي,2022-2023 .. 2024-2025,4,Ahmed Madbouly,,
EGY,البنك الأهلي,2022-2023 .. 2026-2027,4,Ahmed Yasser,,
EGY,البنك الأهلي,2025-2026 .. 2026-2027,4,S. Bouchama,Salah Abd Etouab Bouchama,
EGY,البنك الأهلي,2025-2026 .. 2026-2027,3,Oufa,Ahmed Amin Oufa,
EGY,البنك الأهلي,2025-2026 .. 2026-2027,3,S. Abdallah,Sayed Abdallah,
EGY,البنك الأهلي,2026-2027,3,A. El Balouti,,
EGY,البنك الأهلي,2026-2027,3,A. Hamdi,Ali Hamdy,
EGY,البنك الأهلي,2026-2027,3,Ahmed Sobhi,,
EGY,البنك الأهلي,2026-2027,3,Anderson Ceara,Anderson Ceará,
EGY,البنك الأهلي,2026-2027,3,Bencharki,Mohamed Ashraf,
EGY,البنك الأهلي,2026-2027,3,D. Cyril,,
EGY,البنك الأهلي,2026-2027,3,M. Nasr,Mohamed Nasr,
EGY,البنك الأهلي,2026-2027,3,Shefo,Khaled Shefo,
EGY,البنك الأهلي,2023-2024 .. 2026-2027,2,Ahmed El Aash,,
EGY,البنك الأهلي,2023-2024,2,Assem Salah,,
EGY,البنك الأهلي,2023-2024,2,Mohamed Bassiouny,,
EGY,البنك الأهلي,2022-2023,2,R. Cissé,,
EGY,البنك الأهلي,2026-2027,2,K. Hamed,,
EGY,البنك الأهلي,2026-2027,2,M. Dowidar,Mostafa Dowidar,
EGY,البنك الأهلي,2026-2027,2,Mody Naser,,
EGY,البنك الأهلي,2023-2024,1,Amir Medhat,,
EGY,البنك الأهلي,2025-2026,1,I. Yakubu,,
EGY,البنك الأهلي,2025-2026,1,M. El Gazzar,,
EGY,البنك الأهلي,2022-2023,1,Mahmoud Sayed,,
EGY,البنك الأهلي,2026-2027,1,Ahmed Madbouli,,
EGY,البنك الأهلي,2026-2027,1,Rashad Metwaly,,
EGY,البنك الأهلي,2026-2027,1,Salah Abd Etouab Bouchama,,
EGY,الجونة,2022-2023 .. 2024-2025,18,Ahmed Belhadji,,
EGY,الجونة,2025-2026 .. 2026-2027,12,A. Gamal,Ahmed Gamal | Ali Gamal,
EGY,الجونة,2025-2026 .. 2026-2027,10,M. Mohsen,Marwan Mohsen,
EGY,الجونة,2025-2026 .. 2026-2027,9,M. Emad,Mahmoud Emad | Mohamed Emad,
EGY,الجونة,2024-2025 .. 2026-2027,8,T. Ojo,Ojo Tolulope,
EGY,الجونة,2023-2024 .. 2025-2026,5,A. Randrianantenaina,,
EGY,الجونة,2025-2026 .. 2026-2027,4,A. Zaki,Ahmed Zaki,
EGY,الجونة,2024-2025 .. 2026-2027,4,Ahmed Gamal,,
EGY,الجونة,2022-2023 .. 2024-2025,4,Ali El Zahdi,,
EGY,الجونة,2023-2024,4,Ayman Moka,,
EGY,الجونة,2023-2024,4,Hossam Gahnem,,
EGY,الجونة,2023-2024 .. 2026-2027,4,Reda Salah,,
EGY,الجونة,2025-2026 .. 2026-2027,4,S. El Shimi,Saber El Shimi,
EGY,الجونة,2026-2027,4,M. Egbemba,Egbemba Michael,
EGY,الجونة,2026-2027,4,Omar El Gazar,,
EGY,الجونة,2026-2027,4,Teukeu Tekoudjou Wilfried,W. Parfait Teukeu,
EGY,الجونة,2023-2024 .. 2024-2025,3,Ahmed Hossam,,
EGY,الجونة,2024-2025 .. 2026-2027,3,Ahmed Shousha,,
EGY,الجونة,2025-2026 .. 2026-2027,3,N. El Sayed,,
EGY,الجونة,2025-2026 .. 2026-2027,3,S. Zayed,Salah Zayed,
EGY,الجونة,2024-2025 .. 2026-2027,3,Salah Zayed,,
EGY,الجونة,2026-2027,3,O. El Gazar,Omar El Gazar,
EGY,الجونة,2025-2026,2,A. Karim,,
EGY,الجونة,2024-2025,2,Ahmed Magdy Kahraba,,
EGY,الجونة,2023-2024,2,Ashraf Magdy,,
EGY,الجونة,2025-2026,2,M. El Nahas,,
EGY,الجونة,2024-2025,2,Mohamed Emad,,
EGY,الجونة,2026-2027,2,A. Belia,,
EGY,الجونة,2026-2027,2,A. Taalab,Abdel Gawad Taalab,
EGY,الجونة,2026-2027,2,Abdel Gawad Taalab,,
EGY,الجونة,2026-2027,2,D. Simukonda,David Simukonda,
EGY,الجونة,2026-2027,2,David Simukonda,,
EGY,الجونة,2026-2027,2,Egbemba Michael,M. Egbemba,
EGY,الجونة,2026-2027,2,I. Emad,Eslam Risha,
EGY,الجونة,2026-2027,2,M. Metawea,Mostafa Metawea,
EGY,الجونة,2026-2027,2,Mostafa Metawea,M. Metawea,
EGY,الجونة,2026-2027,2,Ojo Tolulope,T. Ojo,
EGY,الجونة,2026-2027,2,R. Salah,Reda Salah,
EGY,الجونة,2026-2027,2,Saber El Shimi,,
EGY,الجونة,2025-2026,1,A. Khaled,Khaled Ahmed,
EGY,الجونة,2025-2026,1,M. Imad,,
EGY,الجونة,2024-2025,1,Mahmoud El Alamy,,
EGY,الجونة,2023-2024,1,Mazen Yasser,,
EGY,الجونة,2023-2024,1,Sabri Rahil,,
EGY,الجونة,2026-2027,1,Ahmed Belya,,
EGY,الجونة,2026-2027,1,Ahmed Masoud,,
EGY,الجونة,2026-2027,1,Ahmed Zaki,,
EGY,الجونة,2026-2027,1,Eslam Risha,,
EGY,الجونة,2026-2027,1,Khaled Ahmed,,
EGY,الجونة,2026-2027,1,Marwan Essam,,
EGY,الجونة,2026-2027,1,Nour El Sayed,,
EGY,الجونة,2026-2027,1,W. Parfait Teukeu,Teukeu Tekoudjou Wilfried,
EGY,الداخلية,2022-2023 .. 2025-2026,11,R. Ahmed,,
EGY,الداخلية,2022-2023 .. 2026-2027,11,Samir Fekri,,
EGY,الداخلية,2022-2023 .. 2023-2024,4,A. Kyambadde,,
EGY,الداخلية,2023-2024,4,Karim Yehia,,
EGY,الداخلية,2022-2023 .. 2023-2024,3,Abdelaziz El Sayed,,
EGY,الداخلية,2022-2023 .. 2023-2024,3,Barakat Haggag,,
EGY,الداخلية,2023-2024,3,Ehab Samir,,
EGY,الداخلية,2022-2023 .. 2023-2024,3,F. Alfred,,
EGY,الداخلية,2022-2023,3,Mostafa Fawzy,,
EGY,الداخلية,2023-2024,2,Islam Abdelnaim,,
EGY,الداخلية,2023-2024,1,Ahmed Sayed,,
EGY,الداخلية,2022-2023,1,C. John,,
EGY,الداخلية,2022-2023,1,Kamal Abou Elfetouh,,
EGY,الداخلية,2023-2024,1,Mahmoud Sayed okaa,,
EGY,الداخلية,2023-2024,1,Moaz El Henawy,,
EGY,الداخلية,2023-2024,1,Mohab Yasser,,
EGY,الداخلية,2022-2023,1,Momen Atef,,
EGY,الداخلية,2023-2024,1,Sherif Dabo,,
EGY,الزمالك,2022-2023 .. 2026-2027,41,Zizo,,
EGY,الزمالك,2022-2023 .. 2026-2027,23,S. Jaziri,,
EGY,الزمالك,2022-2023 .. 2024-2025,19,Naser Mansy,,
EGY,الزمالك,2025-2026 .. 2026-2027,14,O. Dabbagh,Oday Dabbagh,
EGY,الزمالك,2022-2023 .. 2024-2025,13,Abdalla El Said,,
EGY,الزمالك,2022-2023 .. 2026-2027,11,I. Ndiaye,,
EGY,الزمالك,2025-2026 .. 2026-2027,11,N. Mansy,Naser Mansi,
EGY,الزمالك,2023-2024 .. 2024-2025,10,Youssef Obama,,
EGY,الزمالك,2022-2023 .. 2024-2025,9,Mostafa Shalaby,,
EGY,الزمالك,2025-2026 .. 2026-2027,8,C. Banza,Chico Banza,
EGY,الزمالك,2025-2026 .. 2026-2027,7,A. Sherif,Ahmed Sherif,
EGY,الزمالك,2025-2026 .. 2026-2027,7,M. Shehata,Mohamed Shehata | Mostafa Rahim,
EGY,الزمالك,2025-2026 .. 2026-2027,6,H. Ashraf,Hossam Ashraf,
EGY,الزمالك,2026-2027,6,A. Kaied,Adam Kaied,
EGY,الزمالك,2025-2026 .. 2026-2027,5,A. Fatouh,Ahmed Fatouh,
EGY,الزمالك,2025-2026 .. 2026-2027,5,A. Rabie,,
EGY,الزمالك,2022-2023 .. 2024-2025,5,Hossam Abdelmaguid,,
EGY,الزمالك,2022-2023 .. 2023-2024,5,Shikabala,,
EGY,الزمالك,2022-2023 .. 2024-2025,5,Youssef Nabih,,
EGY,الزمالك,2025-2026 .. 2026-2027,4,A. El Said,Abdallah El-Said,
EGY,الزمالك,2022-2023 .. 2023-2024,4,Ahmed Abou El Fotouh,,
EGY,الزمالك,2026-2027,4,Esho,Ahmed Esho,
EGY,الزمالك,2025-2026,4,H. Abdelmaguid,,
EGY,الزمالك,2024-2025 .. 2026-2027,4,M. Bentayg,Mahmoud Bentayg,
EGY,الزمالك,2026-2027,4,M. El Sayed,Mohamed El Sayed,
EGY,الزمالك,2025-2026 .. 2026-2027,4,M. El Zenary,Mostafa El Zenary,
EGY,الزمالك,2022-2023 .. 2024-2025,4,Nasser Maher,,
EGY,الزمالك,2025-2026 .. 2026-2027,4,O. Gaber,Omar Gaber,
EGY,الزمالك,2022-2023 .. 2026-2027,3,Amr El Sisi,,
EGY,الزمالك,2025-2026,3,Juan Alvina,,
EGY,الزمالك,2025-2026 .. 2026-2027,3,M. I. Hassan,Mahmoud Hamdi,
EGY,الزمالك,2022-2023 .. 2024-2025,3,Mohamed Abdel Ghani,,
EGY,الزمالك,2022-2023 .. 2024-2025,3,Mohamed Shehata,,
EGY,الزمالك,2023-2024 .. 2024-2025,3,Nabil Emad Dunga,,
EGY,الزمالك,2022-2023 .. 2023-2024,3,S. Akinyoola,,
EGY,الزمالك,2026-2027,3,E. M. Soliman,Mahdi Soliman,
EGY,الزمالك,2026-2027,3,M. Ismail,Mohamed Ismail,
EGY,الزمالك,2022-2023,2,Sherif Reda,,
EGY,الزمالك,2026-2027,2,M. Hamad,Mohamed Hamad,
EGY,الزمالك,2024-2025,1,Ahmed Esho,,
EGY,الزمالك,2023-2024,1,H. Mathlouthi,,
EGY,الزمالك,2022-2023,1,I. Boubekeur,,
EGY,الزمالك,2022-2023,1,Mahmoud Hamdi El Wensh,,
EGY,الزمالك,2022-2023,1,Mohamed Abdel Razek Bazoka,,
EGY,الزمالك,2023-2024,1,Mohamed Atef,,
EGY,الزمالك,2024-2025,1,Mohamed El Sayed,,
EGY,الزمالك,2023-2024,1,Omar Gaber,,
EGY,الزمالك,2024-2025,1,Omar Salah,,
EGY,الزمالك,2022-2023,1,Sayed Abdallah Sika,,
EGY,الزمالك,2026-2027,1,A. Khodary,Ahmed Khodari,
EGY,الزمالك,2026-2027,1,M. Farag,Mohamed Farag,
EGY,الزمالك,2026-2027,1,M. Gehad,Mahmoud Gehad,
EGY,الزمالك,2026-2027,1,Ahmed Fatouh,,
EGY,الزمالك,2026-2027,1,Chico Banza,,
EGY,الزمالك,2026-2027,1,Mahmoud Bentayg,,
EGY,الزمالك,2026-2027,1,Mahmoud Hamdi,,
EGY,الزمالك,2026-2027,1,Oday Dabbagh,,
EGY,الشرقية إنبي,2022-2023 .. 2024-2025,21,Ahmed Amin Aoufa,,
EGY,الشرقية إنبي,2022-2023 .. 2026-2027,13,Ali Fawzi,,
EGY,الشرقية إنبي,2022-2023 .. 2025-2026,11,R. Kabou,,
EGY,الشرقية إنبي,2025-2026 .. 2026-2027,8,M. Sherif,Moamen Sherif | Momen Sherif,
EGY,الشرقية إنبي,2025-2026 .. 2026-2027,6,A. Abdallah,Aqtay Abdallah,
EGY,الشرقية إنبي,2022-2023 .. 2023-2024,6,Ahmed Khalil Kalousha,,
EGY,الشرقية إنبي,2026-2027,6,M. Essam,Marwan Essam,
EGY,الشرقية إنبي,2026-2027,5,A. Ehab,,
EGY,الشرقية إنبي,2025-2026,4,A. El Agouz,,
EGY,الشرقية إنبي,2022-2023 .. 2024-2025,4,Ahmed El Agouz,,
EGY,الشرقية إنبي,2022-2023 .. 2023-2024,4,Ahmed Hawash,,
EGY,الشرقية إنبي,2025-2026 .. 2026-2027,4,E. Mayhoub,Emad Mayhoub,
EGY,الشرقية إنبي,2022-2023 .. 2023-2024,4,Mostafa Adel,,
EGY,الشرقية إنبي,2022-2023 .. 2023-2024,4,Youssef Labib,,
EGY,الشرقية إنبي,2026-2027,4,A. Ismail,Ahmed Ismail,
EGY,الشرقية إنبي,2025-2026 .. 2026-2027,3,A. Ibrahim,,
EGY,الشرقية إنبي,2022-2023 .. 2026-2027,3,Ahmed Youssef,,
EGY,الشرقية إنبي,2023-2024 .. 2024-2025,3,Mohamed Hamed,,
EGY,الشرقية إنبي,2023-2024,3,Mohamed Naser,,
EGY,الشرقية إنبي,2025-2026 .. 2026-2027,3,S. Elkhashab,Seif Elkhashab,
EGY,الشرقية إنبي,2025-2026 .. 2026-2027,3,Z. Kamal,Ziad Kamal,
EGY,الشرقية إنبي,2022-2023 .. 2023-2024,3,Zeyad Kamal,,
EGY,الشرقية إنبي,2026-2027,3,A. Hawash,Ahmed Nader Hawash,
EGY,الشرقية إنبي,2026-2027,3,Ali Ehab,,
EGY,الشرقية إنبي,2026-2027,3,Mohamed Hamdi,,
EGY,الشرقية إنبي,2025-2026,2,A. Kalosha,,
EGY,الشرقية إنبي,2024-2025,2,Ahmed Kalousha,,
EGY,الشرقية إنبي,2023-2024,2,Ahmed Sabeha,,
EGY,الشرقية إنبي,2024-2025,2,Hesham Adel,,
EGY,الشرقية إنبي,2026-2027,2,Mahmoud Kahraba,,
EGY,الشرقية إنبي,2022-2023 .. 2026-2027,2,Marwan Dawoud,,
EGY,الشرقية إنبي,2023-2024 .. 2024-2025,2,Mostafa Shakshak,,
EGY,الشرقية إنبي,2025-2026,2,Y. Oubaba,,
EGY,الشرقية إنبي,2026-2027,2,Ahmed Nader Hawash,,
EGY,الشرقية إنبي,2026-2027,2,Body Samir,,
EGY,الشرقية إنبي,2026-2027,2,H. Ghanem,Hossam Ghanem,
EGY,الشرقية إنبي,2026-2027,2,Hazem Temsah,,
EGY,الشرقية إنبي,2026-2027,2,Hossam Ghanem,,
EGY,الشرقية إنبي,2026-2027,2,M. Basir,,
EGY,الشرقية إنبي,2026-2027,2,M. Daoud,Marwan Dawoud,
EGY,الشرقية إنبي,2026-2027,2,M. Hathout,Mohamed Sherif,
EGY,الشرقية إنبي,2026-2027,2,R. Mostafa,Ramadan Mostafa,
EGY,الشرقية إنبي,2022-2023,1,Karim El Tayeeb,,
EGY,الشرقية إنبي,2023-2024,1,Mohamed El Nahass,,
EGY,الشرقية إنبي,2026-2027,1,A. Roshdy,Anas Roshdy,
EGY,الشرقية إنبي,2026-2027,1,Abdelrahman Samir,,
EGY,الشرقية إنبي,2026-2027,1,Ahmed Ismail,,
EGY,الشرقية إنبي,2026-2027,1,Ahmed Kalosha,,
EGY,الشرقية إنبي,2026-2027,1,H. Abdallah,Hamed Abdallah,
EGY,الشرقية إنبي,2026-2027,1,Mohamed Sharkia,,
EGY,الشرقية إنبي,2026-2027,1,O. Bodian,Ousseynou Bodian,
EGY,الشرقية إنبي,2026-2027,1,Ousseynou Bodian,,
EGY,الشرقية إنبي,2026-2027,1,R. Labode,Razak Labode,
EGY,الشرقية إنبي,2026-2027,1,Ramadan Mostafa,,
EGY,الشرقية إنبي,2026-2027,1,Razak Labode,,
EGY,الشرقية إنبي,2026-2027,1,Seif Elkhashab,,
EGY,الشرقية إنبي,2026-2027,1,Ziad Kamal,,
EGY,القناة,2026-2027,4,M. Wayo,Mawuli Wayo,
EGY,القناة,2026-2027,4,H. A. Sattar,,
EGY,القناة,2026-2027,3,I. Samy,Ibrahim Samy,
EGY,القناة,2025-2026 .. 2026-2027,3,M. Helal,Mohamed Helal,
EGY,القناة,2025-2026 .. 2026-2027,3,M. Rizk,Mahmoud Rizk,
EGY,القناة,2026-2027,3,Mawuli Wayo,,
EGY,القناة,2023-2024 .. 2026-2027,3,Mohamed Shaaban,,
EGY,القناة,2026-2027,3,H. El Azm,,
EGY,القناة,2026-2027,3,Islam Halima,,
EGY,القناة,2026-2027,3,M. Diab,Mohamed Diab,
EGY,القناة,2026-2027,3,M. Harsha,Mahmoud Hersha,
EGY,القناة,2026-2027,3,M. Sadek,Mohamed Sadek,
EGY,القناة,2026-2027,3,Mahmoud Hersha,,
EGY,القناة,2026-2027,3,O. Fathy,Ossama Fathy,
EGY,القناة,2026-2027,2,Hafiz Ibrahim,,
EGY,القناة,2026-2027,2,M. Hany Treka,Mohamed Hozian,
EGY,القناة,2026-2027,2,M. Mahdy,Momen Mahdy,
EGY,القناة,2026-2027,2,M. Samy,Mohab Samy,
EGY,القناة,2026-2027,2,M. Shaaban,Mohamed Shaaban,
EGY,القناة,2026-2027,1,A. Ali,Ahmed Ali,
EGY,القناة,2026-2027,1,Ahmed Ali,,
EGY,القناة,2026-2027,1,Hazem Abou Sena,,
EGY,القناة,2026-2027,1,Hossam Greisha,,
EGY,القناة,2026-2027,1,I. Halima,Islam Halima,
EGY,القناة,2026-2027,1,Ibrahim Samy,,
EGY,القناة,2026-2027,1,M. Antar,Mohamed Antar,
EGY,القناة,2026-2027,1,M. El Kout,,
EGY,القناة,2026-2027,1,M. Rady,Momen Rady,
EGY,القناة,2026-2027,1,Mahmoud Rizk,,
EGY,القناة,2026-2027,1,Mody Shalata,,
EGY,القناة,2026-2027,1,Mohab Samy,,
EGY,القناة,2026-2027,1,Momen Mahdy,,
EGY,القناة,2026-2027,1,Mostafa Mahmoud,,
EGY,القناة,2026-2027,1,Ossama Fathy,,
EGY,القناة,2026-2027,1,Momen Rady,,
EGY,المصري,2022-2023 .. 2024-2025,14,F. Ben Youssef,,
EGY,المصري,2022-2023 .. 2024-2025,14,Marwan Hamdy,,
EGY,المصري,2022-2023 .. 2024-2025,14,Salah Mohsen,,
EGY,المصري,2022-2023 .. 2023-2024,13,Mohamed Grendo,,
EGY,المصري,2022-2023 .. 2024-2025,12,Mido Gaber,,
EGY,المصري,2022-2023 .. 2026-2027,10,A. Deghmoum,Abderrahim Deghmoum,
EGY,المصري,2026-2027,7,M. Hamada,Mahmoud Hamada | Mostafa Hamada,
EGY,المصري,2025-2026 .. 2026-2027,7,M. Makhlouf,Mohamed Makhlouf | Mostafa Makhlouf,
EGY,المصري,2025-2026 .. 2026-2027,7,O. El Saaiy,Omar El Saaiy,
EGY,المصري,2025-2026,7,S. Mohsen,Salah Mohsen,
EGY,المصري,2025-2026 .. 2026-2027,6,M. Temine,Mounder Temine,
EGY,المصري,2025-2026 .. 2026-2027,5,A. El Armouty,Ahmed El Armouty,
EGY,المصري,2026-2027,5,H. Faisal,Hussein Faisal,
EGY,المصري,2022-2023,5,I. Jelassi,,
EGY,المصري,2025-2026 .. 2026-2027,5,K. Bambo,Karim Bambo,
EGY,المصري,2026-2027,5,M. El Shami,Mohamed El Shamy,
EGY,المصري,2023-2024,5,M. Zaddem,,
EGY,المصري,2026-2027,5,A. Ziani,Abdallah Ziani,
EGY,المصري,2026-2027,5,K. Toual,Kheir Eddine Toual,
EGY,المصري,2022-2023 .. 2024-2025,4,Abdel Kader Yehia,,
EGY,المصري,2023-2024,4,G. Guenaoui,,
EGY,المصري,2025-2026 .. 2026-2027,4,M. Hashem,Mohamed Hashem,
EGY,المصري,2022-2023 .. 2026-2027,4,Mohamed Makhlouf,,
EGY,المصري,2026-2027,4,A. El Saadawy,Amr Saadawy,
EGY,المصري,2026-2027,4,K. El Eraki,Karim El Eraki,
EGY,المصري,2022-2023 .. 2023-2024,3,F. Etouga,,
EGY,المصري,2025-2026 .. 2026-2027,3,Y. El Mallah,Yassin El Mallah,
EGY,المصري,2026-2027,3,B. El Mohamady,Baher El Mohamady,
EGY,المصري,2026-2027,3,K. Sobhi,Khaled Sobhi,
EGY,المصري,2026-2027,3,M. El Aash,,
EGY,المصري,2026-2027,3,M. Hamdy,,
EGY,المصري,2026-2027,3,M. Seha,Mohamed Seha,
EGY,المصري,2026-2027,3,M. Shokry,Mohamed Shokry,
EGY,المصري,2022-2023 .. 2023-2024,2,Amr El Saadawy,,
EGY,المصري,2022-2023,2,Islam Ateia,,
EGY,المصري,2025-2026,2,O. Zemraoui,,
EGY,المصري,2023-2024 .. 2024-2025,2,S. Aka,,
EGY,المصري,2024-2025,1,Ahmed Awad,,
EGY,المصري,2024-2025,1,Amr Saadawy,,
EGY,المصري,2025-2026,1,H. Adel,,
EGY,المصري,2025-2026,1,H. Ali,,
EGY,المصري,2022-2023,1,Islam Abou Slemma,,
EGY,المصري,2025-2026,1,M. Koshary,,
EGY,المصري,2022-2023,1,Mohamed Dabash,,
EGY,المصري,2022-2023,1,Saeed Kamal,,
EGY,المصري,2026-2027,1,Abderrahim Deghmoum,,
EGY,المصري,2026-2027,1,Hassan Ali,,
EGY,المصري,2026-2027,1,Mohamed Hashem,,
EGY,المقاولون العرب,2022-2023 .. 2026-2027,18,J. Ochaya,Joseph Ochaya,
EGY,المقاولون العرب,2022-2023 .. 2024-2025,14,Mohamed Salem,,
EGY,المقاولون العرب,2022-2023,9,J. Okoli,,
EGY,المقاولون العرب,2025-2026 .. 2026-2027,9,S. Hussein,Shady Hussein,
EGY,المقاولون العرب,2025-2026 .. 2026-2027,8,M. Gaber,Mido Gaber,
EGY,المقاولون العرب,2025-2026,7,S. Naguib,,
EGY,المقاولون العرب,2023-2024 .. 2026-2027,6,J. Ojera,Joackiam Ojera,
EGY,المقاولون العرب,2025-2026 .. 2026-2027,6,M. Gamal,Mostafa Gamal,
EGY,المقاولون العرب,2025-2026,6,M. Salim,,
EGY,المقاولون العرب,2022-2023,5,Abdelrahman Khaled,,
EGY,المقاولون العرب,2026-2027,5,I. Thiam,Idrissa Thiam,
EGY,المقاولون العرب,2022-2023,5,Omar Fathi Saviola,,
EGY,المقاولون العرب,2026-2027,5,I. Gaber,Eslam Gaber,
EGY,المقاولون العرب,2022-2023 .. 2023-2024,4,Ahmed Abdulaziz Mody,,
EGY,المقاولون العرب,2025-2026 .. 2026-2027,4,M. Hamed,Mohamed Hamed,
EGY,المقاولون العرب,2022-2023 .. 2023-2024,4,M. Niass,,
EGY,المقاولون العرب,2025-2026 .. 2026-2027,4,O. El Wahsh,Omar El Wahsh,
EGY,المقاولون العرب,2026-2027,4,D. Dodo,Dokou Dodo,
EGY,المقاولون العرب,2025-2026 .. 2026-2027,3,A. Ouled Behi,Ahmed Ouled Behi,
EGY,المقاولون العرب,2022-2023 .. 2023-2024,3,Ahmed Alaa Eldin,,
EGY,المقاولون العرب,2023-2024 .. 2026-2027,3,Emad Mayhoub,,
EGY,المقاولون العرب,2022-2023 .. 2023-2024,3,F. Kabore,,
EGY,المقاولون العرب,2026-2027,3,O. Kamal,Omar Kamal,
EGY,المقاولون العرب,2026-2027,3,A. Fouad,Ahmed Mohamed Fouad,
EGY,المقاولون العرب,2026-2027,3,H. Shakoush,Hassan Hussein Shakoush,
EGY,المقاولون العرب,2026-2027,3,K. Abdelfattah,,
EGY,المقاولون العرب,2026-2027,3,M. Aboul-Saoud,Mahmoud Abou El-Saoud,
EGY,المقاولون العرب,2026-2027,3,M. Fawzi,Mohamed Fawzi,
EGY,المقاولون العرب,2026-2027,3,N. Hesham,Nader Hesham,
EGY,المقاولون العرب,2022-2023 .. 2023-2024,2,Amir Abed,,
EGY,المقاولون العرب,2025-2026,2,M. Abdelnasser,,
EGY,المقاولون العرب,2025-2026,2,M. Sobhi,,
EGY,المقاولون العرب,2023-2024 .. 2026-2027,2,Mohamed Antar,,
EGY,المقاولون العرب,2026-2027,2,Idrissa Thiam,,
EGY,المقاولون العرب,2022-2023,1,Louay Wael,,
EGY,المقاولون العرب,2026-2027,1,Dokou Dodo,,
EGY,المقاولون العرب,2026-2027,1,Omar El Wahsh,,
EGY,بترول أسيوط,2026-2027,5,A. El Khamisi,Abdelrahman El Khamisi,
EGY,بترول أسيوط,2026-2027,5,M. Abdel Hamid,Mostafa Sadafa,
EGY,بترول أسيوط,2025-2026 .. 2026-2027,4,A. Hamza,Ahmed Hamzawi,
EGY,بترول أسيوط,2026-2027,4,M. Abdel Aleim,Mahmoud Okal,
EGY,بترول أسيوط,2025-2026 .. 2026-2027,4,A. Ahmed,,
EGY,بترول أسيوط,2026-2027,4,B. F. Abu,Bakr Fawzi,
EGY,بترول أسيوط,2026-2027,4,Z. Tarek,,
EGY,بترول أسيوط,2026-2027,3,A. Salam,Alabi Salam,
EGY,بترول أسيوط,2026-2027,3,A. Shokry,,
EGY,بترول أسيوط,2026-2027,3,A. Younes,Ahmed Younes,
EGY,بترول أسيوط,2026-2027,3,C. C. Bodne,Che Corines Bodne,
EGY,بترول أسيوط,2026-2027,3,I. Abbas,Ibrahim Abbas,
EGY,بترول أسيوط,2026-2027,3,J. Egagy,Joshua Egagy,
EGY,بترول أسيوط,2026-2027,3,K. Abdelaal,Khaled Abdelaal,
EGY,بترول أسيوط,2026-2027,3,M. Eid,Mohammed Eid,
EGY,بترول أسيوط,2026-2027,3,M. Tayeb,Mohamed Hesha,
EGY,بترول أسيوط,2026-2027,2,A. Keshkesh,Abdo Keshkesh,
EGY,بترول أسيوط,2026-2027,2,A. Morgan,Abdelrahman Morgan,
EGY,بترول أسيوط,2026-2027,1,Abdelrahman El Khamisi,,
EGY,بترول أسيوط,2026-2027,1,Bakr Fawzi,,
EGY,بترول أسيوط,2026-2027,1,Che Corines Bodne,,
EGY,بلدية المحلة,2023-2024 .. 2024-2025,15,Hossam Ashraf,,
EGY,بلدية المحلة,2023-2024,4,Abdo Semana,,
EGY,بلدية المحلة,2023-2024 .. 2026-2027,3,Mohamed Ashraf,,
EGY,بلدية المحلة,2023-2024,2,Islam Marzouk,,
EGY,بلدية المحلة,2023-2024,1,Hamza Magdi,,
EGY,بلدية المحلة,2023-2024,1,Hesham Salah,,
EGY,بلدية المحلة,2023-2024,1,Maged Hany,,
EGY,بلدية المحلة,2023-2024,1,Mohamed Saber,,
EGY,بلدية المحلة,2023-2024,1,Wahid Mohsen,,
EGY,بيراميدز,2023-2024 .. 2025-2026,30,F. Mayele,,
EGY,بيراميدز,2022-2023 .. 2025-2026,27,F. Lakay,,
EGY,بيراميدز,2022-2023 .. 2024-2025,21,Mostafa Fathi,,
EGY,بيراميدز,2022-2023 .. 2024-2025,18,Ibrahim Adel,,
EGY,بيراميدز,2025-2026 .. 2026-2027,13,N. Maher,Nasser Maher,
EGY,بيراميدز,2022-2023 .. 2023-2024,11,Ramadan Sobhi,,
EGY,بيراميدز,2025-2026 .. 2026-2027,11,Zalaka,Mahmoud Zalaka,
EGY,بيراميدز,2022-2023 .. 2026-2027,10,W. El Karti,Walid El Karti,
EGY,بيراميدز,2023-2024 .. 2026-2027,9,M. Chibi,Mohamed Chibi,
EGY,بيراميدز,2025-2026 .. 2026-2027,8,M. Fathi,Mohamed Fathi | Mostafa Fathy,
EGY,بيراميدز,2026-2027,8,O. Fakhoury,,
EGY,بيراميدز,2025-2026 .. 2026-2027,8,Y. Obama,Youssef Obama,
EGY,بيراميدز,2025-2026 .. 2026-2027,7,H. Hamdan,,
EGY,بيراميدز,2025-2026,6,M. Ziko,,
EGY,بيراميدز,2022-2023 .. 2024-2025,6,Mohamed Hamdy,,
EGY,بيراميدز,2022-2023 .. 2026-2027,5,Ahmed Samy,,
EGY,بيراميدز,2025-2026 .. 2026-2027,5,K. Hafez,Karim Hafez,
EGY,بيراميدز,2026-2027,4,A. Samy,Ahmed Samy,
EGY,بيراميدز,2022-2023 .. 2024-2025,4,Ali Gabr,,
EGY,بيراميدز,2022-2023 .. 2023-2024,4,B. Touré,Birama Touré,
EGY,بيراميدز,2022-2023 .. 2026-2027,4,Karim Hafez,,
EGY,بيراميدز,2026-2027,4,M. Lasheen,Mohanad Lasheen,
EGY,بيراميدز,2025-2026 .. 2026-2027,3,Ewerton,,
EGY,بيراميدز,2026-2027,3,A. El Shenawy,Ahmed El-Shenawy,
EGY,بيراميدز,2026-2027,3,M. Gad,Mahmoud Gad,
EGY,بيراميدز,2026-2027,3,M. Marei,Mahmoud Marei,
EGY,بيراميدز,2026-2027,3,O. Galal,Osama Galal,
EGY,بيراميدز,2026-2027,3,Otta,Ahmed Atef,
EGY,بيراميدز,2023-2024 .. 2026-2027,2,Mahmoud Marei,,
EGY,بيراميدز,2022-2023 .. 2023-2024,2,Mohamed Abdelmonem,,
EGY,بيراميدز,2022-2023 .. 2024-2025,2,Mohamed El Gabbas,,
EGY,بيراميدز,2022-2023 .. 2024-2025,2,Osama Galal,,
EGY,بيراميدز,2026-2027,2,A. Tawfik,Ahmed Tawfik | Akram Tawfik,
EGY,بيراميدز,2026-2027,2,D. El Gabas,Dodo El Gabas,
EGY,بيراميدز,2026-2027,2,E. El Askalany,Eiad El Askalany,
EGY,بيراميدز,2025-2026,1,A. Gabr,,
EGY,بيراميدز,2022-2023,1,Abdallah Magdy,,
EGY,بيراميدز,2022-2023,1,Ahmed Abdel Naby,,
EGY,بيراميدز,2023-2024,1,Ayman Ashraf,,
EGY,بيراميدز,2025-2026,1,I. Toure,,
EGY,بيراميدز,2023-2024,1,Mohamed Abdel Salam,,
EGY,بيراميدز,2022-2023,1,Mohammed Saleh,,
EGY,بيراميدز,2025-2026,1,O. Al Fakhouri,,
EGY,بيراميدز,2026-2027,1,N. Benbouali,Ahmed Nadhir Benbouali,
EGY,حرس الحدود,2025-2026 .. 2026-2027,19,M. Hamdi,Marwan Hamdi | Mohamed Hamdy Zaki,
EGY,حرس الحدود,2022-2023 .. 2026-2027,10,Mahmoud Mamdouh,,
EGY,حرس الحدود,2024-2025,4,Abdel Rahman Gouda,,
EGY,حرس الحدود,2022-2023 .. 2024-2025,4,Mohamed Ashraf Roqa,,
EGY,حرس الحدود,2025-2026,3,I. Abdelhakim,,
EGY,حرس الحدود,2025-2026,3,M. El Negely,,
EGY,حرس الحدود,2022-2023,3,Mostafa Gamal,,
EGY,حرس الحدود,2022-2023,2,Ahmed Felix,,
EGY,حرس الحدود,2025-2026 .. 2026-2027,2,I. Abou-Salima,Islam Abou-Salima,
EGY,حرس الحدود,2022-2023,2,Mahmoud Ramadan,,
EGY,حرس الحدود,2025-2026,1,A. Abid,,
EGY,حرس الحدود,2025-2026,1,A. El Sheikh,,
EGY,حرس الحدود,2025-2026,1,A. Nayel,,
EGY,حرس الحدود,2022-2023,1,E. David,,
EGY,حرس الحدود,2024-2025,1,Fawzi El Henawi,,
EGY,حرس الحدود,2022-2023,1,Ibrahim El Kadi,,
EGY,حرس الحدود,2022-2023,1,Islam Abdallah,,
EGY,حرس الحدود,2022-2023,1,Khaled Abdel Fattah,,
EGY,حرس الحدود,2024-2025,1,M. Karidioula,,
EGY,حرس الحدود,2022-2023,1,Mostafa Sobhi,,
EGY,زد,2022-2023 .. 2024-2025,23,Mostafa Zico,,
EGY,زد,2022-2023 .. 2026-2027,19,Shady Hussein,,
EGY,زد,2022-2023 .. 2026-2027,15,Abdelrahman El Banouby,,
EGY,زد,2025-2026 .. 2026-2027,13,A. Atef,Ahmed Atef,
EGY,زد,2025-2026 .. 2026-2027,11,Abdelrahman El Sakran,Abdelrahman El Banouby,
EGY,زد,2022-2023 .. 2024-2025,9,Mostafa Saad,,
EGY,زد,2025-2026 .. 2026-2027,8,M. Saber,Mahmoud Saber,
EGY,زد,2025-2026 .. 2026-2027,7,Mahmoud Sayed Okaa,Mahmoud Ouka,
EGY,زد,2025-2026 .. 2026-2027,7,R. Khalil,Rafaat Khalil,
EGY,زد,2025-2026 .. 2026-2027,6,Messi,Ahmed Adel | Ahmed Elkalamawy,
EGY,زد,2025-2026 .. 2026-2027,5,A. Bakri,Abdallah Bakri,
EGY,زد,2022-2023 .. 2026-2027,5,Ahmed El Sageery,Ahmed El-Saghiri,
EGY,زد,2025-2026 .. 2026-2027,5,M. Rabia,Mohamed Rabia,
EGY,زد,2026-2027,5,M. Ezz,Mohamed Ezz,
EGY,زد,2025-2026,4,M. Saad,Mostafa Saad,
EGY,زد,2023-2024,4,Mohamed Samir,,
EGY,زد,2026-2027,4,M. Hajij,Marwane Hajij,
EGY,زد,2024-2025 .. 2025-2026,3,M. Magassa,,
EGY,زد,2023-2024,3,Rafaat Khalil,,
EGY,زد,2026-2027,3,A. Gouda,Abdo Gouda,
EGY,زد,2026-2027,3,A. Lotfi,,
EGY,زد,2026-2027,3,F. Walid,Walid Farag,
EGY,زد,2026-2027,3,M. Bolbol,Mahmoud Bolbol Nabil | Mahmoud Nabil,
EGY,زد,2026-2027,3,M. Mazzika,Mohamed Mazzika,
EGY,زد,2026-2027,3,T. Alaa,Tarek Alaa,
EGY,زد,2026-2027,2,O. Khedr,Omar Khedr,
EGY,زد,2023-2024,1,Ahmed Atef Otta,,
EGY,زد,2024-2025,1,Ali Gamal,,
EGY,زد,2024-2025,1,Mostafa Ziko,,
EGY,زد,2023-2024,1,P. Mutumosi,,
EGY,زد,2026-2027,1,M. Mohamed,,
EGY,زد,2026-2027,1,Tarek Alaa,,
EGY,سموحة,2022-2023 .. 2026-2027,23,Hossam Hassan,,
EGY,سموحة,2022-2023 .. 2025-2026,15,B. Boateng,,
EGY,سموحة,2022-2023 .. 2024-2025,12,Fady Farid,,
EGY,سموحة,2024-2025 .. 2026-2027,11,P. Badji,Pape Badji,
EGY,سموحة,2024-2025 .. 2025-2026,8,S. Amadi,,
EGY,سموحة,2025-2026 .. 2026-2027,6,K. El Ghandour,Khaled El Ghandour,
EGY,سموحة,2025-2026 .. 2026-2027,5,A. Samadou,Samadou Attidjikou,
EGY,سموحة,2022-2023 .. 2023-2024,5,Amr Kalawa,,
EGY,سموحة,2022-2023 .. 2026-2027,5,Mohamed Essam,,
EGY,سموحة,2025-2026 .. 2026-2027,5,S. Fekri,,
EGY,سموحة,2025-2026 .. 2026-2027,4,A. Mayhoub,Ahmed Mayhoub,
EGY,سموحة,2022-2023,4,Hussein Faisal,,
EGY,سموحة,2025-2026 .. 2026-2027,4,M. Adel,Mohamed Adel,
EGY,سموحة,2023-2024 .. 2024-2025,4,Mostafa El Badry,,
EGY,سموحة,2023-2024,4,O. Ajayi,,
EGY,سموحة,2026-2027,4,A. Amer,Amer Mohamed,
EGY,سموحة,2026-2027,4,A. El Sisi,Amr El Sisi,
EGY,سموحة,2025-2026 .. 2026-2027,3,Abdel Rasoul Ahmed,Ahmed Abdelrasoul,
EGY,سموحة,2022-2023 .. 2026-2027,3,Ahmed Khaled,,
EGY,سموحة,2023-2024,2,A. Benkassou,,
EGY,سموحة,2023-2024 .. 2026-2027,2,Abdel Rahman Amer,,
EGY,سموحة,2022-2023 .. 2023-2024,2,Mahmoud Shabana,,
EGY,سموحة,2026-2027,2,H. Hafez,Hesham Hafez,
EGY,سموحة,2026-2027,2,H. Taimour,Hussein Taimor,
EGY,سموحة,2026-2027,2,M. Desouki,Mohamed Desouki,
EGY,سموحة,2026-2027,2,M. Samiae,,
EGY,سموحة,2022-2023,1,A. Sylla,,
EGY,سموحة,2022-2023,1,Ahmed Hakam,,
EGY,سموحة,2022-2023,1,Ahmed Mostafa,,
EGY,سموحة,2024-2025,1,D. Dokou,,
EGY,سموحة,2025-2026,1,H. Balaha,,
EGY,سموحة,2022-2023,1,M. Baayou,,
EGY,سموحة,2022-2023,1,Mahmoud Abdel Halim,,
EGY,سموحة,2022-2023,1,Mohamed El Sabahi,,
EGY,سموحة,2024-2025,1,Mohamed Rabia,,
EGY,سموحة,2026-2027,1,E. Nweke,Emmanuel Nweke,
EGY,سموحة,2026-2027,1,K. Mohamed,,
EGY,سموحة,2026-2027,1,Makarona,Mohamed Saeed,
EGY,سيراميكا كليوباترا,2022-2023 .. 2026-2027,22,Ahmed Yasser Rayan,,
EGY,سيراميكا كليوباترا,2022-2023 .. 2025-2026,19,S. Ougola,,
EGY,سيراميكا كليوباترا,2023-2024 .. 2026-2027,14,Mahmoud Zalaka,,
EGY,سيراميكا كليوباترا,2022-2023 .. 2024-2025,12,Islam Issa,,
EGY,سيراميكا كليوباترا,2022-2023 .. 2026-2027,12,Mohamed Reda,,
EGY,سيراميكا كليوباترا,2023-2024 .. 2024-2025,11,A. Kendouci,,
EGY,سيراميكا كليوباترا,2025-2026 .. 2026-2027,11,S. Awujoola,,
EGY,سيراميكا كليوباترا,2025-2026 .. 2026-2027,10,M. Otaka,Marwan Osman,
EGY,سيراميكا كليوباترا,2025-2026 .. 2026-2027,9,N. Gradisar,N. Gradišar | Nejc Gradišar,
EGY,سيراميكا كليوباترا,2025-2026 .. 2026-2027,8,A. Belhadji,,
EGY,سيراميكا كليوباترا,2022-2023 .. 2024-2025,7,Mohamed Ibrahim,,
EGY,سيراميكا كليوباترا,2022-2023 .. 2024-2025,7,Ragab Nabil,,
EGY,سيراميكا كليوباترا,2026-2027,6,Bobo,Mohamed Reda,
EGY,سيراميكا كليوباترا,2025-2026 .. 2026-2027,6,K. Amr,Amr Kalawa,
EGY,سيراميكا كليوباترا,2025-2026 .. 2026-2027,5,A. Mukka,Ayman Moka,
EGY,سيراميكا كليوباترا,2025-2026 .. 2026-2027,5,H. El Sayed,Hussein Al Sayed | Hussein Sayed,
EGY,سيراميكا كليوباترا,2025-2026 .. 2026-2027,4,A. El Solia,,
EGY,سيراميكا كليوباترا,2022-2023 .. 2026-2027,4,Ahmed Ramadan,,
EGY,سيراميكا كليوباترا,2023-2024 .. 2026-2027,4,J. Arthur,Arthur Justice,
EGY,سيراميكا كليوباترا,2022-2023 .. 2026-2027,4,Mohamed Adel,,
EGY,سيراميكا كليوباترا,2026-2027,4,M. El Maghraby,,
EGY,سيراميكا كليوباترا,2023-2024 .. 2024-2025,3,Marwan Osman,,
EGY,سيراميكا كليوباترا,2022-2023 .. 2023-2024,3,Mohamed Shokry,,
EGY,سيراميكا كليوباترا,2022-2023 .. 2023-2024,3,S. Touka,,
EGY,سيراميكا كليوباترا,2026-2027,3,A. Hany,Ahmed Hany,
EGY,سيراميكا كليوباترا,2026-2027,3,A. Magdy,Abdallah Magdy,
EGY,سيراميكا كليوباترا,2026-2027,3,F. El Henawy,Fawzi El Henawy,
EGY,سيراميكا كليوباترا,2026-2027,3,K. Al Nabris,Khaled Alnabrisi | Khalied Alnabrisi,
EGY,سيراميكا كليوباترا,2026-2027,3,M. Bassam,Mohamed Bassam,
EGY,سيراميكا كليوباترا,2026-2027,3,N. Ragab,,
EGY,سيراميكا كليوباترا,2023-2024 .. 2026-2027,2,Ahmed El Shimi,,
EGY,سيراميكا كليوباترا,2025-2026,2,I. Issa,,
EGY,سيراميكا كليوباترا,2023-2024 .. 2024-2025,2,Mahmoud El Gazzar,,
EGY,سيراميكا كليوباترا,2025-2026,2,R. Nabil,,
EGY,سيراميكا كليوباترا,2026-2027,2,Beckham,Ahmed Ramadan,
EGY,سيراميكا كليوباترا,2026-2027,2,I. Mohamed,Hema Mohamed,
EGY,سيراميكا كليوباترا,2026-2027,2,S. El Eraki,Samir El Eraki,
EGY,سيراميكا كليوباترا,2022-2023,1,Ahmed El Armouty,,
EGY,سيراميكا كليوباترا,2024-2025,1,Ayman Mukka,,
EGY,سيراميكا كليوباترا,2025-2026,1,M. Abdallah,,
EGY,سيراميكا كليوباترا,2025-2026,1,M. Y. Abouzra,,
EGY,سيراميكا كليوباترا,2023-2024,1,Mohamed Magdy Abdelfattah,,
EGY,سيراميكا كليوباترا,2023-2024,1,Nour Alaa El Din,,
EGY,سيراميكا كليوباترا,2025-2026,1,S. Samir,,
EGY,سيراميكا كليوباترا,2023-2024,1,Saad Samir,,
EGY,سيراميكا كليوباترا,2026-2027,1,Arthur Justice,,
EGY,سيراميكا كليوباترا,2026-2027,1,Hema Mohamed,,
EGY,سيراميكا كليوباترا,2026-2027,1,Hussein Sayed,,
EGY,سيراميكا كليوباترا,2026-2027,1,Samir El Eraki,,
EGY,طلائع الجيش,2023-2024 .. 2024-2025,12,G. Okwara,,
EGY,طلائع الجيش,2022-2023 .. 2024-2025,10,Karim Tarek,,
EGY,طلائع الجيش,2025-2026 .. 2026-2027,9,I. Mohareb,,
EGY,طلائع الجيش,2025-2026 .. 2026-2027,9,K. Tarek,,
EGY,طلائع الجيش,2025-2026 .. 2026-2027,8,M. Atef,Mohamed Atef,
EGY,طلائع الجيش,2025-2026 .. 2026-2027,7,F. Hatem,Fares Hatem,
EGY,طلائع الجيش,2026-2027,7,M. Hany,Mohamed Hany,
EGY,طلائع الجيش,2022-2023 .. 2026-2027,5,Ahmed Meteb,,
EGY,طلائع الجيش,2022-2023 .. 2024-2025,5,Ahmed Samir,,
EGY,طلائع الجيش,2025-2026,5,I. Ouro-Agoro,Ismail Ouro-Agoro,
EGY,طلائع الجيش,2022-2023 .. 2023-2024,5,Islam Mohareb,,
EGY,طلائع الجيش,2022-2023 .. 2024-2025,5,Mohamed Fathallah,,
EGY,طلائع الجيش,2023-2024 .. 2024-2025,5,Mohamed Hany,,
EGY,طلائع الجيش,2025-2026 .. 2026-2027,5,Y. Mostafa,Yehia Mostafa,
EGY,طلائع الجيش,2026-2027,4,A. Alaa,Ahmed Alaa Eldin,
EGY,طلائع الجيش,2025-2026,4,A. Tarek,Ahmed Tarek | Amro Tarek,
EGY,طلائع الجيش,2025-2026 .. 2026-2027,4,Khaled Ramadan,,
EGY,طلائع الجيش,2022-2023,4,Mahmoud Wadi,,
EGY,طلائع الجيش,2022-2023 .. 2023-2024,4,Omar El Said,,
EGY,طلائع الجيش,2023-2024 .. 2024-2025,4,Youssry Wahid,,
EGY,طلائع الجيش,2026-2027,4,A. Wahid,Ahmed Wahid,
EGY,طلائع الجيش,2026-2027,4,A. Zola,,
EGY,طلائع الجيش,2026-2027,4,K. Agbo,,
EGY,طلائع الجيش,2023-2024,3,Abdel Rahman Osama,,
EGY,طلائع الجيش,2022-2023,3,Khaled Kamar,,
EGY,طلائع الجيش,2022-2023 .. 2023-2024,3,P. Joules,,
EGY,طلائع الجيش,2026-2027,3,E. El Sayed,Emad El-Sayed,
EGY,طلائع الجيش,2026-2027,3,El Zoughbi,,
EGY,طلائع الجيش,2026-2027,3,H. El Gabry,Hamed Khaled El Gabry,
EGY,طلائع الجيش,2026-2027,3,K. Sotohi,Khaled Stouhi,
EGY,طلائع الجيش,2026-2027,3,M. Camacho,Mohamed Camacho,
EGY,طلائع الجيش,2026-2027,3,M. El Khawaga,Mostafa Khawaga,
EGY,طلائع الجيش,2026-2027,3,Ahmed Wahid,,
EGY,طلائع الجيش,2022-2023,2,Ahmed Ayman Mansour,,
EGY,طلائع الجيش,2024-2025 .. 2026-2027,2,Ali Hamdy,,
EGY,طلائع الجيش,2024-2025,2,Hamed Khaled,,
EGY,طلائع الجيش,2022-2023,2,Khaled Stouhi,,
EGY,طلائع الجيش,2022-2023 .. 2023-2024,2,M. Diawara,,
EGY,طلائع الجيش,2023-2024 .. 2026-2027,2,Mohamed Diab,,
EGY,طلائع الجيش,2024-2025,2,Ragab Omran,,
EGY,طلائع الجيش,2026-2027,2,O. Radwan,Omar Radwan,
EGY,طلائع الجيش,2026-2027,2,Omar Radwan,,
EGY,طلائع الجيش,2022-2023,1,Ahmed Abdel Rahman Zola,,
EGY,طلائع الجيش,2022-2023,1,Arabi Badr,,
EGY,طلائع الجيش,2024-2025,1,Emad Fathy,,
EGY,طلائع الجيش,2025-2026,1,G. Al Madadha,,
EGY,طلائع الجيش,2025-2026,1,H. Khaled,,
EGY,طلائع الجيش,2025-2026,1,H. Souissi,,
EGY,طلائع الجيش,2022-2023,1,Mostafa Khawaga,,
EGY,طلائع الجيش,2025-2026,1,R. Omran,,
EGY,طلائع الجيش,2026-2027,1,M. Magdy,,
EGY,طلائع الجيش,2026-2027,1,Amro Tarek,,
EGY,طلائع الجيش,2026-2027,1,Fares Hatem,,
EGY,طلائع الجيش,2026-2027,1,Yehia Mostafa,,
EGY,غزل المحلة,2022-2023 .. 2024-2025,15,Ahmed El Sheikh,,
EGY,غزل المحلة,2025-2026 .. 2026-2027,9,A. Shousha,Ahmed Shousha,
EGY,غزل المحلة,2025-2026 .. 2026-2027,9,M. Ashraf,,
EGY,غزل المحلة,2024-2025,9,M. Hammouda,,
EGY,غزل المحلة,2025-2026 .. 2026-2027,6,A. Yehia,,
EGY,غزل المحلة,2024-2025 .. 2026-2027,6,Hazem Mohamed,,
EGY,غزل المحلة,2025-2026 .. 2026-2027,5,Armoosha,Mohamed Armoosha,
EGY,غزل المحلة,2025-2026 .. 2026-2027,5,Y. Zakaria,Yehia Zakaria,
EGY,غزل المحلة,2024-2025 .. 2026-2027,4,Amr Gomaa,,
EGY,غزل المحلة,2022-2023,4,G. Ibitham,,
EGY,غزل المحلة,2025-2026,4,M. Salah,,
EGY,غزل المحلة,2026-2027,4,Hazem El Askry,,
EGY,غزل المحلة,2025-2026 .. 2026-2027,3,A. El Aash,Ahmed El Aash,
EGY,غزل المحلة,2025-2026 .. 2026-2027,3,A. Emad,Abdallah Emad | Abdel Rahman Emad,
EGY,غزل المحلة,2024-2025,3,Amr El Gazar,,
EGY,غزل المحلة,2026-2027,3,A. Shika,Abdel Rahman Shika,
EGY,غزل المحلة,2026-2027,3,M. Abdelsalam,Moaz Abdel Salam,
EGY,غزل المحلة,2025-2026,2,A. Amoory,,
EGY,غزل المحلة,2025-2026 .. 2026-2027,2,A. Etman,Ahmed Etman,
EGY,غزل المحلة,2022-2023,2,Abdel Rahman Atef,,
EGY,غزل المحلة,2022-2023,2,C. Ekpenyong,,
EGY,غزل المحلة,2025-2026,2,J. Mwanga,,
EGY,غزل المحلة,2022-2023,2,Moaz El-Henawy,,
EGY,غزل المحلة,2025-2026 .. 2026-2027,2,R. Arfaoui,Rached Arfaoui,
EGY,غزل المحلة,2026-2027,2,A. Gomaa,Amr Gomaa,
EGY,غزل المحلة,2026-2027,2,A. Rashdan,,
EGY,غزل المحلة,2026-2027,2,A. Sheta,Abdel Fattah Sheta,
EGY,غزل المحلة,2026-2027,2,Abdel Rahman Shika,,
EGY,غزل المحلة,2026-2027,2,Abdo Yehia,,
EGY,غزل المحلة,2026-2027,2,F. Nechat,Fares Nechat Djabri,
EGY,غزل المحلة,2026-2027,2,Kibou Saïdi,,
EGY,غزل المحلة,2026-2027,2,M. Toure,Mory Touré,
EGY,غزل المحلة,2026-2027,2,Moaz Abdel Salam,,
EGY,غزل المحلة,2026-2027,2,Mory Touré,,
EGY,غزل المحلة,2026-2027,2,S. Kibou,Kibou Saïdi,
EGY,غزل المحلة,2026-2027,2,Yehia Zakaria,,
EGY,غزل المحلة,2025-2026,1,A. Ineza,,
EGY,غزل المحلة,2024-2025,1,Abdelrahim Amoory,,
EGY,غزل المحلة,2024-2025,1,Abdelrahman Khaled Gebna,,
EGY,غزل المحلة,2022-2023,1,Ahmed El Nadry,,
EGY,غزل المحلة,2022-2023,1,I. Kone,,
EGY,غزل المحلة,2025-2026,1,K. Saidi,,
EGY,غزل المحلة,2025-2026,1,M. Grendo,,
EGY,غزل المحلة,2022-2023,1,Mahmoud Abou El Saoud,,
EGY,غزل المحلة,2024-2025,1,Mohamed Ashraf Fahmy,,
EGY,غزل المحلة,2022-2023,1,P. Voavy,,
EGY,غزل المحلة,2025-2026,1,S. Williams,,
EGY,غزل المحلة,2026-2027,1,A. El Nafarawy,,
EGY,غزل المحلة,2026-2027,1,A. Yasser,Ahmed Yasser,
EGY,غزل المحلة,2026-2027,1,Abdallah Emad,,
EGY,غزل المحلة,2026-2027,1,Abdel Fattah Sheta,,
EGY,غزل المحلة,2026-2027,1,Amer Mohamed,,
EGY,غزل المحلة,2026-2027,1,Bassam Walid,,
EGY,غزل المحلة,2026-2027,1,Fares Nechat Djabri,,
EGY,غزل المحلة,2026-2027,1,Koko,,
EGY,غزل المحلة,2026-2027,1,Mohamed Armoosha,,
EGY,غزل المحلة,2026-2027,1,Mohamed Koko,,
EGY,فاركو,2023-2024 .. 2024-2025,15,Amr Nasser,,
EGY,فاركو,2022-2023 .. 2024-2025,10,Ahmed Sherif,,
EGY,فاركو,2022-2023 .. 2023-2024,9,R. Hamroune,,
EGY,فاركو,2022-2023 .. 2024-2025,9,Shokry Naguib,,
EGY,فاركو,2022-2023 .. 2024-2025,7,Amr Gamal,,
EGY,فاركو,2022-2023 .. 2024-2025,5,Mahmoud Hamada,,
EGY,فاركو,2022-2023 .. 2023-2024,5,Saif Terry,,
EGY,فاركو,2023-2024 .. 2024-2025,5,Walid Farag,,
EGY,فاركو,2023-2024 .. 2025-2026,4,B. Ndiaye,,
EGY,فاركو,2022-2023 .. 2024-2025,3,Gaber Kamel,,
EGY,فاركو,2025-2026,3,K. El Tayeb,,
EGY,فاركو,2023-2024 .. 2024-2025,3,Mohamed Fakhry,,
EGY,فاركو,2022-2023 .. 2026-2027,2,Abdallah Bakri,,
EGY,فاركو,2022-2023 .. 2023-2024,2,Ahmed Fouad,,
EGY,فاركو,2024-2025,2,Mahmoud Gehad,,
EGY,فاركو,2022-2023,2,Rami Sabri,,
EGY,فاركو,2024-2025,2,Yassin Marei,,
EGY,فاركو,2024-2025,2,Z. El Moutaraji,,
EGY,فاركو,2024-2025,1,A. Ghouma,,
EGY,فاركو,2025-2026,1,A. Ndiay,,
EGY,فاركو,2025-2026,1,A. Shaaban,,
EGY,فاركو,2022-2023,1,Ali Baheeg,,
EGY,فاركو,2023-2024,1,Amr Moussa,,
EGY,فاركو,2025-2026,1,Halimo,,
EGY,فاركو,2023-2024,1,Jefferson Encada,,
EGY,فاركو,2022-2023,1,K. Sokari,,
EGY,فاركو,2025-2026,1,M. Farhat,,
EGY,فاركو,2024-2025,1,Mahmoud Emad,,
EGY,فاركو,2022-2023,1,Saif Thierry,,
EGY,فاركو,2025-2026,1,W. R. Medhat,,
EGY,فاركو,2024-2025,1,Yassin El Mallah,,
EGY,كهرباء الإسماعيلية,2025-2026 .. 2026-2027,12,A. Sulieman,Ali Sulieman,
EGY,كهرباء الإسماعيلية,2025-2026 .. 2026-2027,8,E. S. Shika M.,Mohamed Shika,
EGY,كهرباء الإسماعيلية,2025-2026,4,O. El Said,,
EGY,كهرباء الإسماعيلية,2025-2026,2,H. El Shazly,,
EGY,كهرباء الإسماعيلية,2025-2026,2,M. Ounajem,,
EGY,كهرباء الإسماعيلية,2025-2026,1,E. El Fayoumi,,
EGY,كهرباء الإسماعيلية,2025-2026,1,I. Abdelnaim,,
EGY,كهرباء الإسماعيلية,2025-2026,1,K. Yehia,,
EGY,منتخب السويس بتروجت,2025-2026 .. 2026-2027,14,A. Hamed,Adham Hamed,
EGY,منتخب السويس بتروجت,2025-2026 .. 2026-2027,11,B. Moussa,Badr Mousa,
EGY,منتخب السويس بتروجت,2025-2026 .. 2026-2027,7,A. Bahbah,Ahmed Bahbah,
EGY,منتخب السويس بتروجت,2023-2024 .. 2026-2027,7,G. Chukwudi,,
EGY,منتخب السويس بتروجت,2025-2026 .. 2026-2027,7,K. El Deeb,Karim El Deeb,
EGY,منتخب السويس بتروجت,2025-2026 .. 2026-2027,7,M. El Badry,Mostafa El-Badry,
EGY,منتخب السويس بتروجت,2025-2026 .. 2026-2027,6,G. Chika,Godwin Okwara,
EGY,منتخب السويس بتروجت,2024-2025,6,Rashad Metwally,,
EGY,منتخب السويس بتروجت,2026-2027,6,Mohamed Dodo,Mohamed Ibrahim Dodo,
EGY,منتخب السويس بتروجت,2023-2024 .. 2026-2027,5,A. Liadi,Abubakar Liday,
EGY,منتخب السويس بتروجت,2025-2026 .. 2026-2027,5,F. M. Kouablan,Freddy Kouablan,
EGY,منتخب السويس بتروجت,2026-2027,4,Y. Abdeltawab,Youssef Abdel-Tawab,
EGY,منتخب السويس بتروجت,2024-2025,3,I. Bamba,,
EGY,منتخب السويس بتروجت,2025-2026,3,S. Sonko,,
EGY,منتخب السويس بتروجت,2026-2027,3,A. Yassin,Ahmed Yassin,
EGY,منتخب السويس بتروجت,2026-2027,3,B. Haggag,Barakat Haggag,
EGY,منتخب السويس بتروجت,2026-2027,3,K. Sekgota,Kgaogelo Sekgota,
EGY,منتخب السويس بتروجت,2026-2027,3,M. Kenawi,Mahmoud Shedid Kenawi,
EGY,منتخب السويس بتروجت,2026-2027,3,M. Okasha,,
EGY,منتخب السويس بتروجت,2026-2027,3,O. Salah,Omar Salah,
EGY,منتخب السويس بتروجت,2024-2025,2,Ahmed Farouk,,
EGY,منتخب السويس بتروجت,2024-2025,2,Badr Moussa,,
EGY,منتخب السويس بتروجت,2024-2025,2,Hamed Hamdan,,
EGY,منتخب السويس بتروجت,2025-2026 .. 2026-2027,2,I. Abdallah,,
EGY,منتخب السويس بتروجت,2023-2024 .. 2024-2025,2,L. Emmanuel,,
EGY,منتخب السويس بتروجت,2024-2025,2,Mostafa El Gamal,,
EGY,منتخب السويس بتروجت,2026-2027,2,A. Hamawy,,
EGY,منتخب السويس بتروجت,2026-2027,2,M. Khalifa,,
EGY,منتخب السويس بتروجت,2026-2027,2,O. Diyaa,Omar Diyaa,
EGY,منتخب السويس بتروجت,2025-2026,1,A. Diabate,,
EGY,منتخب السويس بتروجت,2025-2026,1,A. Turay,,
EGY,منتخب السويس بتروجت,2024-2025,1,Hady Reyad,,
EGY,منتخب السويس بتروجت,2024-2025,1,Islam Hesham,,
EGY,منتخب السويس بتروجت,2024-2025,1,Khaled Abo Ziada,,
EGY,منتخب السويس بتروجت,2025-2026,1,M. El Gamal,,
EGY,منتخب السويس بتروجت,2025-2026,1,O. Reda,,
EGY,منتخب السويس بتروجت,2026-2027,1,A. El Beblawy,Ahmed El Beblawy,
EGY,منتخب السويس بتروجت,2026-2027,1,A. Ragab,Abdel Kafi Ragab,
EGY,منتخب السويس بتروجت,2026-2027,1,Adham Hamed,,
EGY,منتخب السويس بتروجت,2026-2027,1,Ahmed Bahbah,,
EGY,منتخب السويس بتروجت,2026-2027,1,Badr Mousa,,
EGY,مودرن سبورت,2022-2023 .. 2026-2027,16,Ahmed Atef,,
EGY,مودرن سبورت,2023-2024 .. 2026-2027,13,A. Eba,Arnold Eba,
EGY,مودرن سبورت,2022-2023 .. 2026-2027,12,Marwan Mohsen,,
EGY,مودرن سبورت,2022-2023 .. 2024-2025,11,A. El Ouadi,,
EGY,مودرن سبورت,2022-2023 .. 2025-2026,10,J. Ngwem,,
EGY,مودرن سبورت,2022-2023 .. 2023-2024,10,Omar Kamal,,
EGY,مودرن سبورت,2025-2026 .. 2026-2027,7,A. Youssef,Ahmed Youssef | Amgad Youssef,
EGY,مودرن سبورت,2025-2026 .. 2026-2027,6,G. Mohamed,Ghanam Mohamed,
EGY,مودرن سبورت,2025-2026 .. 2026-2027,5,A. Mostafa,Ahmed Mostafa,
EGY,مودرن سبورت,2022-2023 .. 2026-2027,5,Ghanam Mohamed,,
EGY,مودرن سبورت,2022-2023 .. 2026-2027,4,Ali Zaazaa,,
EGY,مودرن سبورت,2025-2026 .. 2026-2027,4,M. Mamdouh,Mahmoud Mamdouh,
EGY,مودرن سبورت,2023-2024 .. 2024-2025,4,Mahmoud Rezk,,
EGY,مودرن سبورت,2024-2025,4,Mohamed Mossad,,
EGY,مودرن سبورت,2024-2025 .. 2026-2027,4,Mohamed Sabry,,
EGY,مودرن سبورت,2023-2024 .. 2026-2027,4,Mohamed Sadek,,
EGY,مودرن سبورت,2026-2027,4,M. Ephson,,
EGY,مودرن سبورت,2026-2027,4,M. Mosaad,Mohamed Mossad | Mohammed Mossad,
EGY,مودرن سبورت,2022-2023,3,Bassem Ali,,
EGY,مودرن سبورت,2022-2023 .. 2023-2024,3,Mohamed Farouk,,
EGY,مودرن سبورت,2026-2027,3,M. Sabry,Mohamed Sabry,
EGY,مودرن سبورت,2026-2027,3,Tito,,
EGY,مودرن سبورت,2026-2027,3,W. Mostafa,Walid Mostafa,
EGY,مودرن سبورت,2025-2026 .. 2026-2027,2,A. Zaazaa,Ali Zaazaa,
EGY,مودرن سبورت,2024-2025 .. 2026-2027,2,Abdel Rahman Rashdan,,
EGY,مودرن سبورت,2023-2024,2,Ali Elfeel,,
EGY,مودرن سبورت,2025-2026 .. 2026-2027,2,El Wensh Mahmoud,Mahmoud Hamdi,
EGY,مودرن سبورت,2022-2023 .. 2023-2024,2,H. Barry,,
EGY,مودرن سبورت,2025-2026,2,H. Metwali,,
EGY,مودرن سبورت,2023-2024 .. 2026-2027,2,Khaled Reda,,
EGY,مودرن سبورت,2026-2027,2,A. R. Rizk,,
EGY,مودرن سبورت,2026-2027,2,H. Marcelo,Hamdi Marcelo,
EGY,مودرن سبورت,2026-2027,2,K. Reda,Khaled Reda,
EGY,مودرن سبورت,2026-2027,2,M. El Halawani,M. Halawani | Mahmoud El Halawani,
EGY,مودرن سبورت,2026-2027,2,M. El Zanfaly,Mahmoud El Zanfaly | Mahmoud El Zonfoly,
EGY,مودرن سبورت,2026-2027,2,Michael Ephson,M. Ephson,
EGY,مودرن سبورت,2026-2027,2,Mohammed Mossad,Mohamed Mossad,
EGY,مودرن سبورت,2026-2027,2,Sharkia,,
EGY,مودرن سبورت,2026-2027,2,Walid Mostafa,,
EGY,مودرن سبورت,2025-2026,1,A. Elfil,,
EGY,مودرن سبورت,2023-2024,1,A. Sfaxi,,
EGY,مودرن سبورت,2022-2023,1,Ahmed El Saadani,,
EGY,مودرن سبورت,2024-2025,1,F. Okenabirhie,,
EGY,مودرن سبورت,2022-2023,1,Karim Nedved,,
EGY,مودرن سبورت,2025-2026,1,M. Ahmed,,
EGY,مودرن سبورت,2022-2023,1,Mohanad Lasheen,,
EGY,مودرن سبورت,2025-2026,1,Y. Galal,,
EGY,مودرن سبورت,2026-2027,1,Arnold Eba,A. Eba,
EGY,مودرن سبورت,2026-2027,1,El Limby,,
EGY,مودرن سبورت,2026-2027,1,Hamdi Marcelo,,
EGY,مودرن سبورت,2026-2027,1,K. Kaboria,K. A. Kaboria,
EGY,مودرن سبورت,2026-2027,1,Mahmoud El Halawani,M. Halawani,
EGY,مودرن سبورت,2026-2027,1,Mahmoud El Zanfaly,Mahmoud El Zonfoly,
EGY,مودرن سبورت,2026-2027,1,Mohamed Ahmed Sharqieh,Mohamed Ahmed Sharkia,
EGY,مودرن سبورت,2026-2027,1,Mostafa Makhlouf,,
EGY,مودرن سبورت,2026-2027,1,Tarek Mohamed,,
EGY,مودرن سبورت,2026-2027,1,Y. Ali,,
EGY,وادي دجلة,2025-2026 .. 2026-2027,11,F. Boli,Franck Boli,
EGY,وادي دجلة,2025-2026 .. 2026-2027,7,M. Diasty,Mahmoud Diasty,
EGY,وادي دجلة,2025-2026 .. 2026-2027,5,A. Farouk,Ahmed Farouk,
EGY,وادي دجلة,2025-2026 .. 2026-2027,5,M. Ragab,,
EGY,وادي دجلة,2022-2023 .. 2026-2027,5,Mohamed Abdel Aati,,
EGY,وادي دجلة,2025-2026 .. 2026-2027,5,S. Teka,,
EGY,وادي دجلة,2025-2026 .. 2026-2027,4,A. El Shimi,Ahmed El Shimi,
EGY,وادي دجلة,2026-2027,4,Hamza Hassan,H. Hassan,
EGY,وادي دجلة,2025-2026 .. 2026-2027,4,Y. Oya,Youssef Oya,
EGY,وادي دجلة,2026-2027,4,A. Scholes,Ahmed Scholes,
EGY,وادي دجلة,2026-2027,4,M. Abdelaati,,
EGY,وادي دجلة,2025-2026,3,A. Hussein,Ali Hussein,
EGY,وادي دجلة,2025-2026 .. 2026-2027,3,I. El Bahnasi,Ibrahim El Bahnasi,
EGY,وادي دجلة,2025-2026 .. 2026-2027,3,M. Abdelrahim,Mohamed Abdelrahim,
EGY,وادي دجلة,2022-2023 .. 2026-2027,3,Mohamed Fathi,,
EGY,وادي دجلة,2026-2027,3,Seif Teka,,
EGY,وادي دجلة,2026-2027,3,Mahmoud Adel,A. Mahmoud,
EGY,وادي دجلة,2026-2027,3,O. Adly,Omar Adly,
EGY,وادي دجلة,2025-2026,2,D. Miskic,,
EGY,وادي دجلة,2025-2026,2,H. Mohamed,,
EGY,وادي دجلة,2026-2027,2,A. Hossam,Amr Hossam,
EGY,وادي دجلة,2026-2027,2,Mahmoud Diasty,,
EGY,وادي دجلة,2026-2027,2,Omar Adly,,
EGY,وادي دجلة,2026-2027,2,Ragab El Safi,Mohamed Ragab El Safi,
EGY,وادي دجلة,2026-2027,2,Riga,Mohamed Ragab El Safi | Ragab El Safi,
EGY,وادي دجلة,2025-2026,1,H. Mansour,,
EGY,وادي دجلة,2026-2027,1,A. Aziz,,
EGY,وادي دجلة,2026-2027,1,A. Dahroug,Ahmed Dahroug,
EGY,وادي دجلة,2026-2027,1,A. Refaat,,
EGY,وادي دجلة,2026-2027,1,Ahmed Dahroug,,
EGY,وادي دجلة,2026-2027,1,Ahmed Scholes,,
EGY,وادي دجلة,2026-2027,1,Amr Hossam,,
EGY,وادي دجلة,2026-2027,1,Franck Boli,F. Boli,
EGY,وادي دجلة,2026-2027,1,M. Said,Mohamed Juhayna,
EGY,وادي دجلة,2026-2027,1,Mohamed Abdelrahim,,
EGY,وادي دجلة,2026-2027,1,Mohamed Juhayna,,
EGY,وادي دجلة,2026-2027,1,S. Maher,Shady Maher,
EGY,وادي دجلة,2026-2027,1,Shady Maher,,
EGY,وادي دجلة,2026-2027,1,Z. Seyam,Ziad Seyam,
EGY,وادي دجلة,2026-2027,1,Ziad Seyam,Z. Seyam,
EGY,وادي دجلة,2026-2027,1,Ahmed Ayman,,
SAU,أبها,2022-2023,10,S. Bguir,,
SAU,أبها,2022-2023,8,Sari Amro,,
SAU,أبها,2022-2023,7,Zakaria Al-Sudani,,
SAU,أبها,2022-2023,5,D. Saddiki,,
SAU,أبها,2022-2023,4,Abdulfattah Adam Mohammed,,
SAU,أبها,2022-2023,4,Abdullah Al-Zoari,,
SAU,أبها,2022-2023,4,Amine Attouchi,,
SAU,أبها,2022-2023,4,Uroš Matić,,
SAU,أبها,2022-2023,3,Dries Saddiki,,
SAU,أبها,2022-2023,3,Fahad Al Jumayah,,
SAU,أبها,2022-2023,3,Felipe Caicedo,,
SAU,أبها,2022-2023,2,Luis Miquissone,,
SAU,أبها,2022-2023,2,Saleh Al Amri,Saleh Al-Amri,
SAU,أبها,2022-2023,1,Hassan Al Qaid,,
SAU,أبها,2022-2023,1,Hassan Al Qayd,,
SAU,أبها,2022-2023,1,Nasser Al-Omran,,
SAU,أبها,2022-2023,1,Sari Amr,,
SAU,أبها,2022-2023,1,T. Meziani,,
SAU,أبها,2022-2023,1,Tayeb Meziani,,
SAU,الأهلي,2026-2027,2,I. Toney,Ivan Toney,
SAU,الأهلي,2026-2027,2,Ibanez,Roger Ibañez,
SAU,الأهلي,2026-2027,1,N. Masoud,,
SAU,الأهلي,2026-2027,1,S. Abu Al Shamat,Saleh Aboulshamat | Saleh Abu Al-Shamat | Waheb Saleh,
SAU,الاتحاد,2022-2023,5,A. Hamed Allah,,
SAU,الاتحاد,2022-2023,5,Abderrazak Hamdallah,,
SAU,الاتحاد,2022-2023,4,Hamdan Al-Shamrani,,
SAU,الاتحاد,2022-2023,1,Abdulaziz Al-Bishi,,
SAU,الاتحاد,2022-2023,1,Muhannad Alshanqeeti,,
SAU,الاتفاق,2022-2023,6,D. Velkovski,,
SAU,الاتفاق,2022-2023,4,Berat Ayberk Özdemir,,
SAU,الاتفاق,2022-2023,4,Robin Quaison,,
SAU,الاتفاق,2022-2023,3,Ali Hazazi,,
SAU,الاتفاق,2022-2023,2,Darko Velkovski,,
SAU,الاتفاق,2022-2023,2,Marcel Tisserand,,
SAU,الاتفاق,2022-2023,2,Saad Al Mosa,,
SAU,الاتفاق,2022-2023,1,A. Oumar,,
SAU,الاتفاق,2022-2023,1,Abdulrahman Al-Obaid,,
SAU,الاتفاق,2022-2023,1,Ahmed Alghamdi,,
SAU,الاتفاق,2022-2023,1,Hamed Alghamdi,,
SAU,الباطن,2022-2023,9,Mohammed Bassam Alhurayji,,
SAU,الباطن,2022-2023,8,Nawaf Al Sehimai,,
SAU,الباطن,2022-2023,7,Yahya Al Qarani,,
SAU,الباطن,2022-2023,6,M. Salifu,,
SAU,الباطن,2022-2023,6,Bader Alhwidy Alshammary,,
SAU,الباطن,2022-2023,6,Othman Awad,,
SAU,الباطن,2022-2023,5,Martín Campaña,,
SAU,الباطن,2022-2023,5,Yahya Al-Qarani,,
SAU,الباطن,2022-2023,4,Maurício Antônio,,
SAU,الباطن,2022-2023,4,Mohammed Bassam Al Hurayji,,
SAU,الباطن,2022-2023,4,Saqr Al Enazi,,
SAU,الباطن,2022-2023,3,Mohammed Fraih Al Shammari,,
SAU,الباطن,2022-2023,3,Mudasiru Salifu,,
SAU,الباطن,2022-2023,2,Abdul Al Jumaili,,
SAU,الباطن,2022-2023,2,Abdullah Al Burayh,,
SAU,الباطن,2022-2023,2,André Bukia,,
SAU,الباطن,2022-2023,2,Andrés Roa,,
SAU,الباطن,2022-2023,2,Nawaf Al-Sehimai,,
SAU,الباطن,2022-2023,2,Saqr Al-Enazi,,
SAU,الباطن,2022-2023,1,Abdulkareem Al Muzayl,,
SAU,الباطن,2022-2023,1,Abdulrahman Saad Al Dhafiri,,
SAU,الباطن,2022-2023,1,Hasan Gazwani,,
SAU,الباطن,2022-2023,1,Meshaal Huriss,,
SAU,الباطن,2022-2023,1,Mohammed Alshammari,,
SAU,الباطن,2022-2023,1,R. López,,
SAU,الباطن,2022-2023,1,T. Peyre,,
SAU,الباطن,2022-2023,1,Thibault Peyre,,
SAU,التعاون,2022-2023,14,Saad Al Nasser,,
SAU,التعاون,2022-2023,8,Léandre Tawamba,,
SAU,التعاون,2022-2023,6,Sumaihan Al-Nabet,,
SAU,التعاون,2022-2023,5,Saad Yaslam,,
SAU,التعاون,2022-2023,5,Tareq Abdullah A Mohammed,,
SAU,التعاون,2022-2023,4,Fahad Ayed Al-Rashidi,,
SAU,التعاون,2022-2023,4,Faisal Darwish,,
SAU,التعاون,2022-2023,4,Sulaiman Hazazi,,
SAU,التعاون,2022-2023,4,Tariq Mohammed,,
SAU,التعاون,2022-2023,3,Awn Al Slaluli,,
SAU,التعاون,2022-2023,3,Turki Al-Mutairi,,
SAU,التعاون,2022-2023,1,Hassan Al-Amri,,
SAU,التعاون,2022-2023,1,Hazazi Yahya,,
SAU,التعاون,2022-2023,1,Mohamed Al-Ghamdi,,
SAU,التعاون,2022-2023,1,Nawaf Al Subhi,,
SAU,الخليج,2022-2023,5,Ayman Al Hujaili,,
SAU,الخليج,2022-2023,5,Khaled Al-Semeiry,,
SAU,الخليج,2022-2023,4,Hani Al-Sebyani,,
SAU,الخليج,2022-2023,4,Hazim Al Zahrani,,
SAU,الخليج,2022-2023,4,Omar Al-Aowda,,
SAU,الخليج,2022-2023,3,Izuchukwu Jude Anthony,,
SAU,الخليج,2022-2023,3,Sokol Cikalleshi,,
SAU,الخليج,2022-2023,2,Abdullah Alshenqiti,,
SAU,الخليج,2022-2023,2,Malek Al Darwish,,
SAU,الخليج,2022-2023,2,Mohamed Al Sahli,,
SAU,الخليج,2022-2023,1,Abdullah Al Harbi,,
SAU,الخليج,2022-2023,1,André Poko,,
SAU,الخليج,2022-2023,1,Brayan Riascos,,
SAU,الخليج,2022-2023,1,Hani Al Sebyani,,
SAU,الخليج,2022-2023,1,I. Anthony,,
SAU,الخليج,2022-2023,1,Mohamed Al-Sahli,,
SAU,الخليج,2022-2023,1,Mohammed Al Sahli,,
SAU,الخليج,2022-2023,1,Omar Al Owdah,,
SAU,الخليج,2022-2023,1,Riad Al Ibrahim,,
SAU,الرائد,2022-2023,6,Abdulaziz Al Jebreen,,
SAU,الرائد,2022-2023,6,Alexandru Mitriță,,
SAU,الرائد,2022-2023,4,Awad Al Faraj,,
SAU,الرائد,2022-2023,4,Awdh Faraj,,
SAU,الرائد,2022-2023,3,Mohammed Al Dossary,,
SAU,الرائد,2022-2023,2,Abdulmalek Al Shammary,,
SAU,الرائد,2022-2023,2,Naif Hazazi,,
SAU,الرائد,2022-2023,2,Renê Santos,,
SAU,الرائد,2022-2023,1,Abdulmalek Al-Shammary,,
SAU,الرائد,2022-2023,1,Abdulmohsen Al-Qahtani,,
SAU,الرائد,2022-2023,1,Damjan Đoković,,
SAU,الرائد,2022-2023,1,Khalid Al Khathlan,,
SAU,الرائد,2022-2023,1,Mubarak Abdul Rahman Al Rajeh,,
SAU,الرائد,2022-2023,1,Pablo,,
SAU,الرائد,2022-2023,1,Silviu Lung Jr.,,
SAU,الشباب,2022-2023,6,Cristian Guanca,,
SAU,الشباب,2022-2023,6,Fawaz Al Saqour,,
SAU,الشباب,2022-2023,4,Fawaz Al-Sagour,,
SAU,الشباب,2022-2023,4,É. Banega,,
SAU,الشباب,2022-2023,2,Aaron-Salem Boupendza,,
SAU,الشباب,2022-2023,1,Carlos Junior,,
SAU,الشباب,2022-2023,1,Hussain Alsebyani,,
SAU,الشباب,2022-2023,1,Khalid Al Ghamdi,,
SAU,الشباب,2022-2023,1,Nader Abdullah Al Sharari,,
SAU,الشباب,2022-2023,1,Seung-gyu Kim,,
SAU,الطائي,2022-2023,9,A. Sayoud,,
SAU,الطائي,2022-2023,7,Collins Fai,,
SAU,الطائي,2022-2023,6,C. Fai,,
SAU,الطائي,2022-2023,6,K. Musona,,
SAU,الطائي,2022-2023,4,Ali Mukhtar,,
SAU,الطائي,2022-2023,3,Adrián Martínez,,
SAU,الطائي,2022-2023,3,Hassan Al-Jubairi,,
SAU,الطائي,2022-2023,2,A. Martínez,,
SAU,الطائي,2022-2023,2,Guy Mbenza,,
SAU,الطائي,2022-2023,1,Abdul Muhsen Fallatah,,
SAU,الطائي,2022-2023,1,Abdullah Al-Jawaey,,
SAU,الطائي,2022-2023,1,Fahad Al-Johani,,
SAU,الطائي,2022-2023,1,Mohammed Harzan Mohsen,,
SAU,العدالة,2022-2023,10,Fahd Mohammed Al-Harbi,,
SAU,العدالة,2022-2023,8,Khalid Hamdi,,
SAU,العدالة,2022-2023,7,Khalid Hamithi,,
SAU,العدالة,2022-2023,6,Abdularahman Al Hurib,,
SAU,العدالة,2022-2023,6,Abdulaziz Al Jamman,,
SAU,العدالة,2022-2023,6,Edson,,
SAU,العدالة,2022-2023,5,Ahmad Al-Sultan,,
SAU,العدالة,2022-2023,4,Arif Al-Haydar,,
SAU,العدالة,2022-2023,4,Boris Godál,,
SAU,العدالة,2022-2023,4,Christofer Gonzáles,,
SAU,العدالة,2022-2023,4,Murtadha Al Burayh,,
SAU,العدالة,2022-2023,4,Nasser Al Abdali,,
SAU,العدالة,2022-2023,4,Reinaldo Lenis,,
SAU,العدالة,2022-2023,3,Abdularahman Al Hurayb,,
SAU,العدالة,2022-2023,3,Abdulaziz Al-Alawi,,
SAU,العدالة,2022-2023,3,Ali Al-Salem,,
SAU,العدالة,2022-2023,3,Hassan Al-Habib,,
SAU,العدالة,2022-2023,3,Murtadh Al-Barrih,,
SAU,العدالة,2022-2023,3,Waleed Al Shanqiti,,
SAU,العدالة,2022-2023,2,Abdulaziz Al Alawi,,
SAU,العدالة,2022-2023,2,Abdulaziz Aljamman,,
SAU,العدالة,2022-2023,2,Abdullah Al Yousef,,
SAU,العدالة,2022-2023,2,Hussain Alnattar,,
SAU,العدالة,2022-2023,2,Lautaro Palacios,,
SAU,العدالة,2022-2023,2,M. Angha,,
SAU,العدالة,2022-2023,2,Nasser Al-Abdali,,
SAU,العدالة,2022-2023,2,Édson,,
SAU,العدالة,2022-2023,1,Abdullah Alhdheriti,,
SAU,العدالة,2022-2023,1,Ahmed Al Sultan,,
SAU,العدالة,2022-2023,1,David Tijanič,,
SAU,العدالة,2022-2023,1,Khaled Al Hamdhi,,
SAU,العدالة,2022-2023,1,Marcus Antonsson,,
SAU,العدالة,2022-2023,1,Mikael Dyrestam,,
SAU,العدالة,2022-2023,1,Nawaf Al-Sabhi,,
SAU,الفتح,2022-2023,5,Amaar Al Dohaim,,
SAU,الفتح,2022-2023,5,Mohammed Al-Fuhaid,,
SAU,الفتح,2022-2023,4,C. Cueva,,
SAU,الفتح,2022-2023,4,T. Dingomé,,
SAU,الفتح,2022-2023,3,Qasim Al-Oujami,,
SAU,الفتح,2022-2023,2,A. Valera,,
SAU,الفتح,2022-2023,2,Ammar Al Duhaim,,
SAU,الفتح,2022-2023,2,Ayman Al-Khulaif,,
SAU,الفتح,2022-2023,2,Housain Al Moqahwi,,
SAU,الفتح,2022-2023,1,Ali Alzubaidi,,
SAU,الفتح,2022-2023,1,Ali Salah Al Jassem,,
SAU,الفتح,2022-2023,1,Hassan Al Salis,,
SAU,الفتح,2022-2023,1,Nooh Al Mousa,,
SAU,الفتح,2022-2023,1,Nouh Al-Mousa,,
SAU,الفيحاء,2022-2023,6,Bandar Al Mutairi,,
SAU,الفيحاء,2022-2023,5,Vladimir Stojković,,
SAU,الفيحاء,2022-2023,4,Victor Ruiz,,
SAU,الفيحاء,2022-2023,3,Anthony Nwakaeme,,
SAU,الفيحاء,2022-2023,3,Hussain Al-Showaish,,
SAU,الفيحاء,2022-2023,3,Sami Al-Khaibary,,
SAU,الفيحاء,2022-2023,3,Saud Zidan,,
SAU,الفيحاء,2022-2023,2,Abdulrahman Al Safri,,
SAU,الفيحاء,2022-2023,2,Milan Pavkov,,
SAU,الفيحاء,2022-2023,1,Abdullah Al Shamekh,,
SAU,الفيحاء,2022-2023,1,Ali Al Nemer,,
SAU,النصر,2022-2023,6,Abdullah Alkhaibari,,
SAU,النصر,2022-2023,6,Ali Lajami,,
SAU,النصر,2022-2023,5,J. Masharipov,,
SAU,النصر,2022-2023,4,Abdulmajeed Al-Sulaiheem,,
SAU,النصر,2022-2023,3,G. Martínez,,
SAU,النصر,2022-2023,3,Ghislain Konan,,
SAU,النصر,2022-2023,3,Sultan Al-Ghannam,,
SAU,النصر,2022-2023,3,Talisca,,
SAU,النصر,2022-2023,1,Gonzalo Martinez,,
SAU,النصر,2022-2023,1,Jaloliddin Masharipov,,
SAU,النصر,2022-2023,1,Nawaf Al-Aqidi,,
SAU,النصر,2022-2023,1,P. Martínez,,
SAU,النصر,2022-2023,1,Vincent Aboubakar,,
SAU,الهلال,2022-2023,11,O. Ighalo,,
SAU,الهلال,2022-2023,9,Gustavo Cuéllar,,
SAU,الهلال,2022-2023 .. 2023-2024,6,Moussa Marega,,
SAU,الهلال,2022-2023,4,Ali Al-Boleahi,,
SAU,الهلال,2022-2023,4,Hyun Soo Jang,,
SAU,الهلال,2022-2023,4,Khalifah Aldawsari,,
SAU,الهلال,2026-2027,3,M. Meite,Mohamed Kader Meite,
SAU,الهلال,2022-2023,3,Abdullah Al Hamdan,,
SAU,الهلال,2022-2023,3,Abdullah Al-Hamddan,,
SAU,الهلال,2026-2027,2,O. Watkins,,
SAU,الهلال,2026-2027,2,S. Mandash,Sultan Mandash,
SAU,الهلال,2022-2023,2,André Carrillo,,
SAU,الهلال,2022-2023,2,Luciano Vietto,,
SAU,الهلال,2022-2023,2,Mohammed Al-Burayk,,
SAU,الهلال,2026-2027,1,C. Summerville,Crysencio Summerville,
SAU,الهلال,2026-2027,1,H. Tambakti,Hassan Al Tambakti | Hassan Altambakti,
SAU,الهلال,2022-2023,1,Habib Al-Wutaian,,
SAU,الهلال,2022-2023,1,Mohammed Al-Qahtani,,
SAU,الهلال,2022-2023,1,Nasser Hadhood,,
SAU,الهلال,2026-2027,1,S. Inzaghi,,
SAU,الوحدة,2022-2023,4,Abdullah Bukhari,,
SAU,الوحدة,2022-2023,4,Alberto Botía,,
SAU,الوحدة,2022-2023,4,Karim Yoda,,
SAU,الوحدة,2022-2023,3,Gerson Rodrigues,,
SAU,الوحدة,2022-2023,3,Hawsawi Islam Ahmed,,
SAU,الوحدة,2022-2023,2,F. Fajr,,
SAU,الوحدة,2022-2023,2,Hazzaa Ahmed Al-Ghamdi,,
SAU,الوحدة,2022-2023,2,Hazzaa Al-Ghamdi,,
SAU,الوحدة,2022-2023,2,Jean-David Beauguel,,
SAU,الوحدة,2022-2023,2,Sultan Al-Sawadi,,
SAU,الوحدة,2022-2023,2,Yousef Alharbi,,
SAU,الوحدة,2022-2023,1,Noor Al-Rashidi,,
SAU,الوحدة,2022-2023,1,Wadhah Alotaibi,,
SAU,ضمك,2022-2023,6,Abdelkader Bedrane,,
SAU,ضمك,2022-2023,6,Adam Maher,,
SAU,ضمك,2022-2023,5,Ibrahim Alnakhli,,
SAU,ضمك,2022-2023,4,Abdulelah Alshamary,,
SAU,ضمك,2022-2023,4,El Arbi Hillel Soudani,,
SAU,ضمك,2022-2023,4,Hassan Alshammrani,,
SAU,ضمك,2022-2023,2,Abdulaziz Al-Shahrani,,
SAU,ضمك,2022-2023,2,Abdullah Al-Amar,,
SAU,ضمك,2022-2023,1,Mohanad Al Najai,,
SAU,ضمك,2022-2023,1,Rian Mansour,,
SAU,ضمك,2022-2023,1,Waleed Hizam,,
UAE,اتحاد كلباء,2022-2023 .. 2026-2027,162,Leandro Spadacio,Leandro Leite,
UAE,اتحاد كلباء,2022-2023 .. 2025-2026,144,D. Bessa,Daniel Bessa,
UAE,اتحاد كلباء,2022-2023 .. 2026-2027,101,Caio Eduardo,,
UAE,اتحاد كلباء,2022-2023 .. 2024-2025,99,Waleed Al Mahrezi,Waleed Rashid,
UAE,اتحاد كلباء,2022-2023 .. 2024-2025,97,Habib Al Fardan,Habib Al-Fardan,
UAE,اتحاد كلباء,2024-2025 .. 2025-2026,90,S. Moghanlou,Shahriar Moghanlou,
UAE,اتحاد كلباء,2022-2023 .. 2024-2025,89,Khalid Al Darmaki,,
UAE,اتحاد كلباء,2022-2023 .. 2024-2025,87,Salem Rashid,,
UAE,اتحاد كلباء,2022-2023 .. 2024-2025,84,Ahmed Al Naqbi,,
UAE,اتحاد كلباء,2022-2023 .. 2024-2025,79,Yaser Al Blooshi,Yaser Al-Blooshi | Yaser Alblooshi | Yaser Hassan Mohamed Hassan Ali Alblooshi,
UAE,اتحاد كلباء,2024-2025 .. 2026-2027,78,S. Ghoddos,Saman Ghoddos,
UAE,اتحاد كلباء,2022-2023 .. 2024-2025,77,Abdul Sallam Mohameed,Abdul Salam Mohammed,
UAE,اتحاد كلباء,2022-2023 .. 2024-2025,75,Abdulaziz Al Hamhami,Abdulaziz Al-Hamhami,
UAE,اتحاد كلباء,2022-2023 .. 2024-2025,74,Mohammad Subil,,
UAE,اتحاد كلباء,2022-2023 .. 2024-2025,71,Gustavo,,
UAE,اتحاد كلباء,2022-2023 .. 2024-2025,69,Sultan Alzaabi,,
UAE,اتحاد كلباء,2022-2023 .. 2024-2025,67,Eisa Houti,,
UAE,اتحاد كلباء,2023-2024 .. 2025-2026,67,M. Ghayedi,M. Ghaedi | Mehdi Ghayedi,
UAE,اتحاد كلباء,2022-2023 .. 2024-2025,65,F. Kiss,Filip Kiss,
UAE,اتحاد كلباء,2022-2023 .. 2024-2025,63,B. Ramírez,Brian Ramírez,
UAE,اتحاد كلباء,2024-2025 .. 2026-2027,62,R. Alivoda,Rejan Alivoda,
UAE,اتحاد كلباء,2022-2023 .. 2024-2025,49,Hamad Almansoori,,
UAE,اتحاد كلباء,2023-2024 .. 2024-2025,45,Michel,Michel Dreifke,
UAE,اتحاد كلباء,2022-2023,43,A. Cicâldău,,
UAE,اتحاد كلباء,2025-2026 .. 2026-2027,43,N. Jovic,Nemanja Jović,
UAE,اتحاد كلباء,2023-2024,41,A. Vombergar,Andrés Vombergar,
UAE,اتحاد كلباء,2022-2023 .. 2024-2025,41,Sultan Al Mantheri,,
UAE,اتحاد كلباء,2024-2025 .. 2026-2027,40,A. Nourollahi,Ahmad Nourollahi,
UAE,اتحاد كلباء,2023-2024 .. 2026-2027,39,S. Rashid,,
UAE,اتحاد كلباء,2022-2023 .. 2023-2024,38,Khalid Alzari,Khalid Al Rezzi,
UAE,اتحاد كلباء,2025-2026 .. 2026-2027,37,A. Abunamous,Ahmed Abunamous,
UAE,اتحاد كلباء,2025-2026 .. 2026-2027,37,R. Rivas,Renné Rivas,
UAE,اتحاد كلباء,2023-2024 .. 2025-2026,37,Sultan Adil,Sultan Adill,
UAE,اتحاد كلباء,2022-2023 .. 2026-2027,37,W. Rashid,Waleed Rashid,
UAE,اتحاد كلباء,2022-2023 .. 2026-2027,32,A. Salmeen,,
UAE,اتحاد كلباء,2022-2023,31,A. Diaby,,
UAE,اتحاد كلباء,2025-2026 .. 2026-2027,31,Y. Al Blooshi,,
UAE,اتحاد كلباء,2025-2026 .. 2026-2027,31,H. Al Mansoori,Hamad Almansoori,
UAE,اتحاد كلباء,2025-2026 .. 2026-2027,30,A. Samdaliri,Amirhossein Samdaliri,
UAE,اتحاد كلباء,2024-2025 .. 2026-2027,30,S. Al Mantheri,,
UAE,اتحاد كلباء,2022-2023,28,Igor Rossi,,
UAE,اتحاد كلباء,2024-2025 .. 2025-2026,27,K. Koffi,Kouadjo Koffi,
UAE,اتحاد كلباء,2025-2026,26,M. Blazic,Miha Blažič,
UAE,اتحاد كلباء,2022-2023 .. 2023-2024,25,Sultan Adill Alamiri,Sultan Adil | Sultan Adill,
UAE,اتحاد كلباء,2024-2025,25,M. Blažič,Miha Blažič,
UAE,اتحاد كلباء,2025-2026,24,A. Al Hamhami,,
UAE,اتحاد كلباء,2024-2025,23,Hamad Al Mansoori,Hamad Almansoori,
UAE,اتحاد كلباء,2022-2023 .. 2024-2025,23,Mohmed Ali,Mohammed Ali,
UAE,اتحاد كلباء,2022-2023 .. 2025-2026,23,Salim Rashid Obaid,,
UAE,اتحاد كلباء,2025-2026 .. 2026-2027,22,K. Al Darmaki,,
UAE,اتحاد كلباء,2022-2023 .. 2024-2025,20,Fahad Barout,Fahad Albaroudi,
UAE,اتحاد كلباء,2022-2023,20,Mohamed Abdul Rahman Al Mazmi,Mohamed Abdelrahman Ibrahim,
UAE,اتحاد كلباء,2024-2025,16,Khaled Al Asbahi,Khaled Ali Al Asbahi,
UAE,اتحاد كلباء,2025-2026,14,M. Sabeel,,
UAE,اتحاد كلباء,2023-2024 .. 2024-2025,14,Saif Yousif,,
UAE,اتحاد كلباء,2022-2023 .. 2024-2025,14,Abdulaziz Al-Hamhami,,
UAE,اتحاد كلباء,2022-2023 .. 2024-2025,14,Filip Kiss,,
UAE,اتحاد كلباء,2023-2024 .. 2025-2026,14,Mehdi Ghayedi,,
UAE,اتحاد كلباء,2025-2026,13,A. Maxso,Andreas Maxsø,
UAE,اتحاد كلباء,2022-2023 .. 2024-2025,12,Daniel Bessa,,
UAE,اتحاد كلباء,2022-2023,11,Dudu,,
UAE,اتحاد كلباء,2025-2026,11,M. Mohebi,Mohammad Mohebi,
UAE,اتحاد كلباء,2023-2024,11,Wallace,,
UAE,اتحاد كلباء,2025-2026,10,E. Khalfan,Eisa Khalfan,
UAE,اتحاد كلباء,2025-2026 .. 2026-2027,9,Carlos Alberto,,
UAE,اتحاد كلباء,2025-2026,9,O. Al Hamaidah,Obada Al Hamaidah,
UAE,اتحاد كلباء,2023-2024,9,Omar Al Antali,,
UAE,اتحاد كلباء,2025-2026 .. 2026-2027,9,S. Yousif,,
UAE,اتحاد كلباء,2025-2026,8,A. Salmin,,
UAE,اتحاد كلباء,2023-2024 .. 2024-2025,8,Mohamed Sabeel Obeid,,
UAE,اتحاد كلباء,2024-2025 .. 2025-2026,8,Shahriar Moghanlou,,
UAE,اتحاد كلباء,2022-2023 .. 2025-2026,7,Waleed Rashid,,
UAE,اتحاد كلباء,2025-2026,6,A. Alnaqbi,,
UAE,اتحاد كلباء,2022-2023,6,Adeel Al Chadli,,
UAE,اتحاد كلباء,2024-2025 .. 2026-2027,6,I. Cisse,Ibrahim Cissé,
UAE,اتحاد كلباء,2024-2025 .. 2025-2026,6,Saman Ghoddos,,
UAE,اتحاد كلباء,2023-2024 .. 2025-2026,5,Leandro Leite,,
UAE,اتحاد كلباء,2024-2025 .. 2025-2026,5,Miha Blažič,,
UAE,اتحاد كلباء,2026-2027,4,A. Vergaz,,
UAE,اتحاد كلباء,2024-2025,4,N. Jović,Nemanja Jović,
UAE,اتحاد كلباء,2025-2026,4,S. Alzaabi,,
UAE,اتحاد كلباء,2023-2024 .. 2024-2025,4,Saif Obaid,,
UAE,اتحاد كلباء,2023-2024,4,Abdul Salam Mohammed,,
UAE,اتحاد كلباء,2022-2023 .. 2024-2025,4,Habib Al-Fardan,,
UAE,اتحاد كلباء,2023-2024,4,Sultan Adill,,
UAE,اتحاد كلباء,2022-2023 .. 2025-2026,4,Zackariah Mohammed,,
UAE,اتحاد كلباء,2024-2025,3,Abdalla Faisal,,
UAE,اتحاد كلباء,2023-2024,3,Ivanildo Fernandes,,
UAE,اتحاد كلباء,2023-2024,3,N. Robertha,Nigel Robertha,
UAE,اتحاد كلباء,2023-2024 .. 2024-2025,3,Michel Dreifke,,
UAE,اتحاد كلباء,2025-2026,3,Mohammad Mohebi,,
UAE,اتحاد كلباء,2022-2023,3,Yaser Alblooshi,,
UAE,اتحاد كلباء,2024-2025,2,C. Agbenyegah,Cornelius Agbenyegah,
UAE,اتحاد كلباء,2023-2024,2,Mohamad Alyammahi,,
UAE,اتحاد كلباء,2022-2023,2,Ahmed Amir,,
UAE,اتحاد كلباء,2023-2024,2,Andrés Vombergar,,
UAE,اتحاد كلباء,2022-2023,2,Brian Ramírez,,
UAE,اتحاد كلباء,2024-2025,2,Kouadjo Koffi,,
UAE,اتحاد كلباء,2024-2025,2,Rejan Alivoda,,
UAE,اتحاد كلباء,2025-2026,2,Renné Rivas,,
UAE,اتحاد كلباء,2022-2023 .. 2023-2024,2,Yacob Hassan Mohamed,,
UAE,اتحاد كلباء,2023-2024,1,A. Parra,,
UAE,اتحاد كلباء,2022-2023,1,G. Santini,,
UAE,اتحاد كلباء,2026-2027,1,K. Gunter,Koray Gunter | Koray Günter,
UAE,اتحاد كلباء,2022-2023,1,Khalid Al Shehhi,,
UAE,اتحاد كلباء,2025-2026,1,M. Abdulsalam,,
UAE,اتحاد كلباء,2023-2024,1,Mohamed Al Blooshi,Mohamed Alblooshi,
UAE,اتحاد كلباء,2022-2023,1,A. S. Mohameed,,
UAE,اتحاد كلباء,2022-2023,1,Abdoulay Diaby,,
UAE,اتحاد كلباء,2022-2023,1,Adel Al Chadli,,
UAE,اتحاد كلباء,2022-2023,1,Alexandru Cicâldău,,
UAE,اتحاد كلباء,2022-2023,1,B. Ramirez,,
UAE,اتحاد كلباء,2022-2023,1,Esa Ahmed Eisa Ali Mohamed Houti,,
UAE,اتحاد كلباء,2022-2023,1,H. Almansoori,,
UAE,اتحاد كلباء,2022-2023,1,K. Al Rezzi,,
UAE,اتحاد كلباء,2023-2024,1,Khalid Al Rezzi,,
UAE,اتحاد كلباء,2022-2023,1,Khalid Rashid Alzari,,
UAE,اتحاد كلباء,2022-2023,1,M. Subil,,
UAE,اتحاد كلباء,2022-2023,1,Mohamed Abdelrahman Almaazmi,,
UAE,اتحاد كلباء,2025-2026,1,Nemanja Jović,,
UAE,اتحاد كلباء,2025-2026,1,Yaser Al-Blooshi,,
UAE,اتحاد كلباء,2022-2023,1,Yaser Hassan,,
UAE,الإمارات,2022-2023 .. 2024-2025,84,Mohamed Jalal,,
UAE,الإمارات,2022-2023 .. 2023-2024,70,Ismail Al Hammadi,Ismail Al-Hammadi,
UAE,الإمارات,2023-2024 .. 2024-2025,65,Fahad Badr,,
UAE,الإمارات,2022-2023 .. 2024-2025,44,Marwan Fahad,Marwan Fahad Hamza,
UAE,الإمارات,2023-2024,31,Andrés Iniesta,,
UAE,الإمارات,2023-2024,26,Luan Martins,Luan De Oliveira Martins,
UAE,الإمارات,2023-2024,25,Feras Saleh,Feras Saleh Alkhaseebi,
UAE,الإمارات,2023-2024,24,Ahmed Eisa,Ahmad Essa Juma,
UAE,الإمارات,2023-2024,22,U. Vitas,Uroš Vitas,
UAE,الإمارات,2023-2024,21,Al Sanousi Al Hadi,,
UAE,الإمارات,2023-2024,21,Ebrahim Khamis,Ibrahim Khamis,
UAE,الإمارات,2023-2024 .. 2025-2026,19,Oumar Keita,,
UAE,الإمارات,2023-2024,18,Nizar Al Rashdan,Nizar Mahmoud Al-Rashdan,
UAE,الإمارات,2023-2024,18,Saud Al Hosani,Saud Alhosani,
UAE,الإمارات,2023-2024,17,Khalifa Abdullah,Khalifa Abdulla Mohammed,
UAE,الإمارات,2023-2024,16,Abdulla Al Nuaimi,Abdulla Alnuaimi,
UAE,الإمارات,2023-2024,16,Rashed Abdulla Suroor,Rashed Abdullah,
UAE,الإمارات,2023-2024,15,F. Kom,Franck Kom,
UAE,الإمارات,2023-2024,12,Salim Saif,Salem Al Rawahi,
UAE,الإمارات,2023-2024,11,Sultan Qasem,,
UAE,الإمارات,2023-2024,9,D. Sabi'a,Dia Saba,
UAE,الإمارات,2023-2024,9,Ibrahim Al Kaabi,,
UAE,الإمارات,2023-2024,5,P. Seyi,Philemon Seyi,
UAE,الإمارات,2023-2024,5,Yaqoub Eisa,Yaqoub Yuosif Abdulla Eisa,
UAE,الإمارات,2022-2023 .. 2023-2024,5,Ismail Al-Hammadi,,
UAE,الإمارات,2023-2024,5,Tariq Hassan,,
UAE,الإمارات,2023-2024,3,Diogo Acosta,,
UAE,الإمارات,2023-2024,3,P. Obradović,Pavle Obradovic,
UAE,الإمارات,2023-2024,3,Rashed Ebrahim Al Zaabi,Rashed Al-Zaabi,
UAE,الإمارات,2023-2024,3,D. Sabia,,
UAE,الإمارات,2022-2023 .. 2023-2024,3,Fahad Sabeel,,
UAE,الإمارات,2023-2024,3,Franck Kom,,
UAE,الإمارات,2023-2024,3,Salem Ali Ibrahim,,
UAE,الإمارات,2023-2024,3,Uroš Vitas,,
UAE,الإمارات,2023-2024,2,Marwan Ahmed,Ahmed Marwan,
UAE,الإمارات,2023-2024,2,Mohammed Khalil,,
UAE,الإمارات,2023-2024,2,Ahmad Essa Juma,,
UAE,الإمارات,2023-2024,2,Suhail Al Mutuwa,,
UAE,الإمارات,2023-2024,1,Ahmed Khamis,,
UAE,الإمارات,2023-2024,1,Dia Saba,,
UAE,الإمارات,2023-2024,1,Feras Saleh Alkhaseebi,,
UAE,الإمارات,2023-2024,1,Khalifa Abdulla Mohammed,,
UAE,الإمارات,2023-2024,1,Senousi Elhadi,,
UAE,البطائح,2022-2023 .. 2026-2027,130,S. Gassama,Sekou Gassama | Sékou Gassama,
UAE,البطائح,2022-2023 .. 2025-2026,129,A. Abang,Anatole Bertrand Abang,
UAE,البطائح,2022-2023 .. 2026-2027,126,Rafael Pereira,,
UAE,البطائح,2022-2023 .. 2024-2025,96,Abdulaziz Hussain,,
UAE,البطائح,2022-2023 .. 2025-2026,90,Alvaro de Oliveira,,
UAE,البطائح,2023-2024 .. 2026-2027,87,O. Keita,Oumar Keita,
UAE,البطائح,2023-2024 .. 2025-2026,87,U. Meleke,Ulrich Meleke,
UAE,البطائح,2022-2023 .. 2024-2025,79,Mohammed Ahmed,Mohamed Ahmed,
UAE,البطائح,2023-2024 .. 2024-2025,77,Álvaro de Oliveira,Alvaro de Oliveira,
UAE,البطائح,2022-2023 .. 2024-2025,75,Rashed Muhayer,,
UAE,البطائح,2022-2023 .. 2024-2025,73,Darwish Mohammad,Darwish bin Habib,
UAE,البطائح,2024-2025 .. 2026-2027,73,Neto,,
UAE,البطائح,2022-2023 .. 2024-2025,68,Ahmed Khalil,,
UAE,البطائح,2023-2024 .. 2025-2026,67,Diney Borges,,
UAE,البطائح,2022-2023 .. 2024-2025,63,Ahmed Al Zeyoudi,,
UAE,البطائح,2022-2023 .. 2023-2024,61,Mohamed Rashid Alhammadi,,
UAE,البطائح,2022-2023 .. 2024-2025,61,Zayed Ahmed,,
UAE,البطائح,2023-2024 .. 2024-2025,58,Paulinho,,
UAE,البطائح,2024-2025 .. 2025-2026,57,Ivonei,,
UAE,البطائح,2022-2023 .. 2024-2025,51,Saif Rashid,,
UAE,البطائح,2023-2024 .. 2024-2025,50,Eisa Ahmed,Eisa Ahmed Hussain,
UAE,البطائح,2022-2023 .. 2024-2025,46,Mohammed Khalfan,,
UAE,البطائح,2022-2023 .. 2024-2025,44,Ibrahim Essa,Ibrahim Eisa,
UAE,البطائح,2023-2024 .. 2024-2025,43,Ahmed Sulaiman,Ahmed Al Zeyoudi,
UAE,البطائح,2022-2023 .. 2023-2024,42,Abdalla Al Refaey,Abdalla Alrefaey,
UAE,البطائح,2022-2023 .. 2024-2025,42,Rashid Abdalla,Rashid Suhail,
UAE,البطائح,2025-2026 .. 2026-2027,40,M. Jumaa,Mohammed Jumaa,
UAE,البطائح,2025-2026 .. 2026-2027,40,A. Al Zeyoudi,,
UAE,البطائح,2024-2025 .. 2026-2027,39,H. Hassan,Hamza Hassan | Haruna Hassan | Hossam Hassan,
UAE,البطائح,2022-2023,38,João Novais,,
UAE,البطائح,2025-2026 .. 2026-2027,34,D. Borges,Diney Borges,
UAE,البطائح,2022-2023 .. 2023-2024,34,Fahad Sebil,Fahad Sabeel,
UAE,البطائح,2023-2024 .. 2025-2026,34,N. Clemente,Nicolas Clemente,
UAE,البطائح,2022-2023,34,Mohammed bin Yousef,,
UAE,البطائح,2022-2023 .. 2024-2025,34,Saud Khalil,,
UAE,البطائح,2025-2026 .. 2026-2027,32,M. Fahad,Marwan Fahad | Marwan Fahad Hamza,
UAE,البطائح,2024-2025 .. 2025-2026,31,A. Ganiev,Azizjon Ganiev,
UAE,البطائح,2023-2024 .. 2024-2025,31,Ismail Al Zaabi,Isamail Alzaabi,
UAE,البطائح,2025-2026,30,A. Mohmed,Ahmed Mohmed | Mohammad Abdulla,
UAE,البطائح,2022-2023 .. 2023-2024,29,Abdalla Abdulrahman,,
UAE,البطائح,2025-2026,29,Gian,Gianluca Muniz,
UAE,البطائح,2025-2026,29,A. Haikal,Abdulaziz Hussain,
UAE,البطائح,2022-2023,29,Artur Jorge,,
UAE,البطائح,2022-2023 .. 2024-2025,29,Eisa Ahmed Hussain,,
UAE,البطائح,2022-2023 .. 2025-2026,28,Hamad Mohamed,Humood Mubarak,
UAE,البطائح,2022-2023 .. 2023-2024,28,Saeed Suwaidan,,
UAE,البطائح,2025-2026,27,S. Khalil,Saud Khalil,
UAE,البطائح,2022-2023 .. 2023-2024,27,Hamad Al Balooshi,,
UAE,البطائح,2022-2023,27,Hamad Jasim,,
UAE,البطائح,2023-2024 .. 2025-2026,27,R. Muhayer,,
UAE,البطائح,2024-2025 .. 2025-2026,26,Ruan Santos,,
UAE,البطائح,2022-2023,25,Abdullah Yousef,,
UAE,البطائح,2025-2026 .. 2026-2027,25,I. Ali,,
UAE,البطائح,2024-2025,25,Mohamed Rashid,,
UAE,البطائح,2025-2026,24,S. Lega,Sekou Lega,
UAE,البطائح,2022-2023 .. 2025-2026,23,Anatole Bertrand Abang,,
UAE,البطائح,2022-2023,22,Haboush Saleh,,
UAE,البطائح,2024-2025,22,Hamad Mohammad,,
UAE,البطائح,2022-2023,21,Khamis Esmaeel,,
UAE,البطائح,2025-2026 .. 2026-2027,20,A. Al Ameri,Abdullrahman Al Amer,
UAE,البطائح,2022-2023 .. 2023-2024,20,Ahmed Murad,Ahmed Moosa Murad,
UAE,البطائح,2025-2026,20,H. Howaij,,
UAE,البطائح,2025-2026 .. 2026-2027,19,Adyson,,
UAE,البطائح,2024-2025,18,Mohammad Juma Eid,Mohammed Jumaa,
UAE,البطائح,2022-2023 .. 2025-2026,16,Ahmed Mohmed,Mohammad Abdulla,
UAE,البطائح,2025-2026,16,S. Juma,Saeed Juma,
UAE,البطائح,2022-2023,16,T. Phete,,
UAE,البطائح,2022-2023,15,Jeferson Douglas,,
UAE,البطائح,2023-2024 .. 2024-2025,14,Weberty Silva,,
UAE,البطائح,2025-2026 .. 2026-2027,14,S. Suleiman,Saeed Suleiman Salem,
UAE,البطائح,2022-2023,13,K. Bonsu,,
UAE,البطائح,2023-2024 .. 2025-2026,13,Mohammed Jumaa,,
UAE,البطائح,2023-2024,12,Abdulla Alnaqbi,,
UAE,البطائح,2022-2023 .. 2025-2026,12,Kayque Soares,,
UAE,البطائح,2022-2023 .. 2023-2024,11,Omar Ahmad Salem,Omar Ahmad Saleh,
UAE,البطائح,2022-2023 .. 2023-2024,11,S. Corr,Sainey Corr,
UAE,البطائح,2025-2026,10,A. Sulaiman,Ahmed Sulaiman,
UAE,البطائح,2025-2026,10,E. Marwan,,
UAE,البطائح,2024-2025,10,I. Šaranić,Ivan Šaranić,
UAE,البطائح,2025-2026,10,N. Dicko,Nouha Dicko,
UAE,البطائح,2022-2023,9,Natan Felipe,,
UAE,البطائح,2025-2026,8,M. Al Hammadi,,
UAE,البطائح,2023-2024 .. 2025-2026,8,Ulrich Meleke,,
UAE,البطائح,2025-2026,7,H. Saeed,Harith Saeed,
UAE,البطائح,2023-2024 .. 2024-2025,7,Hamad Al Baloushi,,
UAE,البطائح,2022-2023 .. 2025-2026,7,Rashid Muhayer,,
UAE,البطائح,2023-2024 .. 2025-2026,7,Sékou Gassama,,
UAE,البطائح,2022-2023,6,Ali Saeed Al Blooshi,,
UAE,البطائح,2025-2026,6,H. Awad,Hassan Awad,
UAE,البطائح,2024-2025,6,Mohamed Juma Moosa,Mohamed Juma,
UAE,البطائح,2023-2024 .. 2025-2026,6,Ibrahim Eisa,,
UAE,البطائح,2025-2026,5,L. Druille,,
UAE,البطائح,2022-2023,4,E. Kweku,,
UAE,البطائح,2023-2024 .. 2024-2025,4,Mohamed Ahmed,,
UAE,البطائح,2022-2023,4,Mohammed Ahmad,,
UAE,البطائح,2022-2023 .. 2023-2024,4,Sekou Gassama,,
UAE,البطائح,2025-2026,3,A. Rashtiya Saleh,Abdallah Saleh,
UAE,البطائح,2025-2026,3,A. Suliman,,
UAE,البطائح,2022-2023,3,Omar Ahmed,,
UAE,البطائح,2022-2023,3,Hamad Mohamed Jalal,,
UAE,البطائح,2022-2023,3,Khamis Esmail,,
UAE,البطائح,2022-2023,2,Hamza Nasib,,
UAE,البطائح,2022-2023,2,J. Hmura,,
UAE,البطائح,2023-2024,2,Khalid Ahmed,,
UAE,البطائح,2022-2023,2,A. Jorge,,
UAE,البطائح,2022-2023,2,A. Murad,,
UAE,البطائح,2022-2023,2,H. Nasser,,
UAE,البطائح,2022-2023,2,H. Yousuf,,
UAE,البطائح,2022-2023,2,Kwame Bonsu,,
UAE,البطائح,2023-2024,2,Mohamed Al Hammadi,,
UAE,البطائح,2022-2023,1,Abdallah Saleh,Abdulla Al-Naqbi,
UAE,البطائح,2023-2024,1,Humaid Ghareeb,,
UAE,البطائح,2025-2026,1,M. Abdulla,,
UAE,البطائح,2025-2026,1,M. Juma,,
UAE,البطائح,2022-2023,1,Mohammad Abdulla,,
UAE,البطائح,2023-2024,1,Salem Hassan,,
UAE,البطائح,2022-2023,1,Abdulla Al-Naqbi,,
UAE,البطائح,2022-2023,1,Ali Saeed Al-Blooshi,,
UAE,البطائح,2022-2023,1,Estine Kwaku,,
UAE,البطائح,2022-2023,1,Hamdan Naser Masoud,,
UAE,البطائح,2024-2025,1,Haruna Hassan,,
UAE,البطائح,2022-2023,1,J. Novais,,
UAE,البطائح,2022-2023,1,Mohamed Khalfan,,
UAE,البطائح,2022-2023,1,S. Suwaidan,,
UAE,البطائح,2024-2025,1,Saeed Juma,,
UAE,البطائح,2023-2024,1,Sainey Corr,,
UAE,الجزيرة الإماراتي,2022-2023 .. 2024-2025,133,Ali Mabkhout,,
UAE,الجزيرة الإماراتي,2022-2023 .. 2026-2027,131,Bruno,Bruno Oliveira,
UAE,الجزيرة الإماراتي,2022-2023 .. 2026-2027,127,M. Coulibaly,Mamadou Coulibaly,
UAE,الجزيرة الإماراتي,2022-2023 .. 2026-2027,116,Ahmed Mahmoud,,
UAE,الجزيرة الإماراتي,2022-2023 .. 2024-2025,110,O. Traoré,Oumar Traore,
UAE,الجزيرة الإماراتي,2022-2023 .. 2026-2027,108,Zayed Sultan,,
UAE,الجزيرة الإماراتي,2024-2025 .. 2026-2027,91,Vinicius Mello,,
UAE,الجزيرة الإماراتي,2022-2023 .. 2025-2026,85,Abdulla Idrees,,
UAE,الجزيرة الإماراتي,2022-2023 .. 2026-2027,85,R. Akonnor,Richard Akonnor,
UAE,الجزيرة الإماراتي,2024-2025 .. 2025-2026,80,N. Fekir,Nabil Fekir,
UAE,الجزيرة الإماراتي,2022-2023 .. 2026-2027,78,M. Rabii,Mohammed Rabii,
UAE,الجزيرة الإماراتي,2022-2023 .. 2024-2025,77,Khalifa Al Hammadi,,
UAE,الجزيرة الإماراتي,2023-2024 .. 2024-2025,77,N. Kebano,Neeskens Kebano,
UAE,الجزيرة الإماراتي,2022-2023 .. 2024-2025,76,Abdalla Ramadan,Abdallah Ramadan,
UAE,الجزيرة الإماراتي,2022-2023 .. 2024-2025,75,Ali Khaseif,Ali Khasif,
UAE,الجزيرة الإماراتي,2022-2023 .. 2025-2026,71,Khalfan Mubarak,,
UAE,الجزيرة الإماراتي,2022-2023 .. 2023-2024,71,T. Serero,Thulani Serero,
UAE,الجزيرة الإماراتي,2022-2023 .. 2025-2026,57,Ahmed Fawzi,Ahmad Fawzi Johar Faraj Abdalla,
UAE,الجزيرة الإماراتي,2024-2025 .. 2026-2027,57,J. Geusens,Jay-Dee Geusens,
UAE,الجزيرة الإماراتي,2023-2024 .. 2024-2025,57,Hamdan Abdulrahman,,
UAE,الجزيرة الإماراتي,2022-2023 .. 2024-2025,56,Mohammed Al Attas,Mohamed Omar Al Attas,
UAE,الجزيرة الإماراتي,2022-2023 .. 2024-2025,55,Zayed Al Ameri,,
UAE,الجزيرة الإماراتي,2022-2023 .. 2026-2027,52,A. Bencharki,Achraf Bencharki,
UAE,الجزيرة الإماراتي,2022-2023 .. 2024-2025,49,Abdullrahman Al Ameri,Abdullrahman Al Amer,
UAE,الجزيرة الإماراتي,2022-2023 .. 2024-2025,49,Mubarak Zamah,Mubarak Ahmed | Mubarak Banizamah Ahmed,
UAE,الجزيرة الإماراتي,2024-2025 .. 2026-2027,45,R. Tagir,Ravil Tagir,
UAE,الجزيرة الإماراتي,2024-2025 .. 2025-2026,40,I. Lagrimi,Ilyass Lagrimi,
UAE,الجزيرة الإماراتي,2022-2023 .. 2026-2027,39,A. Ramadan,Abdallah Ramadan | Abdelrahman Ramadan,
UAE,الجزيرة الإماراتي,2023-2024,39,Fernando,,
UAE,الجزيرة الإماراتي,2025-2026 .. 2026-2027,38,Willyan Rocha,,
UAE,الجزيرة الإماراتي,2022-2023,37,F. Tănase,Florin Tănase,
UAE,الجزيرة الإماراتي,2024-2025 .. 2025-2026,36,M. Elneny,Mohamed Elneny,
UAE,الجزيرة الإماراتي,2024-2025 .. 2026-2027,36,M. Meloni,Marcus Meloni,
UAE,الجزيرة الإماراتي,2023-2024,36,Pozuelo,Alejandro Pozuelo,
UAE,الجزيرة الإماراتي,2022-2023 .. 2023-2024,35,Mohammed Jamal,Mohamed Jamal,
UAE,الجزيرة الإماراتي,2024-2025,33,R. Miérez,Ramón Miérez,
UAE,الجزيرة الإماراتي,2024-2025 .. 2025-2026,32,Mohamed Elneny,,
UAE,الجزيرة الإماراتي,2025-2026 .. 2026-2027,32,S. Banza,Simon Banza,
UAE,الجزيرة الإماراتي,2024-2025,31,Bruno Conceição,Bruno | Bruno Oliveira,
UAE,الجزيرة الإماراتي,2022-2023 .. 2026-2027,31,A. Khaseif,Ali Khaseif | Ali Khasif,
UAE,الجزيرة الإماراتي,2022-2023 .. 2024-2025,29,Abdullla Alhammadi,Abdulla Al Hammadi | Abulla Alhammadi,
UAE,الجزيرة الإماراتي,2025-2026 .. 2026-2027,29,N. Vukic,Nikola Vukić,
UAE,الجزيرة الإماراتي,2025-2026 .. 2026-2027,29,S. Lekovic,,
UAE,الجزيرة الإماراتي,2025-2026 .. 2026-2027,28,Milson,,
UAE,الجزيرة الإماراتي,2024-2025,25,S. Leković,Stojan Leković,
UAE,الجزيرة الإماراتي,2022-2023 .. 2026-2027,23,M. Al Attas,Mohamed Omar Al Attas | Mohammed Al Attas,
UAE,الجزيرة الإماراتي,2023-2024 .. 2024-2025,23,N. Vukić,Nikola Vukić,
UAE,الجزيرة الإماراتي,2022-2023 .. 2023-2024,20,Ahmed Al Attas,,
UAE,الجزيرة الإماراتي,2023-2024,20,K. Rekik,Karim Rekik,
UAE,الجزيرة الإماراتي,2023-2024,19,A. Kamara,Aboubakar Kamara,
UAE,الجزيرة الإماراتي,2025-2026 .. 2026-2027,18,A. Al Memari,,
UAE,الجزيرة الإماراتي,2025-2026 .. 2026-2027,18,M. Jatta,Momodou Jatta,
UAE,الجزيرة الإماراتي,2025-2026 .. 2026-2027,17,O. Traore,O. Traoré | Oumar Traore,
UAE,الجزيرة الإماراتي,2022-2023 .. 2025-2026,17,Mamadou Coulibaly,,
UAE,الجزيرة الإماراتي,2025-2026 .. 2026-2027,16,I. Adel,Ibrahim Adel,
UAE,الجزيرة الإماراتي,2025-2026,16,N. Aberdin,Nabil Aberdin,
UAE,الجزيرة الإماراتي,2022-2023 .. 2023-2024,16,Nawaf Dhawi,,
UAE,الجزيرة الإماراتي,2025-2026 .. 2026-2027,15,A. Mahmoud,Ahmed Mahmoud | Ali Mahmoud | Mahmoud Adel,
UAE,الجزيرة الإماراتي,2025-2026 .. 2026-2027,15,Igor Serrote,,
UAE,الجزيرة الإماراتي,2022-2023,15,F. Novák,,
UAE,الجزيرة الإماراتي,2023-2024 .. 2024-2025,13,Ali Almemari,Ali Mohamed Saeed Mohamed Abdulla Almemari,
UAE,الجزيرة الإماراتي,2024-2025,13,Mohamed Al Wafi,Mohamed Alwafi | Mohmed Alwafi,
UAE,الجزيرة الإماراتي,2024-2025 .. 2025-2026,13,Nabil Fekir,,
UAE,الجزيرة الإماراتي,2022-2023,12,Aymen Hussein,,
UAE,الجزيرة الإماراتي,2025-2026,12,A. A. Alhammadi,,
UAE,الجزيرة الإماراتي,2024-2025,11,Yousif Almarzooqi,,
UAE,الجزيرة الإماراتي,2024-2025 .. 2025-2026,11,Ramón Miérez,,
UAE,الجزيرة الإماراتي,2025-2026,10,A. Al Hammadi,,
UAE,الجزيرة الإماراتي,2022-2023 .. 2024-2025,10,C. Ocoró,Carlos Ocoró,
UAE,الجزيرة الإماراتي,2023-2024 .. 2025-2026,10,H. Abdulrahman,Hamdan Abdulrahman,
UAE,الجزيرة الإماراتي,2024-2025,10,Vitão,Vitor Vargas,
UAE,الجزيرة الإماراتي,2022-2023 .. 2025-2026,9,Mohammed Rabii,,
UAE,الجزيرة الإماراتي,2023-2024,8,C. van Bohemen,Chahine Van Bohemen,
UAE,الجزيرة الإماراتي,2025-2026,8,K. Koblan,Koffi Koblan,
UAE,الجزيرة الإماراتي,2022-2023,8,Rakaan Waleed,Rakan Waleed,
UAE,الجزيرة الإماراتي,2023-2024 .. 2025-2026,8,Richard Akonnor,,
UAE,الجزيرة الإماراتي,2025-2026,7,M. Alwafi,Mohmed Alwafi,
UAE,الجزيرة الإماراتي,2025-2026,7,Z. Fadaaq,Zayed Fadaaq,
UAE,الجزيرة الإماراتي,2023-2024 .. 2025-2026,7,Bruno Oliveira,,
UAE,الجزيرة الإماراتي,2025-2026,6,A. Bougma,Appolinaire Bougma,
UAE,الجزيرة الإماراتي,2025-2026,6,M. Atiq,Mohammad Yousuf Ahmad,
UAE,الجزيرة الإماراتي,2022-2023 .. 2025-2026,6,Abdallah Ramadan,,
UAE,الجزيرة الإماراتي,2025-2026,5,E. Sagna,Elias Sagna,
UAE,الجزيرة الإماراتي,2025-2026,5,Y. Zahli,,
UAE,الجزيرة الإماراتي,2022-2023,5,Yousef Ayman,Yousef Farahat,
UAE,الجزيرة الإماراتي,2023-2024,5,Alejandro Pozuelo,,
UAE,الجزيرة الإماراتي,2022-2023 .. 2024-2025,5,Ali Khasif,,
UAE,الجزيرة الإماراتي,2023-2024,5,Karim Rekik,,
UAE,الجزيرة الإماراتي,2024-2025 .. 2025-2026,5,Khalifa Al-Hammadi,,
UAE,الجزيرة الإماراتي,2025-2026,4,J. Mendy,Jean Mendy,
UAE,الجزيرة الإماراتي,2023-2024 .. 2024-2025,4,Neeskens Kebano,,
UAE,الجزيرة الإماراتي,2026-2027,3,E. Destanoglu,E. Destanoğlu,
UAE,الجزيرة الإماراتي,2026-2027,3,Malcom,,
UAE,الجزيرة الإماراتي,2026-2027,3,N. Mujkic,,
UAE,الجزيرة الإماراتي,2022-2023,3,Nawaf Al-Harthi,Nawwaf Al Harthi,
UAE,الجزيرة الإماراتي,2026-2027,3,S. Malkocoglu,S. Malkoçoğlu,
UAE,الجزيرة الإماراتي,2022-2023,3,Florin Tănase,,
UAE,الجزيرة الإماراتي,2024-2025 .. 2025-2026,3,Ilyass Lagrimi,,
UAE,الجزيرة الإماراتي,2024-2025 .. 2025-2026,3,Jay-Dee Geusens,,
UAE,الجزيرة الإماراتي,2022-2023,3,Khalifa Alhammadi,,
UAE,الجزيرة الإماراتي,2023-2024 .. 2024-2025,3,Oumar Traore,,
UAE,الجزيرة الإماراتي,2025-2026,3,Simon Banza,,
UAE,الجزيرة الإماراتي,2023-2024,2,Abdulla Al Hashmi,Abdulla Mohamed,
UAE,الجزيرة الإماراتي,2023-2024,2,Abdullah Khairi,,
UAE,الجزيرة الإماراتي,2023-2024,2,Hamad Al Menhali,,
UAE,الجزيرة الإماراتي,2024-2025,2,M. Gassama,Mamadou Gassama,
UAE,الجزيرة الإماراتي,2023-2024,2,N. Hermann,Hermann Behiratche,
UAE,الجزيرة الإماراتي,2023-2024,2,Zayed Khamis,Zayed Khamis Alsheedi,
UAE,الجزيرة الإماراتي,2025-2026,2,Nabil Aberdin,,
UAE,الجزيرة الإماراتي,2024-2025 .. 2025-2026,2,Nikola Vukić,,
UAE,الجزيرة الإماراتي,2026-2027,1,A. Dennis,,
UAE,الجزيرة الإماراتي,2023-2024,1,Abdulla Jaafar,,
UAE,الجزيرة الإماراتي,2025-2026,1,L. Gulzar,,
UAE,الجزيرة الإماراتي,2022-2023,1,Samer Farid,,
UAE,الجزيرة الإماراتي,2025-2026,1,Y. Almarzooqi,,
UAE,الجزيرة الإماراتي,2023-2024,1,Abdullrahman Al Amer,,
UAE,الجزيرة الإماراتي,2022-2023,1,Achraf Bencharki,,
UAE,الجزيرة الإماراتي,2022-2023,1,Filip Novák,,
UAE,الجزيرة الإماراتي,2022-2023,1,S. R. Obaid,,
UAE,الشارقة,2022-2023 .. 2026-2027,169,O. Camara,Ousmane Camara,
UAE,الشارقة,2022-2023 .. 2026-2027,149,Caio Lucas,Caio,
UAE,الشارقة,2022-2023 .. 2024-2025,133,Luanzinho,Luan Pereira,
UAE,الشارقة,2022-2023 .. 2024-2025,112,F. Ben Arbi,Firas Ben Al Arbi | Mohamed Ben Larbi,
UAE,الشارقة,2022-2023 .. 2025-2026,105,Marcus Meloni,,
UAE,الشارقة,2022-2023 .. 2025-2026,101,Majid Rashid,,
UAE,الشارقة,2022-2023 .. 2024-2025,91,Paco Alcácer,,
UAE,الشارقة,2023-2024 .. 2026-2027,90,Khaled Ebraheim,Khaled Aldhanhani,
UAE,الشارقة,2022-2023 .. 2024-2025,87,Khalid Bawazir,Khaled Bawazir,
UAE,الشارقة,2022-2023 .. 2025-2026,81,Mohammad Abdulbasit,,
UAE,الشارقة,2022-2023 .. 2025-2026,76,Adel Al Hosani,,
UAE,الشارقة,2022-2023 .. 2024-2025,74,Majid Surour,Majed Suroor,
UAE,الشارقة,2022-2023 .. 2024-2025,74,Salem Sultan,Sultan Al Sharjee Saleem,
UAE,الشارقة,2022-2023 .. 2025-2026,70,Majed Hassan,,
UAE,الشارقة,2023-2024 .. 2025-2026,67,Cho Yu-Min,Yu-min Cho | Yu-min Jo,
UAE,الشارقة,2022-2023 .. 2023-2024,67,M. Pjanić,Miralem Pjanić,
UAE,الشارقة,2022-2023 .. 2024-2025,58,Salem Saleh,Abdulaziz Salem,
UAE,الشارقة,2022-2023 .. 2023-2024,58,Sebastián Tagliabúe,Sebastian Tagliabue,
UAE,الشارقة,2022-2023 .. 2026-2027,56,Luan Pereira,,
UAE,الشارقة,2023-2024 .. 2024-2025,52,M. Katinić,Maro Katinić,
UAE,الشارقة,2023-2024 .. 2024-2025,50,Alhasan Saleh,,
UAE,الشارقة,2025-2026 .. 2026-2027,48,Igor Coronado,,
UAE,الشارقة,2025-2026 .. 2026-2027,45,F. Ben Larbi,Firas Ben Al Arbi | Mohamed Ben Larbi,
UAE,الشارقة,2022-2023 .. 2024-2025,44,Hamad Fahad,Hamad Fahad Mousa Ibrahim Almaazmi,
UAE,الشارقة,2022-2023 .. 2023-2024,41,Al Hassan Saleh,,
UAE,الشارقة,2023-2024 .. 2024-2025,40,Abdalla Ghanim,,
UAE,الشارقة,2025-2026 .. 2026-2027,39,Biro,,
UAE,الشارقة,2024-2025,37,Guilherme Biro,,
UAE,الشارقة,2023-2024 .. 2024-2025,37,Khaled Tawhid,,
UAE,الشارقة,2022-2023 .. 2026-2027,37,M. Suroor,Majed Suroor,
UAE,الشارقة,2024-2025 .. 2026-2027,36,H. Suhail,Hareb Abdullah Suhail | Harib Suhail,
UAE,الشارقة,2023-2024,36,M. Marega,Moussa Marega,
UAE,الشارقة,2022-2023 .. 2023-2024,36,K. Manolas,Konstantinos Manolas,
UAE,الشارقة,2022-2023 .. 2026-2027,34,M. Hassan,Majed Hassan,
UAE,الشارقة,2024-2025,31,D. Petrović,David Petrović,
UAE,الشارقة,2022-2023,31,Khaled Al Dhanhani,Khaled Aldhanhani,
UAE,الشارقة,2023-2024 .. 2024-2025,31,Shaheen Abdalla,Shahin Abdulrahman,
UAE,الشارقة,2024-2025,31,T. Conraad,Tyrone Conraad,
UAE,الشارقة,2024-2025,30,D. Nejašmić,Darko Nejašmić,
UAE,الشارقة,2023-2024 .. 2024-2025,30,Dhari Fahad,Dhari Fahad Al-Maazmi,
UAE,الشارقة,2022-2023 .. 2024-2025,29,Mayed Muhsin,Mayed Mohsin,
UAE,الشارقة,2025-2026 .. 2026-2027,28,M. Katinic,Maro Katinić,
UAE,الشارقة,2025-2026,27,A. Ghanim,,
UAE,الشارقة,2025-2026,26,D. Mohamed,Darwish bin Habib,
UAE,الشارقة,2022-2023 .. 2025-2026,26,S. Abdulrahman,,
UAE,الشارقة,2022-2023,25,Shaheen Abdulrahman,Shahin Abdulrahman,
UAE,الشارقة,2022-2023,23,Djaniny,,
UAE,الشارقة,2025-2026,22,M. Rashid,Majid Rashid,
UAE,الشارقة,2025-2026,22,V. Prijovic,Vladimir Prijović,
UAE,الشارقة,2022-2023 .. 2025-2026,22,Caio,,
UAE,الشارقة,2025-2026 .. 2026-2027,21,Leandrinho,,
UAE,الشارقة,2025-2026,21,F. Fetai,Feta Fetai,
UAE,الشارقة,2022-2023 .. 2023-2024,21,Saeed Al Kaabi,,
UAE,الشارقة,2025-2026,19,R. Manaj,Rey Manaj,
UAE,الشارقة,2023-2024 .. 2024-2025,19,Abdelaziz Alkaabi,Abdelaziz Salem Ali | Abdulaziz Salem,
UAE,الشارقة,2022-2023 .. 2023-2024,19,Abdullah Ghanim,,
UAE,الشارقة,2022-2023 .. 2025-2026,19,Khaled Aldhanhani,,
UAE,الشارقة,2025-2026 .. 2026-2027,18,K. Tawhid,Khaled Tawhid,
UAE,الشارقة,2022-2023 .. 2025-2026,18,Majed Suroor,,
UAE,الشارقة,2025-2026 .. 2026-2027,15,A. Sarshogh,Arshia Sarshogh,
UAE,الشارقة,2022-2023 .. 2025-2026,15,Shahin Abdulrahman,,
UAE,الشارقة,2025-2026,14,S. Al Saadi,,
UAE,الشارقة,2025-2026,13,M. Saeed,,
UAE,الشارقة,2022-2023,12,M. Diop,,
UAE,الشارقة,2022-2023 .. 2026-2027,11,H. Ibrahim,Hafiz Ibrahim,
UAE,الشارقة,2025-2026,11,S. Guarirapa,Saúl Guarirapa,
UAE,الشارقة,2023-2024 .. 2024-2025,11,Mayed Saeed,,
UAE,الشارقة,2023-2024 .. 2025-2026,10,Maro Katinić,,
UAE,الشارقة,2026-2027,9,Julimar,,
UAE,الشارقة,2022-2023,9,Abdulaziz Al Kaabi,Abdelaziz Salem Ali | Abdulaziz Salem,
UAE,الشارقة,2025-2026 .. 2026-2027,8,M. Muhsin,Mayed Mohsin,
UAE,الشارقة,2023-2024 .. 2024-2025,7,Khalifa Sembaij,,
UAE,الشارقة,2025-2026 .. 2026-2027,7,S. Al Kaabi,Saif Al Kaabi,
UAE,الشارقة,2022-2023 .. 2025-2026,7,Firas Ben Al Arbi,,
UAE,الشارقة,2022-2023 .. 2025-2026,7,Ousmane Camara,,
UAE,الشارقة,2025-2026,6,A. Al Hadidi,Ali Alhadidi,
UAE,الشارقة,2026-2027,6,C. Pickel,,
UAE,الشارقة,2025-2026,6,H. Fahad,Hamad Fahad | Hamad Fahad Mousa Ibrahim Almaazmi,
UAE,الشارقة,2024-2025,6,L. Dajaku,Leon Dajaku,
UAE,الشارقة,2025-2026 .. 2026-2027,5,F. Jasim,Fahd Jassim,
UAE,الشارقة,2022-2023 .. 2023-2024,5,Miralem Pjanić,,
UAE,الشارقة,2026-2027,4,Agner,,
UAE,الشارقة,2023-2024,4,Ali Tahir,,
UAE,الشارقة,2023-2024 .. 2024-2025,4,Matar Zaal,,
UAE,الشارقة,2022-2023 .. 2025-2026,4,Rayan Yaslam,,
UAE,الشارقة,2024-2025 .. 2026-2027,4,David Petrović,,
UAE,الشارقة,2023-2024,4,Konstantinos Manolas,,
UAE,الشارقة,2022-2023 .. 2025-2026,4,Sultan Al Sharjee Saleem,,
UAE,الشارقة,2025-2026,3,D. Fahad,Dhari Fahad | Dhari Fahad Al-Maazmi,
UAE,الشارقة,2026-2027,3,Leo Silva,,
UAE,الشارقة,2023-2024,3,Abdelaziz Salem Ali,,
UAE,الشارقة,2022-2023,3,Kōnstantinos Manōlas,,
UAE,الشارقة,2025-2026,2,A. Zaal,,
UAE,الشارقة,2024-2025,2,Abdalla Zaal,Abdalla Zaal Matar Khamis Al Shamsi,
UAE,الشارقة,2023-2024 .. 2024-2025,2,Abdelrahman Murad,,
UAE,الشارقة,2022-2023,2,M. Pjanic,,
UAE,الشارقة,2022-2023 .. 2023-2024,2,Sebastian Tagliabue,,
UAE,الشارقة,2024-2025 .. 2025-2026,2,Yu-min Cho,,
UAE,الشارقة,2023-2024,2,Yu-min Jo,,
UAE,الشارقة,2025-2026,1,A. Alhadidi,,
UAE,الشارقة,2022-2023,1,Abdallah Al Hamadi,Abdallah Ibrahim Al Hamadi,
UAE,الشارقة,2024-2025,1,Abdel Rahman Jani,,
UAE,الشارقة,2024-2025,1,Badir Al Suwaidi,Badir Al-Suwaidi,
UAE,الشارقة,2026-2027,1,C. Andre,,
UAE,الشارقة,2025-2026,1,D. Costa,,
UAE,الشارقة,2024-2025,1,Hamdan Al Hammadi,,
UAE,الشارقة,2023-2024,1,M. Soumah,Mohamed Soumah,
UAE,الشارقة,2025-2026,1,M. Zaal,,
UAE,الشارقة,2025-2026,1,N. Al Yassi,,
UAE,الشارقة,2024-2025,1,A. Shaheen Abdalla,,
UAE,الشارقة,2022-2023,1,K. Ebraheim,,
UAE,الشارقة,2022-2023,1,P. Alcacer,,
UAE,الشارقة,2022-2023,1,S. Saleh,,
UAE,الشارقة,2025-2026,1,Saúl Guarirapa,,
UAE,الظفرة,2022-2023 .. 2024-2025,81,Mohamed Al Junaibi,Mohamed Ismail,
UAE,الظفرة,2022-2023 .. 2024-2025,69,Ali Eid Ghumail,Ali Eid,
UAE,الظفرة,2022-2023 .. 2024-2025,69,Khalid Butti,Khalid Al Zaabi,
UAE,الظفرة,2022-2023 .. 2026-2027,61,Z. Mohammed,Zackariah Mohammed,
UAE,الظفرة,2022-2023 .. 2025-2026,57,K. El Berkaoui,Karim El Berkaoui,
UAE,الظفرة,2022-2023 .. 2026-2027,56,L. Amesimeku,Leonard Offoe Amesimeku,
UAE,الظفرة,2022-2023 .. 2024-2025,55,Waleed Ambar,,
UAE,الظفرة,2022-2023 .. 2024-2025,50,Abdulla Al Qamish,Abdullah Al-Qumaish,
UAE,الظفرة,2025-2026 .. 2026-2027,45,M. El Khaloui,Mohamed El Khaloui,
UAE,الظفرة,2022-2023,42,M. Rayhi,,
UAE,الظفرة,2025-2026 .. 2026-2027,42,R. Djooh,Rostand Djooh,
UAE,الظفرة,2025-2026 .. 2026-2027,41,Marcelinho,,
UAE,الظفرة,2025-2026 .. 2026-2027,40,Jobson,,
UAE,الظفرة,2022-2023 .. 2023-2024,39,Tiago,Tiago Leonço,
UAE,الظفرة,2025-2026 .. 2026-2027,38,Serafim,,
UAE,الظفرة,2025-2026,37,K. Ibrahim,,
UAE,الظفرة,2022-2023 .. 2023-2024,37,Abdullah Sultan,,
UAE,الظفرة,2022-2023,36,W. Karoui,,
UAE,الظفرة,2025-2026 .. 2026-2027,34,A. Al Karbi,Abdulla Al Karbi | Abdullah Al Karbi,
UAE,الظفرة,2025-2026 .. 2026-2027,34,M. Al Harbi,Mansoor Al-Harbi | Mansor Al Harbi | Moteb Al-Harbi,
UAE,الظفرة,2025-2026 .. 2026-2027,33,R. Yaslam,,
UAE,الظفرة,2022-2023,31,Cláudio,,
UAE,الظفرة,2022-2023,31,Hamad Al Marzoqi,,
UAE,الظفرة,2025-2026 .. 2026-2027,30,A. Al Sayed,Amjad Al-Sayed,
UAE,الظفرة,2022-2023,29,Sultan Al Ghafri,,
UAE,الظفرة,2025-2026 .. 2026-2027,29,E. Noumonvi,Ezeckiel Noumonvi,
UAE,الظفرة,2025-2026,28,A. Sultan,Abdullah Sultan,
UAE,الظفرة,2025-2026,28,M. Rabja,Mouhcine Rabja,
UAE,الظفرة,2025-2026,25,A. Soussi,,
UAE,الظفرة,2025-2026,24,F. Saleh,Feras Saleh Alkhaseebi,
UAE,الظفرة,2022-2023,22,Mansor Al Harbi,Mansoor Al-Harbi,
UAE,الظفرة,2022-2023,21,G. Milanov,,
UAE,الظفرة,2025-2026 .. 2026-2027,21,S. Al Zaabi,Sultan Alzaabi,
UAE,الظفرة,2022-2023 .. 2023-2024,20,Isamail Alzaabi,,
UAE,الظفرة,2025-2026 .. 2026-2027,20,Y. Al Marzouqi,,
UAE,الظفرة,2025-2026,18,J. Gudmundsson,Jóhann Guðmundsson,
UAE,الظفرة,2025-2026,18,Y. Ayman,Yousef Ayman | Yousef Farahat,
UAE,الظفرة,2022-2023,16,Lucas Cândido,,
UAE,الظفرة,2025-2026,16,I. Bayesh,Ibrahim Bayesh,
UAE,الظفرة,2025-2026,15,A. Fadaq,,
UAE,الظفرة,2022-2023,14,M. te Vrede,,
UAE,الظفرة,2022-2023,14,Mohamed Saif,,
UAE,الظفرة,2025-2026,13,I. Al Hosani,,
UAE,الظفرة,2025-2026,13,Z. Al Ameri,,
UAE,الظفرة,2022-2023 .. 2023-2024,10,Abdulla Al Hammadi,Abdallah Ibrahim Al Hamadi,
UAE,الظفرة,2022-2023 .. 2026-2027,10,K. Bawazir,Khaled Bawazir | Khalid Bawazir,
UAE,الظفرة,2022-2023,9,Ibrahim Mohamed Al Hammadi,,
UAE,الظفرة,2025-2026,9,Rangel,Vinicius Rangel,
UAE,الظفرة,2022-2023,8,Ibrahim Abdulla,,
UAE,الظفرة,2022-2023,7,Hamdan Mohamed,,
UAE,الظفرة,2025-2026,7,Vittor Moura,Vitinho,
UAE,الظفرة,2022-2023,6,Hareb Alhosani,,
UAE,الظفرة,2026-2027,6,S. Kaba,,
UAE,الظفرة,2025-2026,6,Vittor Richardh,,
UAE,الظفرة,2026-2027,5,D. Mendy,,
UAE,الظفرة,2025-2026 .. 2026-2027,5,A. Batal,Abdullah Batal,
UAE,الظفرة,2022-2023,5,Bi Gole Djehi,,
UAE,الظفرة,2022-2023,5,H. Behiratche,Hermann Behiratche,
UAE,الظفرة,2025-2026,5,I. Abdulla,,
UAE,الظفرة,2022-2023,5,Ibrahim Abdulla Alhosani,,
UAE,الظفرة,2025-2026 .. 2026-2027,5,M. Alhammadi,,
UAE,الظفرة,2026-2027,5,R. Lushkja,,
UAE,الظفرة,2025-2026,5,Ze Welinton,,
UAE,الظفرة,2026-2027,4,Samir Caetano,,
UAE,الظفرة,2025-2026,4,Vinicius Lima Serafim,,
UAE,الظفرة,2026-2027,3,Arielson,,
UAE,الظفرة,2025-2026,3,F. Al Khaseebi,,
UAE,الظفرة,2025-2026 .. 2026-2027,3,M. S. Zayid,,
UAE,الظفرة,2022-2023,3,Tareq Al Khodaim,,
UAE,الظفرة,2022-2023 .. 2025-2026,3,Leonard Offoe Amesimeku,,
UAE,الظفرة,2022-2023,3,Mohamed Rayhi,,
UAE,الظفرة,2025-2026,3,Mouhcine Rabja,,
UAE,الظفرة,2026-2027,2,A. Ben Fajria,,
UAE,الظفرة,2022-2023,2,Eissa Al Otaiba,,
UAE,الظفرة,2025-2026,2,Rodriguinho,,
UAE,الظفرة,2022-2023,2,Saeed Al Kathiri,,
UAE,الظفرة,2022-2023,2,Sultan Al Suwaidi,,
UAE,الظفرة,2025-2026,2,Abderahmane Soussi,,
UAE,الظفرة,2025-2026,2,Ezeckiel Noumonvi,,
UAE,الظفرة,2022-2023,2,Sultan Al Ghaferi,,
UAE,الظفرة,2025-2026,1,A. Al Hajeri,Ammar Al Hajeri,
UAE,الظفرة,2022-2023,1,Hassan Abdalla,,
UAE,الظفرة,2025-2026,1,M. Suwareh,Muhamed Suwareh,
UAE,الظفرة,2022-2023,1,Saleh Al Hosani,,
UAE,الظفرة,2022-2023,1,Georgi Milanov,,
UAE,الظفرة,2025-2026,1,Ibrahim Bayesh,,
UAE,الظفرة,2022-2023,1,Isamail Omar Alzaabi,,
UAE,الظفرة,2022-2023,1,K. Al Zaabi,,
UAE,الظفرة,2022-2023,1,K. Khamis,,
UAE,الظفرة,2025-2026,1,Karim El Berkaoui,,
UAE,الظفرة,2022-2023,1,Khalid Ali Aldarmaki,,
UAE,الظفرة,2022-2023,1,L. Candido,,
UAE,الظفرة,2022-2023,1,Lucas Candido,,
UAE,الظفرة,2025-2026,1,Mohamed El Khaloui,,
UAE,الظفرة,2025-2026,1,Rostand Djooh,,
UAE,الظفرة,2022-2023,1,Walid Karoui,,
UAE,العروبة الإماراتي,2023-2024 .. 2024-2025,56,P. Boumal,Petrus Boumal,
UAE,العروبة الإماراتي,2024-2025,43,Khalid Yahya,,
UAE,العروبة الإماراتي,2024-2025,35,D. Salaudeen,Damilare Adigun,
UAE,العروبة الإماراتي,2024-2025,33,S. Jolacić,Sinisa Jolacic,
UAE,العروبة الإماراتي,2024-2025,31,Lucas Mezenga,,
UAE,العروبة الإماراتي,2024-2025,31,Eisa Al Maazmi,Eisa Ali Abass,
UAE,العروبة الإماراتي,2024-2025,29,Salem Suleiman,Salem Suliman,
UAE,العروبة الإماراتي,2024-2025,28,T. Traore,Tiecoura Traore,
UAE,العروبة الإماراتي,2023-2024 .. 2024-2025,26,P. Ulises,Patricio Ulises,
UAE,العروبة الإماراتي,2024-2025,24,Abdalla Yousif,Abdullah Yousef,
UAE,العروبة الإماراتي,2024-2025,23,Hamid Yahya,,
UAE,العروبة الإماراتي,2024-2025,21,V. Solomon-Otabor,Solomon-Otabor Viv,
UAE,العروبة الإماراتي,2024-2025,20,B. Trawally,Bubacarr Trawally,
UAE,العروبة الإماراتي,2024-2025,19,G. Kack,Appolinaire Kack,
UAE,العروبة الإماراتي,2024-2025,19,M. Azadi,Mohammad Reza Azadi,
UAE,العروبة الإماراتي,2024-2025,17,S. González,Sebastián González,
UAE,العروبة الإماراتي,2024-2025,17,Y. Olatunji,Yusuf Olatunji,
UAE,العروبة الإماراتي,2024-2025,15,Héber,,
UAE,العروبة الإماراتي,2024-2025,15,Talal Khameis,Talal Khameis Jouhar Saeed Alyammahi,
UAE,العروبة الإماراتي,2024-2025,14,Bader Rashed,,
UAE,العروبة الإماراتي,2024-2025,14,Paulo Ricardo,,
UAE,العروبة الإماراتي,2022-2023 .. 2024-2025,13,Jamal Abdullah,,
UAE,العروبة الإماراتي,2023-2024 .. 2024-2025,11,Petrus Boumal,,
UAE,العروبة الإماراتي,2022-2023 .. 2024-2025,10,Mahmoud Saber,,
UAE,العروبة الإماراتي,2024-2025,6,Rashed Salem,Rashid Mubarak,
UAE,العروبة الإماراتي,2024-2025,5,Sultan Fayez,Sultan Fayez Ahmed,
UAE,العروبة الإماراتي,2024-2025,5,Appolinaire Kack,,
UAE,العروبة الإماراتي,2024-2025,4,Ahmed Adnan,,
UAE,العروبة الإماراتي,2024-2025,4,Mohannad Khameis,Mohanad Khamis Obaid,
UAE,العروبة الإماراتي,2024-2025,3,Patricio Ulises,,
UAE,العروبة الإماراتي,2024-2025,2,Ahmed Essa,Ahmad Essa Juma,
UAE,العروبة الإماراتي,2024-2025,2,Ali Khamis,,
UAE,العروبة الإماراتي,2024-2025,2,Faisal Khameis,,
UAE,العروبة الإماراتي,2024-2025,2,Damilare Adigun,,
UAE,العروبة الإماراتي,2024-2025,2,Mohammad Reza Azadi,,
UAE,العروبة الإماراتي,2024-2025,2,Tiecoura Traore,,
UAE,العروبة الإماراتي,2024-2025,2,Yusuf Olatunji,,
UAE,العروبة الإماراتي,2024-2025,1,Bubacarr Trawally,,
UAE,العروبة الإماراتي,2024-2025,1,Sinisa Jolacic,,
UAE,العروبة الإماراتي,2024-2025,1,Solomon-Otabor Viv,,
UAE,العين,2022-2023 .. 2026-2027,215,K. Laba,Kodjo Fo Doh Laba,
UAE,العين,2022-2023 .. 2026-2027,164,S. Rahimi,Soufiane Rahimi,
UAE,العين,2022-2023 .. 2026-2027,141,M. Palacios,Matías Palacios,
UAE,العين,2022-2023 .. 2025-2026,98,Ahmed Barman,,
UAE,العين,2022-2023 .. 2024-2025,95,Bandar Al Ahbabi,,
UAE,العين,2022-2023 .. 2025-2026,94,Erik,Erik Jorgens de Menezes,
UAE,العين,2022-2023 .. 2024-2025,87,Jonatas Santos,,
UAE,العين,2022-2023 .. 2024-2025,85,Khalid Al Baloushi,Khaled Al-Blooshi | Khaled Ali Al Baloushi,
UAE,العين,2022-2023 .. 2025-2026,83,Yahia Nader,,
UAE,العين,2022-2023 .. 2024-2025,81,Kouame Kouadio,Kouame Autonne Kouadio,
UAE,العين,2022-2023 .. 2024-2025,80,Falah Waleed,Falah Al Jneibi,
UAE,العين,2022-2023 .. 2024-2025,79,Khalid Al Hashemi,Khalid Al-Hashemi | Khalid Hashemi,
UAE,العين,2022-2023 .. 2024-2025,77,Saeed Jumaa,Saeed Juma,
UAE,العين,2023-2024 .. 2025-2026,62,Park Yong-Woo,,
UAE,العين,2022-2023 .. 2024-2025,60,Khalid Eisa,,
UAE,العين,2023-2024 .. 2024-2025,56,A. Romero,Alejandro Romero | Kaku,
UAE,العين,2022-2023 .. 2024-2025,56,Sultan Al Shamsi,,
UAE,العين,2022-2023,52,A. Yarmolenko,,
UAE,العين,2024-2025 .. 2026-2027,51,N. Chadli,Nassim Chadli,
UAE,العين,2022-2023 .. 2024-2025,51,Mohammed Ali Shaker,Mohammed Ali Shakir,
UAE,العين,2022-2023 .. 2026-2027,45,Kaku,A. Romero | Alejandro Romero,
UAE,العين,2023-2024 .. 2024-2025,44,A. Traoré,Abdoul Traoré,
UAE,العين,2025-2026 .. 2026-2027,44,E. H. Rahimi,Houssine Rahimi,
UAE,العين,2023-2024 .. 2024-2025,44,Mohammed Al Baloushi,Mohamed Abbas | Mohammed Abbas | Mohammed Abbas Al-Baloushi,
UAE,العين,2024-2025 .. 2026-2027,44,A. Niang,Amadu Niang,
UAE,العين,2025-2026 .. 2026-2027,44,R. Rodrigues,Rafael Rodrigues,
UAE,العين,2023-2024 .. 2026-2027,42,S. Sosu,Solomon Sosu,
UAE,العين,2023-2024 .. 2024-2025,40,Mohammed Bu Sanda,,
UAE,العين,2025-2026 .. 2026-2027,37,Erik Menezes,Erik | Erik Jorgens de Menezes,
UAE,العين,2023-2024,37,O. Atzili,Omer Atzili,
UAE,العين,2024-2025,36,M. Sanabria,Mateo Sanabria,
UAE,العين,2025-2026 .. 2026-2027,35,A. K. Traore,,
UAE,العين,2023-2024 .. 2026-2027,35,R. Sarki,Rilwanu Sarki,
UAE,العين,2025-2026 .. 2026-2027,34,A. Jasic,A. Jašić | Adis Jašić,
UAE,العين,2022-2023,33,E. El Moubarik,,
UAE,العين,2025-2026 .. 2026-2027,33,Y. Ben Khaleq,,
UAE,العين,2023-2024 .. 2024-2025,33,Dramane Koumare,D. Koumare | Daraman Komari,
UAE,العين,2024-2025,32,Mohamed Awad Alla,Mohamed Awadalla,
UAE,العين,2025-2026 .. 2026-2027,31,K. Eisa,Khalid Eisa,
UAE,العين,2025-2026 .. 2026-2027,30,M. Ratnik,Marcel Ratnik,
UAE,العين,2023-2024 .. 2024-2025,29,Hazem Mohammad,,
UAE,العين,2025-2026 .. 2026-2027,29,S. Hassan,,
UAE,العين,2025-2026 .. 2026-2027,28,R. Rabia,Rami Rabia,
UAE,العين,2024-2025,28,F. Salomoni,Felipe Salomoni,
UAE,العين,2024-2025,28,Fábio Cardoso,,
UAE,العين,2025-2026 .. 2026-2027,28,M. Bu Senda,Mohammed Bu Sanda,
UAE,العين,2023-2024 .. 2026-2027,27,Y. Nader,Yahia Nader,
UAE,العين,2023-2024 .. 2024-2025,26,J. Loulendo,Josna Loulendo,
UAE,العين,2025-2026 .. 2026-2027,25,M. Awad,Mohamed Awad | Mohamed Awadalla | Momen Awad,
UAE,العين,2023-2024 .. 2025-2026,24,Alejandro Romero,A. Romero | Kaku,
UAE,العين,2025-2026 .. 2026-2027,23,D. Koumare,Daraman Komari,
UAE,العين,2022-2023 .. 2023-2024,22,Mohammed Abo Sandah,Mohammed Bu Sanda,
UAE,العين,2025-2026 .. 2026-2027,20,Hazim Mohammad,Hamid Mohammed,
UAE,العين,2024-2025,19,Khalid Eissa,Khalid Eisa,
UAE,العين,2025-2026,18,A. Sut,Adrian Șut,
UAE,العين,2024-2025,17,M. Segovia,Matías Segovia,
UAE,العين,2022-2023 .. 2023-2024,17,Eisa Khalfan,,
UAE,العين,2025-2026,17,M. Al Baloushi,,
UAE,العين,2022-2023 .. 2024-2025,17,Kouame Autonne Kouadio,,
UAE,العين,2025-2026,14,S. Ziane,Sorin Ziane,
UAE,العين,2022-2023,13,T. Jedvaj,Tin Jedvaj,
UAE,العين,2024-2025,13,G. Infantino,Gino Infantino,
UAE,العين,2022-2023 .. 2025-2026,12,Matías Palacios,,
UAE,العين,2022-2023 .. 2025-2026,12,Soufiane Rahimi,,
UAE,العين,2025-2026 .. 2026-2027,11,J. Naafo,,
UAE,العين,2023-2024,11,Khalid Ali Al Baloushi,Khaled Al-Blooshi,
UAE,العين,2022-2023 .. 2025-2026,11,Kodjo Fo Doh Laba,,
UAE,العين,2022-2023,10,D. Arboleda,,
UAE,العين,2023-2024 .. 2024-2025,9,Hamid Mohammed,Mohammed Hamid,
UAE,العين,2025-2026 .. 2026-2027,9,K. Kouadio,,
UAE,العين,2025-2026,9,M. Abbas,,
UAE,العين,2023-2024,9,Mansour Saeed,Mansour Alshamsi,
UAE,العين,2023-2024 .. 2025-2026,9,Abdoul Traoré,,
UAE,العين,2023-2024 .. 2025-2026,8,I. Okpoti,Ismaila Okpoti,
UAE,العين,2025-2026 .. 2026-2027,8,M. Hamid,Mohammed Hamid,
UAE,العين,2022-2023 .. 2023-2024,8,Erik Jorgens de Menezes,,
UAE,العين,2024-2025 .. 2025-2026,8,Mohammed Abbas Al-Baloushi,,
UAE,العين,2023-2024,7,A. Trawri,Abdulkarim Trawri,
UAE,العين,2025-2026,7,M. Niang,Mame Niang,
UAE,العين,2022-2023,7,Naser Al Shikali,,
UAE,العين,2026-2027,6,G. Giakoumakis,,
UAE,العين,2024-2025,6,K. Romero,A. Romero | Alejandro Romero | Kaku,
UAE,العين,2024-2025,6,H. Muhammed,Hassan Muhammed | Sani Hassan Muhammed,
UAE,العين,2025-2026,6,M. Al-Baloushi,,
UAE,العين,2026-2027,6,V. Lazaro,,
UAE,العين,2023-2024 .. 2024-2025,6,Yong Woo Park,,
UAE,العين,2024-2025 .. 2025-2026,5,Rami Rabia,,
UAE,العين,2023-2024,5,Y. Gonzalez,Yohan Gonzalez,
UAE,العين,2025-2026,5,Rafael Rodrigues,,
UAE,العين,2025-2026,4,J. Udoh,,
UAE,العين,2023-2024,4,Manea Al Shamsi,,
UAE,العين,2022-2023 .. 2023-2024,4,Khalid Hashemi,,
UAE,العين,2024-2025,4,Mateo Sanabria,,
UAE,العين,2026-2027,3,B. Bello Ilou,,
UAE,العين,2026-2027,3,D. Skoko,Đ. Skoko,
UAE,العين,2025-2026,3,S. Yussif,,
UAE,العين,2023-2024,3,Daraman Komari,,
UAE,العين,2023-2024 .. 2024-2025,3,Mohammed Abbas,,
UAE,العين,2023-2024,3,Rilwanu Sarki,,
UAE,العين,2023-2024,3,Solomon Sosu,,
UAE,العين,2023-2024,2,A. Gamarra,A. Romero | Alejandro Romero | Kaku,
UAE,العين,2023-2024,2,Abdoul Karim Traoré,,
UAE,العين,2023-2024,2,Khalifa Obaid,,
UAE,العين,2026-2027,2,Marcos Maia,,
UAE,العين,2023-2024,2,Mohammed Hamid,,
UAE,العين,2024-2025,2,Saif Al Mazmi,,
UAE,العين,2025-2026,2,Adrian Șut,,
UAE,العين,2024-2025 .. 2025-2026,2,Amadu Niang,,
UAE,العين,2022-2023,2,Andriy Yarmolenko,,
UAE,العين,2023-2024,2,Josna Loulendo,,
UAE,العين,2025-2026,2,Nassim Chadli,,
UAE,العين,2024-2025,1,Ahmed Hijazi,,
UAE,العين,2023-2024,1,Ghanem Hamoud,,
UAE,العين,2025-2026,1,H. Linus,Hope Linus,
UAE,العين,2024-2025,1,Jonas Naafo,,
UAE,العين,2023-2024,1,Khalid Al Hassani,Khalid Ali Al Hassani,
UAE,العين,2023-2024,1,Khalid Saleh,,
UAE,العين,2022-2023,1,Mansour Alshamsi,,
UAE,العين,2023-2024,1,Yousef Abdou,,
UAE,العين,2025-2026,1,Adis Jašić,,
UAE,العين,2022-2023,1,B. Mohammed,,
UAE,العين,2022-2023,1,C. Canedo,,
UAE,العين,2022-2023,1,El Mehdi Moubarik,,
UAE,العين,2024-2025,1,Gino Infantino,,
UAE,العين,2025-2026,1,Marcel Ratnik,,
UAE,العين,2024-2025,1,Matías Segovia,,
UAE,العين,2023-2024,1,Omer Atzili,,
UAE,العين,2022-2023,1,S. Juma Hassan,,
UAE,العين,2025-2026,1,Yahya Ben Khaleq,,
UAE,العين,2023-2024,1,Yong-uh Park,,
UAE,النصر الإماراتي,2023-2024 .. 2026-2027,121,K. Agudelo,Kevin Agudelo,
UAE,النصر الإماراتي,2022-2023 .. 2024-2025,113,A. Taarabt,Adel Taarabt,
UAE,النصر الإماراتي,2022-2023 .. 2026-2027,97,A. Toure,Abdoulaye Toure,
UAE,النصر الإماراتي,2022-2023 .. 2026-2027,94,C. Doumbia,Cheickna Doumbia,
UAE,النصر الإماراتي,2022-2023 .. 2024-2025,86,Rashed Omar,Rashed Omer,
UAE,النصر الإماراتي,2022-2023 .. 2024-2025,81,Hussain Mahdi,Hussain Mahdi Mohammed,
UAE,النصر الإماراتي,2022-2023 .. 2024-2025,77,Khalid Jalal,Khalid Jalal Al Marzouqi,
UAE,النصر الإماراتي,2024-2025 .. 2026-2027,72,M. Ndiaye,Mamadou Ndiaye | Moussa Ndiaye,
UAE,النصر الإماراتي,2022-2023 .. 2025-2026,70,Gláuber,,
UAE,النصر الإماراتي,2022-2023 .. 2024-2025,70,S. Memišević,Samir Memisevic,
UAE,النصر الإماراتي,2022-2023 .. 2024-2025,68,Abdulla Anwar,,
UAE,النصر الإماراتي,2022-2023 .. 2024-2025,68,Ahmed Shambih,Ahmad Shambih,
UAE,النصر الإماراتي,2022-2023 .. 2023-2024,66,Abdulla Al Baloosh,,
UAE,النصر الإماراتي,2022-2023 .. 2024-2025,65,Hamdan Al Kamali,,
UAE,النصر الإماراتي,2024-2025 .. 2025-2026,62,M. Azarkan,Marouan Azarkan,
UAE,النصر الإماراتي,2023-2024 .. 2025-2026,61,M. Gabbiadini,Manolo Gabbiadini,
UAE,النصر الإماراتي,2022-2023 .. 2024-2025,61,Yousef Al Ameri,Yousef Abdulkareem Mohamed Saeed Al Ameri,
UAE,النصر الإماراتي,2023-2024 .. 2025-2026,58,E. Ampofo,Evans Ampofo,
UAE,النصر الإماراتي,2023-2024 .. 2024-2025,56,A. Jashak,Ahmed Abdulla Jshak,
UAE,النصر الإماراتي,2023-2024 .. 2026-2027,56,M. Ghaedi,Mehdi Ghayedi,
UAE,النصر الإماراتي,2022-2023 .. 2023-2024,51,Abdullah Al Tamimi,Abdullah Mohammed Ismail,
UAE,النصر الإماراتي,2023-2024 .. 2026-2027,49,Felipe Motta,,
UAE,النصر الإماراتي,2022-2023 .. 2024-2025,48,Gustavo Alemão,,
UAE,النصر الإماراتي,2023-2024 .. 2025-2026,46,Moussa Ndiaye,,
UAE,النصر الإماراتي,2025-2026 .. 2026-2027,46,H. Mahdi,,
UAE,النصر الإماراتي,2022-2023 .. 2023-2024,45,Mohamed Al Menhali,Mohammed Al Menhali,
UAE,النصر الإماراتي,2023-2024,43,Iuri Medeiros,,
UAE,النصر الإماراتي,2022-2023 .. 2023-2024,43,Jassim Yaqoob,,
UAE,النصر الإماراتي,2025-2026,41,R. Mierez,Ramón Miérez,
UAE,النصر الإماراتي,2022-2023 .. 2023-2024,41,Yaqoob Al Baloushi,Yacob Hassan Mohamed,
UAE,النصر الإماراتي,2022-2023,38,P. Mlapa,,
UAE,النصر الإماراتي,2024-2025 .. 2025-2026,37,L. Milivojevic,Luka Milivojević,
UAE,النصر الإماراتي,2023-2024 .. 2024-2025,37,Mayed Al Teneiji,Mayed Ali Alteneiji,
UAE,النصر الإماراتي,2024-2025 .. 2025-2026,36,O. Boussaid,Othman Boussaid,
UAE,النصر الإماراتي,2022-2023 .. 2026-2027,36,Z. Al Zaabi,Zayed Sultan,
UAE,النصر الإماراتي,2022-2023,35,Ryan Mendes,,
UAE,النصر الإماراتي,2022-2023 .. 2026-2027,35,M. Abdulbasit,Mohammad Abdulbasit,
UAE,النصر الإماراتي,2025-2026 .. 2026-2027,34,Glauber,Gláuber,
UAE,النصر الإماراتي,2025-2026 .. 2026-2027,33,D. Petrovic,,
UAE,النصر الإماراتي,2022-2023,32,Tozé,Toze,
UAE,النصر الإماراتي,2022-2023 .. 2023-2024,32,Abdelaziz Sanqoor,Abdulaziz Sanqoor,
UAE,النصر الإماراتي,2025-2026 .. 2026-2027,31,S. Sultan,,
UAE,النصر الإماراتي,2024-2025,30,Gláuber Lima,Gláuber,
UAE,النصر الإماراتي,2024-2025,30,L. Fer,Leroy Fer,
UAE,النصر الإماراتي,2024-2025,29,Nasser Ahmed,Nasser Al Naaimi,
UAE,النصر الإماراتي,2025-2026 .. 2026-2027,28,A. Al Tamimi,Abdullah Mohammed Ismail,
UAE,النصر الإماراتي,2022-2023 .. 2026-2027,28,A. Idrees,Abdulla Idrees,
UAE,النصر الإماراتي,2024-2025,28,Gustavo Alex,Gustavo Alemão,
UAE,النصر الإماراتي,2025-2026 .. 2026-2027,27,J. Santos,Jonatas Santos,
UAE,النصر الإماراتي,2024-2025,26,C. Amzăr,Costin Amzăr,
UAE,النصر الإماراتي,2022-2023 .. 2026-2027,25,A. Shambih,Ahmad Shambih | Ahmed Shambih,
UAE,النصر الإماراتي,2022-2023,25,Mohammed Fawzi,,
UAE,النصر الإماراتي,2025-2026,25,S. Al Somhi,,
UAE,النصر الإماراتي,2022-2023 .. 2023-2024,24,Mayed Alteneiji,Mayed Ali Alteneiji,
UAE,النصر الإماراتي,2023-2024 .. 2024-2025,23,Ali Abdulaziz,Mohammad Abdulaziz Abbas,
UAE,النصر الإماراتي,2024-2025,20,Abdulla Al Tamimi,Abdullah Mohammed Ismail,
UAE,النصر الإماراتي,2022-2023 .. 2023-2024,20,Amran Al Jassasi,Amran Al-Jassasi,
UAE,النصر الإماراتي,2022-2023,19,D. Darboe,,
UAE,النصر الإماراتي,2024-2025,19,Abdulaziz Ahmed,Ahmed Abdulaziz,
UAE,النصر الإماراتي,2022-2023,18,K. Aziangbe,,
UAE,النصر الإماراتي,2025-2026 .. 2026-2027,18,M. Hoibraaten,M. Høibråten | Marius Høibråten,
UAE,النصر الإماراتي,2024-2025,18,Rashed Essa,Rashed Essa Juma,
UAE,النصر الإماراتي,2025-2026,18,S. Saatci,Serdar Saatçı,
UAE,النصر الإماراتي,2025-2026,18,Z. Osama,Zizo,
UAE,النصر الإماراتي,2023-2024,17,Saud Abdelrazaq,Saoud Abdulrazaq,
UAE,النصر الإماراتي,2022-2023 .. 2026-2027,16,S. Salem,Saeed Salem | Saif Salem | Saud Salem,
UAE,النصر الإماراتي,2024-2025,15,Mohamed Al Maazmi,Mohamed Abdelrahman Ibrahim,
UAE,النصر الإماراتي,2025-2026,14,Gustavo Alemao,Gustavo Alemão,
UAE,النصر الإماراتي,2022-2023,14,Saoud Abdelrazaq,Saoud Abdulrazaq,
UAE,النصر الإماراتي,2022-2023 .. 2023-2024,13,Abdulaziz Dawood,Abdulaziz Dawood Sulaiman,
UAE,النصر الإماراتي,2025-2026,13,B. Mensah,Bernard Mensah,
UAE,النصر الإماراتي,2025-2026,13,C. Amzar,Costin Amzăr,
UAE,النصر الإماراتي,2022-2023,13,Lucas,,
UAE,النصر الإماراتي,2024-2025,12,Salem Al Somhi,Salem Alsomhi,
UAE,النصر الإماراتي,2022-2023 .. 2025-2026,12,Cheickna Doumbia,,
UAE,النصر الإماراتي,2024-2025,11,M. Gning,Mame Gning,
UAE,النصر الإماراتي,2025-2026,11,M. Karamatic,Mateo Karamatić,
UAE,النصر الإماراتي,2025-2026,11,O. Abdulrahman,,
UAE,النصر الإماراتي,2022-2023 .. 2024-2025,10,Adel Taarabt,,
UAE,النصر الإماراتي,2022-2023 .. 2024-2025,10,Samir Memisevic,,
UAE,النصر الإماراتي,2024-2025,9,Omar Ahmed Mohamed,,
UAE,النصر الإماراتي,2024-2025,8,Leroy Fer,,
UAE,النصر الإماراتي,2026-2027,7,C. Bedia,Chris Bedia,
UAE,النصر الإماراتي,2022-2023,7,Rashid Mubarak,,
UAE,النصر الإماراتي,2022-2023 .. 2025-2026,7,Hussain Mahdi Mohammed,,
UAE,النصر الإماراتي,2022-2023 .. 2024-2025,7,Rashed Omer,,
UAE,النصر الإماراتي,2023-2024,6,B. Petrović,Bogdan Petrović,
UAE,النصر الإماراتي,2025-2026,6,M. Adli,Mohamed Adli,
UAE,النصر الإماراتي,2025-2026 .. 2026-2027,6,M. Kassem,Mohamad Subhi Kassem,
UAE,النصر الإماراتي,2022-2023 .. 2025-2026,6,Ahmad Shambih,,
UAE,النصر الإماراتي,2023-2024 .. 2026-2027,6,Kevin Agudelo,,
UAE,النصر الإماراتي,2022-2023 .. 2025-2026,6,Mayed Ali Alteneiji,,
UAE,النصر الإماراتي,2022-2023 .. 2023-2024,6,Saoud Abdulrazaq,,
UAE,النصر الإماراتي,2025-2026,5,A. R. Al Shammari,,
UAE,النصر الإماراتي,2022-2023,5,Hamad Musalam Ali,,
UAE,النصر الإماراتي,2026-2027,5,M. Marin,Marius Marin,
UAE,النصر الإماراتي,2022-2023,5,Antonio Jose De Carvalho,,
UAE,النصر الإماراتي,2022-2023 .. 2023-2024,5,Khalid Jalal Al Marzouqi,,
UAE,النصر الإماراتي,2024-2025,5,Nasser Al Naaimi,,
UAE,النصر الإماراتي,2025-2026,4,A. Abdulaziz,Mohammad Abdulaziz Abbas,
UAE,النصر الإماراتي,2022-2023 .. 2023-2024,4,Abdulaziz Abbas,Mohammad Abdulaziz Abbas,
UAE,النصر الإماراتي,2023-2024,4,Ahmad Al Balooshi,,
UAE,النصر الإماراتي,2022-2023,4,Ahmed Darwish,Ahmed Bandar Derwish,
UAE,النصر الإماراتي,2023-2024 .. 2024-2025,4,Rashed Essa Juma,,
UAE,النصر الإماراتي,2023-2024 .. 2024-2025,4,Manolo Gabbiadini,,
UAE,النصر الإماراتي,2023-2024,4,Mohammad Abdulaziz Abbas,,
UAE,النصر الإماراتي,2026-2027,3,A. Hrustic,A. Hrustić | Ajdin Hrustić,
UAE,النصر الإماراتي,2024-2025,3,Ahmed Raed,,
UAE,النصر الإماراتي,2025-2026,3,J. Al-Saadi,,
UAE,النصر الإماراتي,2026-2027,3,Joao Moreira,João Moreira | Moreira,
UAE,النصر الإماراتي,2023-2024,3,Mohamed Juma,,
UAE,النصر الإماراتي,2026-2027,3,Wesley Delgado,,
UAE,النصر الإماراتي,2024-2025,3,Zaid Osama,Zaid Osman,
UAE,النصر الإماراتي,2022-2023 .. 2023-2024,3,Amran Al-Jassasi,,
UAE,النصر الإماراتي,2025-2026 .. 2026-2027,3,Marius Høibråten,,
UAE,النصر الإماراتي,2022-2023 .. 2023-2024,3,Mohamed Jamal,,
UAE,النصر الإماراتي,2022-2023 .. 2023-2024,2,A. Belem,Abdoul Belem,
UAE,النصر الإماراتي,2024-2025,2,M. Al Saadi,Mohammad Al Saadi,
UAE,النصر الإماراتي,2024-2025,2,Mohammad Al Najjar,Ammar Alnajjar,
UAE,النصر الإماراتي,2025-2026,2,S. Obaid,Saood Tariq Mohammad Abdulla Obaid,
UAE,النصر الإماراتي,2022-2023 .. 2023-2024,2,Abdulaziz Sanqoor,,
UAE,النصر الإماراتي,2022-2023 .. 2023-2024,2,Isaac Tshibangu,,
UAE,النصر الإماراتي,2024-2025,2,Marouan Azarkan,,
UAE,النصر الإماراتي,2022-2023,2,Mohamed Fawzi,,
UAE,النصر الإماراتي,2024-2025,2,Othman Boussaid,,
UAE,النصر الإماراتي,2022-2023,1,Mohammad Alnajjar,Ammar Alnajjar,
UAE,النصر الإماراتي,2022-2023,1,Abdulaziz Dawood Sulaiman,,
UAE,النصر الإماراتي,2022-2023,1,Abdulla Abbas Al Balooshi,,
UAE,النصر الإماراتي,2022-2023,1,Abdullah Toure,,
UAE,النصر الإماراتي,2026-2027,1,Chris Bedia,,
UAE,النصر الإماراتي,2022-2023,1,Dembo Darboe,,
UAE,النصر الإماراتي,2024-2025,1,Evans Ampofo,,
UAE,النصر الإماراتي,2022-2023,1,Kodjo Aziangbe,,
UAE,النصر الإماراتي,2024-2025,1,Mame Gning,,
UAE,النصر الإماراتي,2024-2025,1,Mohamed Abdelrahman Ibrahim,,
UAE,النصر الإماراتي,2022-2023,1,Peniel Mlapa,,
UAE,النصر الإماراتي,2022-2023,1,R. Mendes,,
UAE,النصر الإماراتي,2022-2023,1,Rashed Mohammed,,
UAE,النصر الإماراتي,2025-2026,1,Serdar Saatçı,,
UAE,النصر الإماراتي,2022-2023,1,Yaqoub Alblooshi,,
UAE,الوحدة الإماراتي,2022-2023 .. 2026-2027,150,F. Kruspzky,Facundo Kruspzky,
UAE,الوحدة الإماراتي,2022-2023 .. 2024-2025,108,A. Noorollahi,Ahmad Nourollahi,
UAE,الوحدة الإماراتي,2022-2023 .. 2025-2026,101,Lucas Pimenta,,
UAE,الوحدة الإماراتي,2022-2023 .. 2024-2025,90,Tahnoon Al Zaabi,Tahnoon Alzaabi,
UAE,الوحدة الإماراتي,2022-2023 .. 2024-2025,86,Abdulla Hamad,Abdulla Salmeen | Abdullah Al Menhali,
UAE,الوحدة الإماراتي,2022-2023 .. 2024-2025,86,Abdullah Al Karbi,Abdulla Al Karbi,
UAE,الوحدة الإماراتي,2022-2023 .. 2024-2025,82,Rúben Canedo,,
UAE,الوحدة الإماراتي,2022-2023 .. 2024-2025,79,João Pedro,Joao Pedro,
UAE,الوحدة الإماراتي,2024-2025 .. 2026-2027,76,B. Diarra,Brahima Diarra,
UAE,الوحدة الإماراتي,2023-2024 .. 2024-2025,70,Omar Khrbin,Omar Kharbin | Omar Khribin,
UAE,الوحدة الإماراتي,2022-2023 .. 2026-2027,68,A. Zouhir,Alaeddine Zouhir,
UAE,الوحدة الإماراتي,2022-2023 .. 2023-2024,65,Allan,,
UAE,الوحدة الإماراتي,2024-2025 .. 2026-2027,62,Jadsom,,
UAE,الوحدة الإماراتي,2022-2023 .. 2023-2024,57,Ismail Matar,Ismaeil Matar,
UAE,الوحدة الإماراتي,2025-2026 .. 2026-2027,57,O. M. Khribin,Omar Kharbin | Omar Khribin,
UAE,الوحدة الإماراتي,2024-2025 .. 2026-2027,55,Guga,Gonçalo Rodrigues,
UAE,الوحدة الإماراتي,2023-2024 .. 2024-2025,53,H. Erkinov,Khozhimat Erkinov,
UAE,الوحدة الإماراتي,2022-2023 .. 2024-2025,52,Mohamed Al Shamsi,Mohamed Hasan Alshamsi,
UAE,الوحدة الإماراتي,2024-2025 .. 2026-2027,50,M. Ghorbani,Mohammad Ghorbani,
UAE,الوحدة الإماراتي,2022-2023 .. 2023-2024,50,Rashid Ali,,
UAE,الوحدة الإماراتي,2022-2023 .. 2023-2024,44,Manea Aydh,,
UAE,الوحدة الإماراتي,2023-2024 .. 2024-2025,44,Mansour Saleh,,
UAE,الوحدة الإماراتي,2022-2023 .. 2023-2024,43,Fares Jumaa,Fares Juma,
UAE,الوحدة الإماراتي,2022-2023,42,Adrien Silva,,
UAE,الوحدة الإماراتي,2022-2023 .. 2025-2026,41,A. Mohammed,Abdul Salam Mohammed | Mohamed Abdalla,
UAE,الوحدة الإماراتي,2022-2023 .. 2026-2027,37,A. Hamad,Hamad Al Menhali,
UAE,الوحدة الإماراتي,2022-2023 .. 2023-2024,34,Ahmed Rashid,,
UAE,الوحدة الإماراتي,2022-2023 .. 2026-2027,33,L. Pimenta Peres Lopes,Lucas Pimenta,
UAE,الوحدة الإماراتي,2025-2026 .. 2026-2027,33,R. Amaral,Rúben Canedo,
UAE,الوحدة الإماراتي,2025-2026,32,D. Tadic,Dušan Tadić,
UAE,الوحدة الإماراتي,2022-2023 .. 2026-2027,32,G. Alvarez,Gaston Alvarez Suarez | Gastón Álvarez,
UAE,الوحدة الإماراتي,2022-2023 .. 2026-2027,30,Z. Ahmed,,
UAE,الوحدة الإماراتي,2023-2024,29,Z. Bakaev,Zelimkhan Bakaev,
UAE,الوحدة الإماراتي,2025-2026 .. 2026-2027,29,A. Pradas,Arnau Pradas,
UAE,الوحدة الإماراتي,2024-2025,27,Ala Eddine Zouhir,Alaeddine Zouhir,
UAE,الوحدة الإماراتي,2025-2026 .. 2026-2027,26,R. Ghandipour,Reza Ghandipour,
UAE,الوحدة الإماراتي,2023-2024 .. 2024-2025,26,Abdelaziz Al Balushi,Mohamed Abdalla,
UAE,الوحدة الإماراتي,2022-2023 .. 2026-2027,25,S. Ivkovic,Sasa Ivkovic | Saša Ivković,
UAE,الوحدة الإماراتي,2024-2025 .. 2025-2026,24,B. Abaelaziz,Bader Abaelaziz,
UAE,الوحدة الإماراتي,2024-2025,24,F. Ogbu,Favour Inyeka Ogbu | Favour Inyeka Ogbu Ogbu,
UAE,الوحدة الإماراتي,2025-2026 .. 2026-2027,24,M. Burghash,,
UAE,الوحدة الإماراتي,2025-2026 .. 2026-2027,23,C. Benteke,Christian Benteke,
UAE,الوحدة الإماراتي,2022-2023,23,Matheus Pereira,,
UAE,الوحدة الإماراتي,2025-2026,23,M. Al Shamsi,Mohamed Hasan Alshamsi,
UAE,الوحدة الإماراتي,2022-2023 .. 2023-2024,23,Mahmoud Khamis,Mahmoud Khamees,
UAE,الوحدة الإماراتي,2024-2025,23,Rashed Ali,Rashid Ali,
UAE,الوحدة الإماراتي,2022-2023 .. 2023-2024,23,Suhail Al Mansoori,,
UAE,الوحدة الإماراتي,2025-2026 .. 2026-2027,22,F. I. Ogbu,Favour Inyeka Ogbu | Favour Inyeka Ogbu Ogbu,
UAE,الوحدة الإماراتي,2022-2023 .. 2024-2025,22,Hazaa Ammar,,
UAE,الوحدة الإماراتي,2022-2023,21,Pizzi,,
UAE,الوحدة الإماراتي,2025-2026 .. 2026-2027,21,A. Abdullah,,
UAE,الوحدة الإماراتي,2022-2023 .. 2026-2027,19,Ahmed Refaat,,
UAE,الوحدة الإماراتي,2023-2024,19,C. Guanca,Cristian Guanca,
UAE,الوحدة الإماراتي,2024-2025,19,Bernardo Folha,,
UAE,الوحدة الإماراتي,2022-2023 .. 2024-2025,19,Rashed Issam,,
UAE,الوحدة الإماراتي,2025-2026 .. 2026-2027,17,H. Ammar,Hazaa Ammar,
UAE,الوحدة الإماراتي,2025-2026,16,B. Folha,Bernardo Folha,
UAE,الوحدة الإماراتي,2022-2023 .. 2024-2025,16,Abdulla Al Karbi,,
UAE,الوحدة الإماراتي,2022-2023 .. 2025-2026,16,Omar Kharbin,,
UAE,الوحدة الإماراتي,2025-2026 .. 2026-2027,15,M. Dehghan,,
UAE,الوحدة الإماراتي,2023-2024,14,A. Duishoev,Avtandil Duishoev,
UAE,الوحدة الإماراتي,2022-2023 .. 2024-2025,14,Abdulla Ahmed,Abdullah Ahmed,
UAE,الوحدة الإماراتي,2024-2025,14,P. Otele,Philip Otele,
UAE,الوحدة الإماراتي,2023-2024,13,Salem Alsomhi,,
UAE,الوحدة الإماراتي,2024-2025,11,Abdulqader Abdullah,,
UAE,الوحدة الإماراتي,2024-2025,11,Mansoor Al Menhali,,
UAE,الوحدة الإماراتي,2022-2023 .. 2023-2024,11,Mansoor Saeed,,
UAE,الوحدة الإماراتي,2022-2023 .. 2023-2024,11,Khalid Al Zaabi,,
UAE,الوحدة الإماراتي,2022-2023 .. 2025-2026,11,Saša Ivković,,
UAE,الوحدة الإماراتي,2022-2023 .. 2025-2026,10,Alaeddine Zouhir,,
UAE,الوحدة الإماراتي,2022-2023 .. 2025-2026,9,Facundo Kruspzky,,
UAE,الوحدة الإماراتي,2022-2023 .. 2024-2025,8,Ahmad Nourollahi,,
UAE,الوحدة الإماراتي,2025-2026,7,G. Rivera,,
UAE,الوحدة الإماراتي,2025-2026,7,H. Shebab,,
UAE,الوحدة الإماراتي,2025-2026 .. 2026-2027,7,L. Trayi,Louay Trayi,
UAE,الوحدة الإماراتي,2023-2024 .. 2024-2025,6,A. Jawar,Ahmed Jawar,
UAE,الوحدة الإماراتي,2022-2023 .. 2024-2025,6,Abdurahman Saleh,,
UAE,الوحدة الإماراتي,2025-2026,6,S. Mansour,,
UAE,الوحدة الإماراتي,2023-2024 .. 2024-2025,6,Rúben Amaral,,
UAE,الوحدة الإماراتي,2026-2027,5,A. Agbinone,Asher Agbinone,
UAE,الوحدة الإماراتي,2022-2023,5,Fábio Martins,Fabio Martins,
UAE,الوحدة الإماراتي,2023-2024 .. 2025-2026,5,Abdullah Al Menhali,,
UAE,الوحدة الإماراتي,2025-2026,5,Favour Inyeka Ogbu Ogbu,,
UAE,الوحدة الإماراتي,2022-2023 .. 2023-2024,5,Ismaeil Matar,,
UAE,الوحدة الإماراتي,2022-2023 .. 2023-2024,5,Mohamed Hasan Alshamsi,,
UAE,الوحدة الإماراتي,2024-2025 .. 2025-2026,5,Mohammad Ghorbani,,
UAE,الوحدة الإماراتي,2026-2027,4,A. El Majhed,,
UAE,الوحدة الإماراتي,2025-2026,4,D. Lazovic,Darko Lazović,
UAE,الوحدة الإماراتي,2022-2023,4,Mubarak Salem,,
UAE,الوحدة الإماراتي,2022-2023 .. 2023-2024,4,Tahnoon Alzaabi,,
UAE,الوحدة الإماراتي,2026-2027,3,F. Insfran,Facundo Insfran,
UAE,الوحدة الإماراتي,2025-2026,3,M. Amir,,
UAE,الوحدة الإماراتي,2025-2026,3,M. Thiab,,
UAE,الوحدة الإماراتي,2022-2023,3,Maracás,,
UAE,الوحدة الإماراتي,2026-2027,3,R. Issam,,
UAE,الوحدة الإماراتي,2023-2024,3,Abdulla Salmeen,,
UAE,الوحدة الإماراتي,2022-2023,3,F. Jumaa,,
UAE,الوحدة الإماراتي,2022-2023,3,Mahmoud Khamees,,
UAE,الوحدة الإماراتي,2022-2023 .. 2025-2026,3,Mohamed Ali Hussain Abdulla Alobaidi,,
UAE,الوحدة الإماراتي,2023-2024,3,Zelimkhan Bakaev,,
UAE,الوحدة الإماراتي,2026-2027,2,A. Gnezda Cerin,,
UAE,الوحدة الإماراتي,2023-2024,2,Adel Hamdan,,
UAE,الوحدة الإماراتي,2025-2026,2,L. Vera,,
UAE,الوحدة الإماراتي,2023-2024,2,M. Senghor,Moussa Senghor,
UAE,الوحدة الإماراتي,2022-2023,2,Majed Abdulla,,
UAE,الوحدة الإماراتي,2024-2025,2,O. Diadje,Oumarou Diadje,
UAE,الوحدة الإماراتي,2022-2023,2,P. Mutsinzi,,
UAE,الوحدة الإماراتي,2024-2025,2,Saud Al Naqbi,,
UAE,الوحدة الإماراتي,2024-2025,2,Brahima Diarra,,
UAE,الوحدة الإماراتي,2022-2023,2,Fares Juma,,
UAE,الوحدة الإماراتي,2023-2024,1,Awadh Al Katheeri,Awadh Mohamed,
UAE,الوحدة الإماراتي,2024-2025,1,Haza Shehab,,
UAE,الوحدة الإماراتي,2024-2025,1,Khamis Naser,,
UAE,الوحدة الإماراتي,2026-2027,1,M. Diarra,,
UAE,الوحدة الإماراتي,2024-2025,1,M. Rasoul,Mohammad Rasoul,
UAE,الوحدة الإماراتي,2022-2023,1,Mohamed Al Senaani,,
UAE,الوحدة الإماراتي,2024-2025,1,Thiab Mohamed,,
UAE,الوحدة الإماراتي,2025-2026,1,Christian Benteke,,
UAE,الوحدة الإماراتي,2025-2026,1,Dušan Tadić,,
UAE,الوحدة الإماراتي,2022-2023,1,G. Muniz,,
UAE,الوحدة الإماراتي,2024-2025,1,Khozhimat Erkinov,,
UAE,الوحدة الإماراتي,2022-2023,1,M. Alharbi,,
UAE,الوحدة الإماراتي,2024-2025,1,Mohamed Abdalla,,
UAE,الوحدة الإماراتي,2022-2023,1,R. Canedo,,
UAE,الوحدة الإماراتي,2025-2026,1,Sasa Ivkovic,,
UAE,الوصل,2022-2023 .. 2025-2026,161,Caio Canedo,,
UAE,الوصل,2022-2023 .. 2026-2027,149,S. Sidibe,Siaka Sidibe,
UAE,الوصل,2022-2023 .. 2024-2025,146,Fábio Lima,Fabio De Lima | Fabio Lima,
UAE,الوصل,2022-2023 .. 2025-2026,139,Ali Saleh,,
UAE,الوصل,2022-2023 .. 2026-2027,127,A. Diallo,Abdou Diallo | Adama Diallo,
UAE,الوصل,2024-2025 .. 2026-2027,123,A. Saleh,Abdulrahman Saleh Khamis | Ali Saleh,
UAE,الوصل,2022-2023 .. 2024-2025,123,N. Giménez,Nicolás Giménez,
UAE,الوصل,2022-2023 .. 2026-2027,118,S. Bouftini,Soufiane Bouftini,
UAE,الوصل,2022-2023 .. 2024-2025,110,Abdulrahman Saleh,Abdulrahman Saleh Khamis | Abdurahman Saleh,
UAE,الوصل,2022-2023 .. 2025-2026,100,G. Poblete,Geronimo Poblete | Gerónimo Poblete,
UAE,الوصل,2022-2023 .. 2024-2025,100,Mohamed Ali,Mohamed Ali Al-Obaidi | Mohamed Ali Hussain Abdulla Alobaidi,
UAE,الوصل,2022-2023 .. 2025-2026,87,Ali Salmin,,
UAE,الوصل,2023-2024 .. 2024-2025,83,H. Seferović,Haris Seferović,
UAE,الوصل,2022-2023 .. 2024-2025,69,Hassan Ibrahim,Hassan Ibrahim Saqer,
UAE,الوصل,2022-2023 .. 2024-2025,67,Suhail Abdulla,Suhail Abdulla Ibrahim | Suhail Al Mutuwa,
UAE,الوصل,2022-2023 .. 2026-2027,67,Rodrigo,,
UAE,الوصل,2022-2023 .. 2024-2025,67,Salem Al Azizi,Salem Juma Awad,
UAE,الوصل,2022-2023 .. 2024-2025,65,Faris Khalil,,
UAE,الوصل,2022-2023 .. 2023-2024,56,Yousif Ali Almheiri,,
UAE,الوصل,2023-2024 .. 2024-2025,55,A. Pérez,Alexis Pérez,
UAE,الوصل,2023-2024 .. 2024-2025,52,Khaled Al Senaani,Khaled Saif,
UAE,الوصل,2024-2025 .. 2026-2027,51,F. Lima,Fabio De Lima | Fabio Lima | Fábio Lima,
UAE,الوصل,2023-2024 .. 2026-2027,48,J. N'Guessan,J. N&apos;Guessan | Jean N'Guessan,
UAE,الوصل,2023-2024 .. 2024-2025,48,Jung Seung-Hyun,Seung-hyun Jung,
UAE,الوصل,2025-2026 .. 2026-2027,48,Serginho,,
UAE,الوصل,2025-2026 .. 2026-2027,47,Hugo,,
UAE,الوصل,2022-2023 .. 2026-2027,46,N. Gimenez,Nicolás Giménez,
UAE,الوصل,2022-2023 .. 2024-2025,46,A. Vasiljević,Aleksandar Vasiljević,
UAE,الوصل,2025-2026 .. 2026-2027,40,M. Ali,Ali Mukhtar | Mohamed Ali | Mohanad Ali | Mukhtar Ali,
UAE,الوصل,2025-2026 .. 2026-2027,36,Renato Junior,Renato Júnior,
UAE,الوصل,2022-2023,36,T. Chancalay,,
UAE,الوصل,2025-2026 .. 2026-2027,35,B. Palacios Alzate,Brahian Palacios,
UAE,الوصل,2025-2026 .. 2026-2027,33,R. Tapia,Renato Tapia,
UAE,الوصل,2025-2026 .. 2026-2027,32,Adryelson,,
UAE,الوصل,2025-2026 .. 2026-2027,32,P. Malheiro,Pedro Malheiro,
UAE,الوصل,2022-2023 .. 2023-2024,31,Ghanem Ahmed,Ghanem Ahmed Ghanem Mohammed,
UAE,الوصل,2025-2026 .. 2026-2027,29,Miguel Borja,,
UAE,الوصل,2024-2025 .. 2026-2027,29,S. Abdulla,Suhail Abdulla Ibrahim | Suhail Al Mutuwa,
UAE,الوصل,2025-2026 .. 2026-2027,28,Saldanha,Matheus Saldanha,
UAE,الوصل,2022-2023,27,Hazza Salem,,
UAE,الوصل,2022-2023,26,Khaled Al Senani,Khaled Saif,
UAE,الوصل,2025-2026,25,M. Janeer,Malek Janeer,
UAE,الوصل,2022-2023 .. 2024-2025,24,Luizão,,
UAE,الوصل,2024-2025 .. 2025-2026,24,S. Awad,Salem Al-Azizi | Salem Juma Awad,
UAE,الوصل,2022-2023 .. 2025-2026,24,Soufiane Bouftini,,
UAE,الوصل,2025-2026 .. 2026-2027,22,Y. Al Mheiri,Yousif Ali Almheiri,
UAE,الوصل,2024-2025,21,Mallek Janeer,Malek Janeer,
UAE,الوصل,2022-2023 .. 2023-2024,21,Omar Abdulrahman,,
UAE,الوصل,2022-2023,20,Gilberto,,
UAE,الوصل,2025-2026 .. 2026-2027,20,K. Al Senani,Khaled Saif,
UAE,الوصل,2022-2023 .. 2024-2025,20,Malek Janeer,,
UAE,الوصل,2024-2025,20,Yousif Ali Al Mheiri,Yousif Ali Almheiri,
UAE,الوصل,2025-2026 .. 2026-2027,19,Gabriel Vareta,,
UAE,الوصل,2023-2024 .. 2024-2025,18,D. Pedrozo,Daniel Pedrozo,
UAE,الوصل,2025-2026 .. 2026-2027,18,T. Al Zaabi,Tahnoon Alzaabi,
UAE,الوصل,2022-2023,17,F. Gutiérrez,,
UAE,الوصل,2022-2023 .. 2025-2026,15,Siaka Sidibe,,
UAE,الوصل,2022-2023,14,Mohammed Sabeel,Mohamed Sabeel Obeid,
UAE,الوصل,2025-2026,13,A. Al Shamsi,Abdulla Al Shamsi,
UAE,الوصل,2022-2023 .. 2023-2024,13,Rabee Hassan Salmin,,
UAE,الوصل,2022-2023,12,D. Benlamri,,
UAE,الوصل,2025-2026 .. 2026-2027,12,Joao Alves,João Alves,
UAE,الوصل,2022-2023 .. 2023-2024,12,Omar Hussain Haikal,,
UAE,الوصل,2025-2026,12,Y. F. Alrahma,Yousuf Fahad Al Rahma,
UAE,الوصل,2024-2025,10,S. Mijailović,Srđan Mijailović,
UAE,الوصل,2022-2023 .. 2025-2026,10,Gerónimo Poblete,,
UAE,الوصل,2022-2023 .. 2024-2025,8,Abdulrahman Saleh Khamis,,
UAE,الوصل,2023-2024 .. 2025-2026,8,Adama Diallo,,
UAE,الوصل,2022-2023 .. 2024-2025,8,Salem Juma Awad,,
UAE,الوصل,2022-2023,7,L. Schlishting,,
UAE,الوصل,2025-2026,7,T. Issaoui,Tarek Issaoui,
UAE,الوصل,2022-2023 .. 2023-2024,7,Fabio Lima,,
UAE,الوصل,2023-2024 .. 2024-2025,7,Haris Seferović,,
UAE,الوصل,2022-2023 .. 2024-2025,7,Joao Pedro,,
UAE,الوصل,2022-2023,6,Atiq Esam,,
UAE,الوصل,2026-2027,6,R. Popoola,Rilwan Abdulrazaq Popoola,
UAE,الوصل,2022-2023 .. 2024-2025,6,Aleksandar Vasiljević,,
UAE,الوصل,2022-2023 .. 2025-2026,6,Nicolás Giménez,,
UAE,الوصل,2022-2023,5,J. Pablo,,
UAE,الوصل,2022-2023 .. 2023-2024,5,Naser Salem,,
UAE,الوصل,2022-2023 .. 2023-2024,5,Hassan Ibrahim Saqer,,
UAE,الوصل,2022-2023,4,Nasser Khamis,,
UAE,الوصل,2023-2024 .. 2024-2025,4,Alexis Pérez,,
UAE,الوصل,2022-2023,4,Djamel Benlamri,,
UAE,الوصل,2023-2024 .. 2024-2025,4,Khaled Saif,,
UAE,الوصل,2025-2026,4,Renato Tapia,,
UAE,الوصل,2023-2024 .. 2024-2025,4,Seung-hyun Jung,,
UAE,الوصل,2024-2025,4,Srđan Mijailović,,
UAE,الوصل,2022-2023,3,O. Amar,,
UAE,الوصل,2024-2025,3,V. Rodríguez,Valentín Rodríguez,
UAE,الوصل,2025-2026,3,Brahian Palacios,,
UAE,الوصل,2022-2023,3,F. Khalil,,
UAE,الوصل,2022-2023,3,Felipe Gutiérrez,,
UAE,الوصل,2025-2026,3,Renato Júnior,,
UAE,الوصل,2024-2025 .. 2025-2026,3,Takashi Uchino,,
UAE,الوصل,2022-2023,3,Tomás Chancalay,,
UAE,الوصل,2025-2026,2,A. Hausawi,,
UAE,الوصل,2022-2023,2,Shehab Lashkari,,
UAE,الوصل,2022-2023,2,Hazza Hazza Salem,,
UAE,الوصل,2023-2024 .. 2024-2025,2,J. NGuessan,,
UAE,الوصل,2025-2026,1,A. I. Madani,Ali Ismail Madani,
UAE,الوصل,2025-2026,1,A. Konate,,
UAE,الوصل,2022-2023,1,Abdulla Al Shamsi,,
UAE,الوصل,2024-2025,1,Abdullah Salem,,
UAE,الوصل,2025-2026,1,D. Candido De Oliveira Filho,Dimas,
UAE,الوصل,2025-2026,1,K. Al Jneibi,Khaled Saif,
UAE,الوصل,2026-2027,1,M. Taremi,,
UAE,الوصل,2025-2026,1,R. Salmin,Rabee Hassan Salmin,
UAE,الوصل,2022-2023,1,Rashed Fuad Ayoun,,
UAE,الوصل,2023-2024,1,Sana Gomes,,
UAE,الوصل,2024-2025,1,A. Perez,,
UAE,الوصل,2025-2026,1,Fabio De Lima,,
UAE,الوصل,2022-2023,1,Julián Glavocic,,
UAE,الوصل,2025-2026,1,Pedro Malheiro,,
UAE,الوصل,2026-2027,1,Rilwan Abdulrazaq Popoola,,
UAE,بني ياس,2022-2023 .. 2025-2026,113,Fawaz Awana,,
UAE,بني ياس,2022-2023 .. 2025-2026,103,Ahmed Abunamous,,
UAE,بني ياس,2022-2023 .. 2025-2026,100,Khamis Al Hammadi,,
UAE,بني ياس,2023-2024 .. 2024-2025,88,Y. Niakaté,Youssouf Niakate,
UAE,بني ياس,2022-2023 .. 2024-2025,86,S. Ivković,Sasa Ivkovic | Saša Ivković,
UAE,بني ياس,2022-2023 .. 2024-2025,80,Hussain Abbas,,
UAE,بني ياس,2022-2023 .. 2024-2025,80,Khalaf Al Hosani,Khalaf Mohammed Al Hosani,
UAE,بني ياس,2022-2023 .. 2024-2025,78,João Victor,Joao Victor,
UAE,بني ياس,2022-2023 .. 2024-2025,78,Fahad Al Dhanhani,Fahad Mohamed,
UAE,بني ياس,2022-2023 .. 2026-2027,73,K. Al Hammadi,Khalifa Al Hammadi | Khamis Al Hammadi,
UAE,بني ياس,2022-2023 .. 2024-2025,69,Abdallah Al Balushi,,
UAE,بني ياس,2022-2023 .. 2024-2025,68,Mohammed Al Menhali,,
UAE,بني ياس,2022-2023 .. 2023-2024,66,G. Suárez,Gaston Alvarez Suarez,
UAE,بني ياس,2024-2025 .. 2026-2027,66,L. Wamba,Leonel Wamba,
UAE,بني ياس,2022-2023 .. 2024-2025,66,Suhail Al Noobi,Suhail Ahmed Al Noobi,
UAE,بني ياس,2022-2023 .. 2025-2026,65,Saile,Saile Souza,
UAE,بني ياس,2022-2023 .. 2024-2025,57,Shahin Surour,Shaheen Surour,
UAE,بني ياس,2022-2023 .. 2024-2025,55,I. Tshibangu,Isaac Tshibangu,
UAE,بني ياس,2022-2023 .. 2024-2025,53,Mohammed Khalaf,Mohamed Ahmed Alhammadi,
UAE,بني ياس,2022-2023 .. 2024-2025,52,Hasan Al Muharrami,Hasan Almuharrami,
UAE,بني ياس,2025-2026 .. 2026-2027,50,Y. Niakate,Youssouf Niakate,
UAE,بني ياس,2022-2023 .. 2024-2025,50,Khamis Al Mansoori,Khamis Ahmed Al Mansoori,
UAE,بني ياس,2025-2026 .. 2026-2027,48,G. Saviour,Saviour Godwin,
UAE,بني ياس,2022-2023 .. 2025-2026,48,Joao Victor,,
UAE,بني ياس,2024-2025,47,L. Marković,Lazar Marković,
UAE,بني ياس,2023-2024,45,T. Seferi,Taulant Seferi,
UAE,بني ياس,2022-2023 .. 2023-2024,42,Hamdan Ahmed Al Mahri,Hamdan Almahri,
UAE,بني ياس,2025-2026 .. 2026-2027,41,F. Awana,,
UAE,بني ياس,2024-2025,40,A. Lusamba,Arnaud Lusamba,
UAE,بني ياس,2022-2023,38,O. Nguette,,
UAE,بني ياس,2024-2025,37,J. Bauza,Juan Bauza,
UAE,بني ياس,2023-2024,35,Suhail Al Noubi,Suhail Ahmed Al Noobi,
UAE,بني ياس,2025-2026 .. 2026-2027,33,M. Camara,Mansour Camara,
UAE,بني ياس,2023-2024 .. 2024-2025,31,J. Bångsbo,Johan Bångsbo,
UAE,بني ياس,2023-2024 .. 2024-2025,31,Adham Hegazy,Adham Khalid,
UAE,بني ياس,2024-2025,30,Saile Samuel,Saile Souza,
UAE,بني ياس,2025-2026 .. 2026-2027,29,A. Koroma,Alhassan Koroma,
UAE,بني ياس,2022-2023,29,Rafael Elias,,
UAE,بني ياس,2025-2026 .. 2026-2027,29,S. Al Noobi,,
UAE,بني ياس,2025-2026 .. 2026-2027,29,A. Hasan,Hasan Almuharrami,
UAE,بني ياس,2023-2024,29,Eisa Ali Al Maazmi,Eisa Ali Abass,
UAE,بني ياس,2025-2026 .. 2026-2027,28,F. Mohamed,,
UAE,بني ياس,2025-2026 .. 2026-2027,28,M. Hunt,Mackenzie Hunt,
UAE,بني ياس,2025-2026 .. 2026-2027,28,M. Khalaf,Mohamed Ahmed Alhammadi,
UAE,بني ياس,2025-2026 .. 2026-2027,27,Fadaq Adel,,
UAE,بني ياس,2023-2024,26,Abdullah Jassim,Abdulla Jassim Ali,
UAE,بني ياس,2025-2026,26,O. Shukurov,Otabek Shukurov,
UAE,بني ياس,2022-2023 .. 2024-2025,26,Saif Al Menhali,,
UAE,بني ياس,2024-2025,25,A. Burcă,Andrei Burcă,
UAE,بني ياس,2025-2026 .. 2026-2027,25,N. Djekovic,Nemanja Đeković,
UAE,بني ياس,2025-2026,25,K. Hashemi,Khalid Al-Hashemi | Khalid Hashemi,
UAE,بني ياس,2022-2023,24,Mohamed Al Zaabi,,
UAE,بني ياس,2022-2023,21,Eisa Ali Almaazmi,Eisa Ali Abass,
UAE,بني ياس,2024-2025,21,Khalid Abdulrahman Al Blooshi,Khalid Abdulrahman Alblooshi,
UAE,بني ياس,2024-2025,20,A. Cissé,Aboubacar Cisse,
UAE,بني ياس,2025-2026 .. 2026-2027,20,K. Al Mansoori,Khamis Ahmed Al Mansoori,
UAE,بني ياس,2025-2026,20,K. Mubarak,Khalfan Mubarak,
UAE,بني ياس,2022-2023 .. 2024-2025,20,Youssouf Niakate,,
UAE,بني ياس,2024-2025 .. 2026-2027,19,B. Faye,Bernard Faye,
UAE,بني ياس,2023-2024,19,Francisco Geraldes,,
UAE,بني ياس,2024-2025,19,Mater Al Hosani,Mater Alhosani,
UAE,بني ياس,2025-2026 .. 2026-2027,18,S. Al Menhali,,
UAE,بني ياس,2022-2023 .. 2025-2026,17,A. Fawzi,Ahmad Fawzi Johar Faraj Abdalla | Ahmed Fawzi | Ali Fawzi,
UAE,بني ياس,2025-2026,17,A. Mozgovoy,Akmal Mozgovoy,
UAE,بني ياس,2022-2023 .. 2025-2026,15,Suhail Ahmed Al Noobi,,
UAE,بني ياس,2025-2026 .. 2026-2027,14,J. Awoute,Jacob Awoute,
UAE,بني ياس,2025-2026 .. 2026-2027,14,L. Verde,Lionel Verde,
UAE,بني ياس,2022-2023,14,Khalil Ibrahim,,
UAE,بني ياس,2025-2026,13,M. Zamah,,
UAE,بني ياس,2025-2026,13,O. Abid,,
UAE,بني ياس,2022-2023,11,Khalid Abdulrahman Alblooshi,,
UAE,بني ياس,2022-2023 .. 2023-2024,10,A. Cisse,Aboubacar Cisse,
UAE,بني ياس,2025-2026,10,M. Al Menhali,Mohammed Al Menhali,
UAE,بني ياس,2025-2026,9,B. Young,Brad Young,
UAE,بني ياس,2025-2026,9,Kayque,,
UAE,بني ياس,2022-2023,8,Ahmed Rabia,,
UAE,بني ياس,2022-2023 .. 2024-2025,8,U. Ali,Umar Ali,
UAE,بني ياس,2022-2023 .. 2025-2026,8,Hasan Almuharrami,,
UAE,بني ياس,2023-2024 .. 2025-2026,8,Saile Souza,,
UAE,بني ياس,2025-2026,7,O. Toure,,
UAE,بني ياس,2022-2023 .. 2024-2025,6,Hussain Abbas Juma,,
UAE,بني ياس,2023-2024 .. 2024-2025,6,Khamis Ahmed Al Mansoori,,
UAE,بني ياس,2025-2026 .. 2026-2027,5,K. Al Wahedi,,
UAE,بني ياس,2023-2024,5,Eisa Ali Abass,,
UAE,بني ياس,2025-2026,5,Leonel Wamba,,
UAE,بني ياس,2025-2026,5,Mahamadou Camara,,
UAE,بني ياس,2025-2026,5,Otabek Shukurov,,
UAE,بني ياس,2025-2026 .. 2026-2027,4,M. Al Hosani,,
UAE,بني ياس,2023-2024,4,Mater Alhosani,,
UAE,بني ياس,2024-2025,4,Andrei Burcă,,
UAE,بني ياس,2025-2026,4,Mackenzie Hunt,,
UAE,بني ياس,2026-2027,3,B. Ince,Burak Ince,
UAE,بني ياس,2022-2023,3,Mohamed Mesarri,,
UAE,بني ياس,2022-2023,3,A. S. Abunamous,,
UAE,بني ياس,2022-2023 .. 2023-2024,3,Gaston Alvarez Suarez,,
UAE,بني ياس,2024-2025 .. 2025-2026,3,Johan Bångsbo,,
UAE,بني ياس,2022-2023,3,Khalil Ibrahim Al-Hammadi,,
UAE,بني ياس,2024-2025,3,Lazar Marković,,
UAE,بني ياس,2023-2024,3,Taulant Seferi,,
UAE,بني ياس,2025-2026 .. 2026-2027,2,L. Turatto,,
UAE,بني ياس,2022-2023,2,Senan Al Hammadi,,
UAE,بني ياس,2024-2025 .. 2025-2026,2,Bernard Faye,,
UAE,بني ياس,2022-2023 .. 2024-2025,2,Khalaf Mohammed Al Hosani,,
UAE,بني ياس,2025-2026,2,Saviour Godwin,,
UAE,بني ياس,2025-2026,1,H. Al Ameri,,
UAE,بني ياس,2025-2026,1,N. Dekovic,Nemanja Đeković,
UAE,بني ياس,2025-2026,1,Akmal Mozgovoy,,
UAE,بني ياس,2025-2026,1,Alhassan Koroma,,
UAE,بني ياس,2024-2025,1,Arnaud Lusamba,,
UAE,بني ياس,2026-2027,1,D. Isaila,,
UAE,بني ياس,2022-2023,1,F. Al Musabi,,
UAE,بني ياس,2024-2025,1,Fahad Mohamed,,
UAE,بني ياس,2023-2024,1,Hamdan Almahri,,
UAE,بني ياس,2024-2025,1,Juan Bauza,,
UAE,بني ياس,2025-2026,1,Mubarak Banizamah Ahmed,,
UAE,بني ياس,2025-2026,1,Nemanja Đeković,,
UAE,بني ياس,2022-2023,1,Opa Nguette,,
UAE,حتا,2022-2023 .. 2023-2024,57,Jamal Maroof,,
UAE,حتا,2022-2023 .. 2023-2024,54,Gabrielzinho,,
UAE,حتا,2022-2023 .. 2023-2024,48,Abdulrahman Ali,,
UAE,حتا,2022-2023 .. 2023-2024,45,Mansoor Al Baloushi,Mansour Mohamed,
UAE,حتا,2022-2023 .. 2023-2024,41,Abdulla Kazim,,
UAE,حتا,2023-2024 .. 2026-2027,38,A. Rchoq,Ayman Rchoq,
UAE,حتا,2023-2024 .. 2026-2027,29,A. Karimi,Aniss Karimi,
UAE,حتا,2023-2024,28,Mohammed Abdulrahman,Mohamed Abdulrahman | Mohammed Yousef,
UAE,حتا,2023-2024,26,A. Tshibola,Aaron Tshibola,
UAE,حتا,2023-2024,26,Salam Khairi,Salem Khairi,
UAE,حتا,2023-2024,24,Sultan Al Bedwawi,Sultan Albedwawi,
UAE,حتا,2023-2024,23,Mohammed Al Junaibi,Mohamed Waleed,
UAE,حتا,2023-2024,22,T. Ouorou,Tamimou Ouorou,
UAE,حتا,2023-2024,22,Mohammed Yousuf Ghulam,,
UAE,حتا,2023-2024,22,V. De Marco,Vernon De Marco,
UAE,حتا,2023-2024,21,C. Egbuchulam,Chisom Egbuchulam,
UAE,حتا,2023-2024,19,Mansoor Al Bedwawi,,
UAE,حتا,2023-2024,17,Abdulrahman Adel,,
UAE,حتا,2023-2024,16,C. Manzoki,Cesar Lobi Manzoki,
UAE,حتا,2022-2023 .. 2023-2024,15,Khaled Asbahi,Khaled Ali Al Asbahi,
UAE,حتا,2023-2024,14,Atiq Walid,,
UAE,حتا,2023-2024,13,A. Merkel,Alexander Merkel,
UAE,حتا,2023-2024,12,Khalfan Alnoobi,Khalfan Hassan,
UAE,حتا,2022-2023 .. 2023-2024,11,D. Dabo,Doro Dabo,
UAE,حتا,2023-2024,10,M. Zeidan,Moustafa Zeidan,
UAE,حتا,2023-2024,10,A. Taouil,Anass Taouil,
UAE,حتا,2023-2024,9,Amer Khalifa,,
UAE,حتا,2023-2024,8,Shabaib Al Khaldi,Shabib Al-Khaldi,
UAE,حتا,2024-2025 .. 2026-2027,7,A. Khalid,Khalid Ali,
UAE,حتا,2026-2027,5,Bruno Leonardo,,
UAE,حتا,2023-2024,5,Abdullah Al Hammadi,,
UAE,حتا,2026-2027,5,Pedrinho,,
UAE,حتا,2023-2024,5,Saif Salem,,
UAE,حتا,2026-2027,5,Schlickmann,,
UAE,حتا,2023-2024,5,Vernon De Marco,,
UAE,حتا,2023-2024,4,A. Lezama,Ángel Lezama,
UAE,حتا,2026-2027,4,A. Walid,Atiq Walid,
UAE,حتا,2026-2027,4,K. Ali,,
UAE,حتا,2023-2024,4,Marzooq Rashed,,
UAE,حتا,2026-2027,4,O. Saeed,Omar Saeed,
UAE,حتا,2023-2024 .. 2024-2025,4,Ali Eid,,
UAE,حتا,2026-2027,3,Bastian Kaua,,
UAE,حتا,2026-2027,3,H. M. Al,,
UAE,حتا,2022-2023 .. 2026-2027,3,J. Pedroza,Juan Pedroza,
UAE,حتا,2023-2024,3,Rashed Abbas,Rashed Kharram,
UAE,حتا,2026-2027,3,S. Al Mesmari,,
UAE,حتا,2023-2024,3,Aaron Tshibola,,
UAE,حتا,2023-2024,2,Abdulla Al Bedwawi,Abdulla Salim,
UAE,حتا,2026-2027,2,G. Ouahabi,,
UAE,حتا,2023-2024,2,Alexander Merkel,,
UAE,حتا,2022-2023 .. 2023-2024,2,Doro Dabo,,
UAE,حتا,2023-2024,2,Goodnews Igbokwe,,
UAE,حتا,2023-2024,2,Shabib Al-Khaldi,,
UAE,حتا,2023-2024,2,Sultan Albedwawi,,
UAE,حتا,2026-2027,1,A. Al Bedwawi,,
UAE,حتا,2023-2024,1,Ahmed Al Washahi,,
UAE,حتا,2023-2024,1,G. Igbokwe,Goodnews Igbokwe,
UAE,حتا,2026-2027,1,H. Al Badwawi,,
UAE,حتا,2026-2027,1,H. J. Al Balushi,,
UAE,حتا,2023-2024,1,Mohammad Essa,,
UAE,حتا,2023-2024,1,Saad Salem,,
UAE,حتا,2023-2024,1,Younis Al Kaabi,,
UAE,حتا,2023-2024,1,Yousef Hazam,,
UAE,حتا,2023-2024,1,Aniss Karimi,,
UAE,حتا,2023-2024,1,Ayman Rchoq,,
UAE,حتا,2023-2024,1,Cesar Lobi Manzoki,,
UAE,حتا,2023-2024,1,Chisom Egbuchulam,,
UAE,حتا,2023-2024,1,Khaled Ali Al Asbahi,,
UAE,حتا,2023-2024,1,Mansour Mohamed,,
UAE,حتا,2023-2024,1,Salem Khairi,,
UAE,حتا,2023-2024,1,Tamimou Ouorou,,
UAE,خورفكان,2022-2023 .. 2026-2027,182,Lourency,,
UAE,خورفكان,2022-2023 .. 2026-2027,129,Juninho,,
UAE,خورفكان,2022-2023 .. 2026-2027,94,P. Pavlov,Pedro Pavlov,
UAE,خورفكان,2022-2023 .. 2024-2025,81,Adel Subeel,Adel Sabeel,
UAE,خورفكان,2022-2023 .. 2024-2025,78,Masoud Sulaiman,,
UAE,خورفكان,2022-2023 .. 2024-2025,74,Waleed Hussain,Waleed Husain,
UAE,خورفكان,2022-2023 .. 2024-2025,72,Saeed Ahmed,Saeed Ahmad,
UAE,خورفكان,2023-2024 .. 2026-2027,69,Kayque Campos,Kayque Soares,
UAE,خورفكان,2022-2023 .. 2024-2025,69,Omar Saeed,,
UAE,خورفكان,2022-2023 .. 2026-2027,68,A. Jshak,A. Jashak | Ahmed Abdulla Jshak,
UAE,خورفكان,2022-2023 .. 2025-2026,67,Aylton Boa Morte,,
UAE,خورفكان,2024-2025 .. 2025-2026,66,T. Tissoudali,Tarik Tissoudali,
UAE,خورفكان,2022-2023 .. 2024-2025,66,Ahmed Al Hosani,Ahmed Hamdan,
UAE,خورفكان,2022-2023 .. 2024-2025,64,Omar Jumaa,Omar Juma,
UAE,خورفكان,2022-2023 .. 2025-2026,58,Abdalla Al Naqbi,,
UAE,خورفكان,2022-2023 .. 2024-2025,53,Abdulrahman Yousef,,
UAE,خورفكان,2022-2023 .. 2023-2024,53,Khaleil Khameis,Khalil Khamis,
UAE,خورفكان,2022-2023 .. 2026-2027,52,A. Al Naqbi,Abdalla Al Naqbi | Ahmed Al Naqbi,
UAE,خورفكان,2024-2025 .. 2026-2027,51,A. Camara,Ahmadou Ama Camara,
UAE,خورفكان,2022-2023 .. 2024-2025,51,Jamal Al Hosani,Ismail Jamal,
UAE,خورفكان,2022-2023 .. 2026-2027,48,A. Boa Morte,Aylton Boa Morte,
UAE,خورفكان,2022-2023 .. 2023-2024,46,Hamdan Nasser,,
UAE,خورفكان,2024-2025,43,Mattheus Oliveira,Mattheus,
UAE,خورفكان,2022-2023,39,Amir Mubarak,,
UAE,خورفكان,2022-2023 .. 2023-2024,38,Salim Ali Ibrahim,Salem Ali Ibrahim,
UAE,خورفكان,2024-2025 .. 2025-2026,37,Won Du-Jae,Du-jae Won,
UAE,خورفكان,2023-2024,36,Mohamed Awadalla,Mohamed Awad,
UAE,خورفكان,2025-2026 .. 2026-2027,36,A. Nakach,Akram Nakach,
UAE,خورفكان,2022-2023 .. 2023-2024,36,Khalifa Mubarak,,
UAE,خورفكان,2025-2026 .. 2026-2027,35,A. Barman,Ahmed Barman,
UAE,خورفكان,2025-2026,34,A. El Refaey,,
UAE,خورفكان,2022-2023 .. 2023-2024,33,B. Ayim,Benjamin Ayim,
UAE,خورفكان,2025-2026 .. 2026-2027,33,Y. Al Ameri,,
UAE,خورفكان,2024-2025 .. 2025-2026,31,Hamdan Humaid,,
UAE,خورفكان,2022-2023,31,M. Abeid,Mehdi Abeid,
UAE,خورفكان,2025-2026 .. 2026-2027,30,H. Humaid,,
UAE,خورفكان,2023-2024 .. 2024-2025,29,D. Nyengue,David Roi Nyengue,
UAE,خورفكان,2024-2025,27,Abdalla El Refaey,Abdalla Alrefaey,
UAE,خورفكان,2022-2023,27,Fábio Abreu,,
UAE,خورفكان,2022-2023,27,L. Rosić,,
UAE,خورفكان,2025-2026,27,S. Ahmed,Saeed Ahmad,
UAE,خورفكان,2024-2025,25,Kwon Kyung-Won,Kyung-won Kwon,
UAE,خورفكان,2022-2023 .. 2023-2024,25,Fahad Hadeed,,
UAE,خورفكان,2024-2025,25,Sultan Al Zaabi,Sultan Alzaabi,
UAE,خورفكان,2025-2026,24,J. Al Hosani,Ismail Jamal,
UAE,خورفكان,2025-2026 .. 2026-2027,24,R. Suhail,Rashid Abdalla | Rashid Suhail,
UAE,خورفكان,2024-2025,23,O. Noureddine,Noureddine Oussama,
UAE,خورفكان,2025-2026 .. 2026-2027,22,S. Seymor,Serano Seymor,
UAE,خورفكان,2023-2024,21,A. Abdullayev,Abdulla Abdullaev,
UAE,خورفكان,2024-2025 .. 2025-2026,21,J. Kameni,Junior Kameni,
UAE,خورفكان,2023-2024,20,A. Amonov,Azizbek Amanov,
UAE,خورفكان,2025-2026,20,M. Ali Shakir,Mohammed Ali Shakir,
UAE,خورفكان,2025-2026 .. 2026-2027,19,S. Amallah,Selim Amallah,
UAE,خورفكان,2023-2024,16,Raniel,,
UAE,خورفكان,2022-2023,15,P. Tachtsidis,,
UAE,خورفكان,2022-2023 .. 2025-2026,15,Pedro Pavlov,,
UAE,خورفكان,2022-2023 .. 2023-2024,13,Adel Al Amri,Ahmad Adel Al Amri,
UAE,خورفكان,2025-2026,13,R. Al Awadhi,Rashed Al Awadhi,
UAE,خورفكان,2025-2026,13,S. Al Sweed,,
UAE,خورفكان,2023-2024 .. 2024-2025,13,Sultan Ahmed,Sultan Fayez Ahmed,
UAE,خورفكان,2025-2026,12,B. Ortega,Bryant Ortega,
UAE,خورفكان,2024-2025,12,Nawaf Al Harthi,Nawaf Dhawi,
UAE,خورفكان,2024-2025,11,Pedro Henrique,,
UAE,خورفكان,2025-2026,11,A. Haroun,,
UAE,خورفكان,2022-2023,11,Salim Al Rawahi,Salem Al Rawahi,
UAE,خورفكان,2022-2023 .. 2025-2026,11,Abdalla Alrefaey,,
UAE,خورفكان,2025-2026 .. 2026-2027,10,R. Ali,Rashid Ali,
UAE,خورفكان,2022-2023,9,Ramon Lopes,,
UAE,خورفكان,2023-2024,9,S. Khaoui,Saîf-Eddine Khaoui,
UAE,خورفكان,2022-2023,9,Yago,,
UAE,خورفكان,2022-2023 .. 2024-2025,9,Adel Sabeel,,
UAE,خورفكان,2022-2023,8,Caique,,
UAE,خورفكان,2024-2025,7,Jonathan Viera,,
UAE,خورفكان,2024-2025,7,Abdulazeiz Haroun,,
UAE,خورفكان,2024-2025 .. 2025-2026,7,Ali Eissa Alkaabi,Abdalla Sultan,
UAE,خورفكان,2023-2024,7,Mohamad Abdulla Almadani,Mohammed Eisa,
UAE,خورفكان,2023-2024,7,Abdulla Abdullaev,,
UAE,خورفكان,2024-2025,7,Mattheus,,
UAE,خورفكان,2023-2024 .. 2025-2026,6,Ahmed Hamdan,,
UAE,خورفكان,2024-2025,4,A. Quintana,Alex Quintana,
UAE,خورفكان,2024-2025,4,Fabrício Yan,,
UAE,خورفكان,2025-2026,4,M. Shaker,,
UAE,خورفكان,2024-2025 .. 2025-2026,4,Ahmadou Ama Camara,,
UAE,خورفكان,2022-2023 .. 2025-2026,4,Ahmed Abdulla Jshak,,
UAE,خورفكان,2023-2024,4,Benjamin Ayim,,
UAE,خورفكان,2023-2024,4,David Roi Nyengue,,
UAE,خورفكان,2024-2025,4,Kyung-won Kwon,,
UAE,خورفكان,2023-2024 .. 2025-2026,4,Saeed Ahmad,,
UAE,خورفكان,2024-2025 .. 2025-2026,4,Tarik Tissoudali,,
UAE,خورفكان,2022-2023 .. 2025-2026,4,Yousef Abdulkareem Mohamed Saeed Al Ameri,,
UAE,خورفكان,2024-2025,3,Khalid Salim,Khalid Al Baloushi,
UAE,خورفكان,2026-2027,3,L. Haquin,L. Haquín,
UAE,خورفكان,2022-2023,3,Lazar Rosić,,
UAE,خورفكان,2025-2026,3,Selim Amallah,,
UAE,خورفكان,2026-2027,2,A. Jamal,,
UAE,خورفكان,2023-2024,2,Abdulla Kakhramonjon,,
UAE,خورفكان,2025-2026,2,Filipe Augusto,,
UAE,خورفكان,2022-2023 .. 2023-2024,2,J. Doumbia,Jocelyn Doumbia,
UAE,خورفكان,2026-2027,2,K. Al Hanae,,
UAE,خورفكان,2023-2024 .. 2024-2025,2,Nélson Pereira,,
UAE,خورفكان,2023-2024,2,Rashid Al Naour,,
UAE,خورفكان,2022-2023,2,A. Mubarak,,
UAE,خورفكان,2022-2023,2,A. Yousef,,
UAE,خورفكان,2022-2023 .. 2024-2025,2,Ali Aldhanhani,,
UAE,خورفكان,2022-2023,2,Amir Mubarak Al Hammadi,,
UAE,خورفكان,2023-2024,2,Azizbek Amanov,,
UAE,خورفكان,2025-2026,2,Jean N'Guessan,,
UAE,خورفكان,2022-2023,2,Mehdi Abeid,,
UAE,خورفكان,2023-2024,2,Mohamed Awad,,
UAE,خورفكان,2024-2025,2,Noureddine Oussama,,
UAE,خورفكان,2023-2024,2,Omar Juma,,
UAE,خورفكان,2023-2024,2,Saîf-Eddine Khaoui,,
UAE,خورفكان,2023-2024,2,Tiago Leonço,,
UAE,خورفكان,2023-2024,2,Waleed Husain,,
UAE,خورفكان,2023-2024,1,A. Tamboura,Alhassane Tamboura,
UAE,خورفكان,2024-2025,1,Lee Seung-Joon,Lee Seung-joon,
UAE,خورفكان,2026-2027,1,M. Sagna,,
UAE,خورفكان,2023-2024,1,Omar Alnaqbi,,
UAE,خورفكان,2023-2024,1,Ahmad Adel Al Amri,,
UAE,خورفكان,2022-2023,1,Ahmed Al Rawahi,,
UAE,خورفكان,2025-2026,1,Akram Nakach,,
UAE,خورفكان,2024-2025,1,Du-jae Won,,
UAE,خورفكان,2022-2023,1,Fabio Abreu,,
UAE,خورفكان,2022-2023,1,K. Mohammed,,
UAE,خورفكان,2024-2025,1,Mohammed Ali Shakir,,
UAE,خورفكان,2023-2024,1,Mohammed Eisa,,
UAE,خورفكان,2022-2023,1,S. A. Kharkhash Alzeyoudi A.,,
UAE,خورفكان,2022-2023,1,Salem Al Rawahi,,
UAE,خورفكان,2025-2026,1,Serano Seymor,,
UAE,خورفكان,2023-2024,1,Shaheen Surour,,
UAE,خورفكان,2023-2024,1,Sultan Fayez Ahmed,,
UAE,دبا الحصن,2022-2023 .. 2024-2025,83,Ali Al Dhanhani,Ali Aldhanhani,
UAE,دبا الحصن,2022-2023 .. 2025-2026,58,Abdullah Khamis Juma,,
UAE,دبا الحصن,2023-2024 .. 2024-2025,52,Ali Al Ansaari,Ali Abdulla,
UAE,دبا الحصن,2024-2025,47,Midana Cassamá,,
UAE,دبا الحصن,2024-2025 .. 2025-2026,40,P. Kunde,Pierre Kunde,
UAE,دبا الحصن,2024-2025,38,João Vitor,Joao Vitor,
UAE,دبا الحصن,2024-2025,37,H. Jouini,Haythem Jouini,
UAE,دبا الحصن,2022-2023 .. 2024-2025,32,Adel Fadaq,Adel Abu Baker Fadaaq,
UAE,دبا الحصن,2024-2025,30,I. Cissé,Ibrahima Cisse,
UAE,دبا الحصن,2024-2025,28,N. Vujanović,Nikša Vujanović,
UAE,دبا الحصن,2024-2025,28,O. Haddadi,Oussama Haddadi,
UAE,دبا الحصن,2024-2025,27,Witiness Quembo,Witi,
UAE,دبا الحصن,2024-2025,23,Abdullah Al Matroushi,Abdallah Saeed Salem,
UAE,دبا الحصن,2024-2025,19,I. Elemiike,Ideba James Elemiike,
UAE,دبا الحصن,2024-2025,11,A. Ndour,Alioune Ndour,
UAE,دبا الحصن,2024-2025,10,Nahyan Al Abdouli,Nahyan Al-Abdouli,
UAE,دبا الحصن,2024-2025,9,Feras Al Khaseebi,Feras Saleh Alkhaseebi,
UAE,دبا الحصن,2024-2025,9,Guilherme Matos,,
UAE,دبا الحصن,2023-2024 .. 2024-2025,8,Ali Abdulla,,
UAE,دبا الحصن,2024-2025,7,Marcos Souza,,
UAE,دبا الحصن,2024-2025,7,Witi,,
UAE,دبا الحصن,2024-2025,6,A. Mățan,Alexandru Mățan,
UAE,دبا الحصن,2024-2025,6,Khalifa Al Hmoudi,,
UAE,دبا الحصن,2024-2025,6,Mohamed Al Sereidi,,
UAE,دبا الحصن,2024-2025,5,D. Nsobila,Dominic Nsobila,
UAE,دبا الحصن,2024-2025,4,Alioune Ndour,,
UAE,دبا الحصن,2024-2025,4,Haythem Jouini,,
UAE,دبا الحصن,2024-2025,4,Ibrahima Cisse,,
UAE,دبا الحصن,2024-2025,4,Ideba James Elemiike,,
UAE,دبا الحصن,2024-2025,3,Ahmad Al Dhuhoori,,
UAE,دبا الحصن,2024-2025,3,Daniel Simões,Danielzinho,
UAE,دبا الحصن,2024-2025,3,K. Taha,Kamal Taha,
UAE,دبا الحصن,2024-2025,3,Falah Al Jneibi,,
UAE,دبا الحصن,2024-2025,3,Pierre Kunde,,
UAE,دبا الحصن,2024-2025,2,Joao Vitor,,
UAE,دبا الحصن,2024-2025,2,Nikša Vujanović,,
UAE,دبا الحصن,2024-2025,1,Dominic Nsobila,,
UAE,دبا الحصن,2024-2025,1,Oussama Haddadi,,
UAE,دبا الفجيرة,2022-2023 .. 2025-2026,64,Saymon Cabral,,
UAE,دبا الفجيرة,2024-2025 .. 2025-2026,59,T. Uchino,Takashi Uchino,
UAE,دبا الفجيرة,2022-2023 .. 2025-2026,55,Habib Yousuf,,
UAE,دبا الفجيرة,2024-2025 .. 2026-2027,54,D. Coulibaly,Drissa Coulibaly,
UAE,دبا الفجيرة,2022-2023 .. 2025-2026,49,Mohamed Al Rowaihy,,
UAE,دبا الفجيرة,2025-2026,41,K. Alsaleh,Khaled Alsaleh,
UAE,دبا الفجيرة,2022-2023 .. 2025-2026,40,T. Dhliwayo,,
UAE,دبا الفجيرة,2022-2023,37,Jája Silva,,
UAE,دبا الفجيرة,2022-2023 .. 2026-2027,37,Khaled,Khalid Mubarak,
UAE,دبا الفجيرة,2025-2026,36,Carlinhos,,
UAE,دبا الفجيرة,2025-2026,36,A. Al Balushi,Abdallah Al Balushi,
UAE,دبا الفجيرة,2022-2023,36,Amer Omar,,
UAE,دبا الفجيرة,2025-2026,34,Meme,,
UAE,دبا الفجيرة,2022-2023,31,Ibrahim Saeed,,
UAE,دبا الفجيرة,2022-2023 .. 2026-2027,31,M. Rashed,Rashed Mohamed,
UAE,دبا الفجيرة,2022-2023,31,Marcelo,,
UAE,دبا الفجيرة,2025-2026,30,A. Khamis,Abdullah Khamis Juma,
UAE,دبا الفجيرة,2025-2026,30,M. Alteneiji,,
UAE,دبا الفجيرة,2025-2026,30,R. Omer,,
UAE,دبا الفجيرة,2022-2023,30,Rashed Mohamed I,Rashed Mohamed,
UAE,دبا الفجيرة,2022-2023,29,Khalid Abdulla,Khalid Mubarak,
UAE,دبا الفجيرة,2024-2025 .. 2025-2026,28,Iago Santos,,
UAE,دبا الفجيرة,2025-2026,27,E. Benedict,Elijah Benedict,
UAE,دبا الفجيرة,2022-2023,26,Humaid Al Najjar,,
UAE,دبا الفجيرة,2025-2026,23,Andrigo,,
UAE,دبا الفجيرة,2022-2023 .. 2023-2024,21,Pedro Castro,,
UAE,دبا الفجيرة,2024-2025 .. 2025-2026,20,M. Cassama,Midana Cassamá,
UAE,دبا الفجيرة,2025-2026,20,I. Al Zaabi,Sultan Alzaabi,
UAE,دبا الفجيرة,2022-2023,20,Ibrahim Al Mansoori,,
UAE,دبا الفجيرة,2022-2023,19,Abdulla Mohammed,,
UAE,دبا الفجيرة,2022-2023,19,Ahmed Ali Rashed,,
UAE,دبا الفجيرة,2025-2026,17,A. Saeed,,
UAE,دبا الفجيرة,2025-2026,17,F. Badr,,
UAE,دبا الفجيرة,2025-2026,17,S. Mohamed,,
UAE,دبا الفجيرة,2025-2026,16,Gilmario,Gilmário,
UAE,دبا الفجيرة,2025-2026 .. 2026-2027,16,K. Al Baloushi,Khaled Al-Blooshi | Khaled Ali Al Baloushi,
UAE,دبا الفجيرة,2022-2023,15,J. Sleegers,,
UAE,دبا الفجيرة,2022-2023,14,A. Condé,,
UAE,دبا الفجيرة,2022-2023,14,S. Guindo,,
UAE,دبا الفجيرة,2022-2023,13,A. Šćekić,,
UAE,دبا الفجيرة,2022-2023,13,Edu,,
UAE,دبا الفجيرة,2022-2023,13,China,,
UAE,دبا الفجيرة,2025-2026 .. 2026-2027,13,E. Houti,Eisa Houti,
UAE,دبا الفجيرة,2025-2026,12,M. Al Mardi,Mahmoud Al-Mardi,
UAE,دبا الفجيرة,2022-2023,12,Husain Abdulla Omar,,
UAE,دبا الفجيرة,2025-2026,11,D. Ferreira,,
UAE,دبا الفجيرة,2022-2023,11,Khameis Mohamed,,
UAE,دبا الفجيرة,2022-2023,11,Roger Mendonça,,
UAE,دبا الفجيرة,2022-2023,10,Ahmed Nabil,,
UAE,دبا الفجيرة,2025-2026,10,A. Abdullaev,Abdulla Abdullaev,
UAE,دبا الفجيرة,2022-2023,10,Mohammed Mustafa,,
UAE,دبا الفجيرة,2025-2026,8,J. Bangsbo,Johan Bångsbo,
UAE,دبا الفجيرة,2025-2026,8,M. Osman,Mohamed Osman,
UAE,دبا الفجيرة,2022-2023,7,Mohannad Obaid,Mohanad Khamis Obaid,
UAE,دبا الفجيرة,2025-2026,7,W. Hussain,,
UAE,دبا الفجيرة,2022-2023 .. 2023-2024,6,Mohamed Saeed,Mohamed Al Sereidi,
UAE,دبا الفجيرة,2022-2023,6,Ali Saeed Saqr,,
UAE,دبا الفجيرة,2022-2023,6,Kahled Rashed,,
UAE,دبا الفجيرة,2025-2026,5,A. H. Eisa A.,,
UAE,دبا الفجيرة,2022-2023,5,A. De Oliveira,,
UAE,دبا الفجيرة,2022-2023,4,K. Seakanyeng,,
UAE,دبا الفجيرة,2025-2026,4,Abdulla Saeed,,
UAE,دبا الفجيرة,2025-2026,3,A. Salem,Abdullah Salem,
UAE,دبا الفجيرة,2025-2026,3,S. Alhefeiti,Sultan Al Hefaiti,
UAE,دبا الفجيرة,2025-2026,3,Z. Al Dhanhani,,
UAE,دبا الفجيرة,2022-2023 .. 2023-2024,3,A. Abdulrahman,,
UAE,دبا الفجيرة,2022-2023,3,A. Scekic,,
UAE,دبا الفجيرة,2022-2023,3,Jaja,,
UAE,دبا الفجيرة,2025-2026,2,A. Nabil,,
UAE,دبا الفجيرة,2022-2023,2,B. Alhassan,,
UAE,دبا الفجيرة,2022-2023,2,K. Ajana,,
UAE,دبا الفجيرة,2025-2026,2,M. B. Gning,,
UAE,دبا الفجيرة,2022-2023 .. 2025-2026,2,Rashed Mohamed II,,
UAE,دبا الفجيرة,2022-2023,2,A. Mansour,,
UAE,دبا الفجيرة,2022-2023,2,A. Musa,,
UAE,دبا الفجيرة,2022-2023,2,Abdoulaye Conde,,
UAE,دبا الفجيرة,2024-2025 .. 2025-2026,2,Drissa Coulibaly,,
UAE,دبا الفجيرة,2022-2023,2,Jajá,,
UAE,دبا الفجيرة,2025-2026,2,Khaled Alsaleh,,
UAE,دبا الفجيرة,2025-2026,2,Khalid Mubarak,,
UAE,دبا الفجيرة,2022-2023,2,M. Khameis,,
UAE,دبا الفجيرة,2025-2026,2,Mohanad Ali,Ali Mukhtar | Mukhtar Ali,
UAE,دبا الفجيرة,2025-2026,2,Rashed Mohamed,,
UAE,دبا الفجيرة,2022-2023,2,Tafadzwa Dhliwayo,,
UAE,دبا الفجيرة,2025-2026,1,A. Conde,,
UAE,دبا الفجيرة,2025-2026,1,A. Khameis,,
UAE,دبا الفجيرة,2022-2023,1,Emerson Tucão,,
UAE,دبا الفجيرة,2022-2023,1,Khaleifah Al Sharqi,,
UAE,دبا الفجيرة,2022-2023,1,Sebil Saleh,Sebil Jassim Saleh,
UAE,دبا الفجيرة,2022-2023,1,A. Ali Rashed,,
UAE,دبا الفجيرة,2022-2023,1,A. H. Abdulla,,
UAE,دبا الفجيرة,2022-2023,1,A. Omar,Ahmed Omar,
UAE,دبا الفجيرة,2022-2023,1,Amer Omar Bazuhair,,
UAE,دبا الفجيرة,2025-2026,1,Elijah Benedict,,
UAE,دبا الفجيرة,2025-2026,1,Gilmário,,
UAE,دبا الفجيرة,2022-2023,1,I. Saeed,,
UAE,دبا الفجيرة,2022-2023,1,K. Rashed,,
UAE,دبا الفجيرة,2022-2023,1,Khalid Abdullah Al Riyami,,
UAE,دبا الفجيرة,2022-2023,1,M. I. Al,,
UAE,دبا الفجيرة,2022-2023,1,Mohammed Rashed,,
UAE,دبا الفجيرة,2022-2023,1,R. Mendonca,,
UAE,دبا الفجيرة,2025-2026,1,R. Mohammad Omar,,
UAE,شباب الأهلي,2022-2023 .. 2026-2027,160,F. Cartabia,Federico Cartabia,
UAE,شباب الأهلي,2022-2023 .. 2025-2026,134,Yuri César,,
UAE,شباب الأهلي,2023-2024 .. 2025-2026,119,M. Dabbur,Munas Dabbur,
UAE,شباب الأهلي,2022-2023 .. 2025-2026,113,Guilherme Bala,,
UAE,شباب الأهلي,2022-2023 .. 2024-2025,111,Yahya Al Ghassani,Yahya Alghassani,
UAE,شباب الأهلي,2022-2023 .. 2026-2027,105,Renan,,
UAE,شباب الأهلي,2023-2024 .. 2026-2027,102,S. Ezatolahi,Saeid Ezatolahi,
UAE,شباب الأهلي,2022-2023 .. 2024-2025,94,A. Gʻaniyev,Azizjon Ganiev,
UAE,شباب الأهلي,2022-2023 .. 2025-2026,82,Mohammad Juma,Mohammed Jumaa,
UAE,شباب الأهلي,2022-2023 .. 2024-2025,78,Harib Abdalla Suhail,Hareb Abdullah Suhail | Harib Suhail,
UAE,شباب الأهلي,2022-2023 .. 2023-2024,76,Igor Jesus,,
UAE,شباب الأهلي,2022-2023 .. 2024-2025,75,Saeed Sulaiman,Saeed Suleiman Salem,
UAE,شباب الأهلي,2022-2023 .. 2024-2025,73,Hassan Hamza,,
UAE,شباب الأهلي,2023-2024 .. 2025-2026,73,Mateusão,,
UAE,شباب الأهلي,2023-2024 .. 2026-2027,69,Kauan Santos,,
UAE,شباب الأهلي,2022-2023 .. 2023-2024,66,Omar Khribin,Omar Kharbin,
UAE,شباب الأهلي,2024-2025 .. 2026-2027,66,Rikelme,,
UAE,شباب الأهلي,2022-2023 .. 2024-2025,65,Walid Abbas,Walid Abbas Murad,
UAE,شباب الأهلي,2022-2023 .. 2024-2025,63,Mohammed Marzooq,,
UAE,شباب الأهلي,2024-2025 .. 2026-2027,63,S. Azmoun,Sardar Azmoun,
UAE,شباب الأهلي,2025-2026 .. 2026-2027,58,Yuri Cesar,Yuri César,
UAE,شباب الأهلي,2023-2024 .. 2024-2025,54,L. Milivojević,Luka Milivojević,
UAE,شباب الأهلي,2022-2023 .. 2024-2025,53,Bader Nasser,Bader Abaelaziz,
UAE,شباب الأهلي,2023-2024 .. 2025-2026,52,Breno Cascardo,,
UAE,شباب الأهلي,2022-2023 .. 2023-2024,52,Tariq Ahmed,Tariq Hassan,
UAE,شباب الأهلي,2024-2025 .. 2026-2027,51,Mateus Henrique,,
UAE,شباب الأهلي,2023-2024 .. 2024-2025,50,B. Planić,Bogdan Planić,
UAE,شباب الأهلي,2025-2026 .. 2026-2027,49,Guilherme,Guilherme Bala,
UAE,شباب الأهلي,2025-2026 .. 2026-2027,45,Breno,Breno Cascardo,
UAE,شباب الأهلي,2025-2026 .. 2026-2027,44,Mateusao,Mateusão,
UAE,شباب الأهلي,2022-2023 .. 2023-2024,41,Yousef Jaber,,
UAE,شباب الأهلي,2025-2026 .. 2026-2027,38,M. Al Mansouri,Mohammad Juma,
UAE,شباب الأهلي,2025-2026 .. 2026-2027,33,I. Gomes,Igor Gomes,
UAE,شباب الأهلي,2023-2024 .. 2024-2025,31,Eid Khamis,Eid Khamis Eid,
UAE,شباب الأهلي,2024-2025 .. 2026-2027,31,H. Al Meqebaali,Hamad Abdullah Almeqbaali,
UAE,شباب الأهلي,2025-2026 .. 2026-2027,28,S. Adil,Sultan Adil | Sultan Adill,
UAE,شباب الأهلي,2023-2024 .. 2025-2026,27,Hamad Al Meqebaali,,
UAE,شباب الأهلي,2022-2023,26,Abdalla Al-Naqbi,Abdalla Al Naqbi,
UAE,شباب الأهلي,2023-2024,26,Ahmad Jamil,Ahmed Abdulla Jamil,
UAE,شباب الأهلي,2022-2023,26,Ahmed Jamil,Ahmed Abdulla Jamil,
UAE,شباب الأهلي,2024-2025,25,Igor Gomes,,
UAE,شباب الأهلي,2025-2026 .. 2026-2027,25,Y. Al Ghassani,Yahya Alghassani,
UAE,شباب الأهلي,2025-2026 .. 2026-2027,24,N. Maksimovic,Nemanja Maksimović,
UAE,شباب الأهلي,2023-2024 .. 2024-2025,23,Rakaan Al Menhali,Rakan Waleed,
UAE,شباب الأهلي,2024-2025 .. 2025-2026,22,B. Planic,Bogdan Planić,
UAE,شباب الأهلي,2025-2026 .. 2026-2027,22,D. Garcia,Damián García,
UAE,شباب الأهلي,2022-2023,22,Eid Khamis Alnuaimi,Eid Khamis Eid,
UAE,شباب الأهلي,2024-2025,22,Harib Abdalla,Hareb Abdullah Suhail | Harib Suhail,
UAE,شباب الأهلي,2025-2026 .. 2026-2027,22,M. Seifi,Mersad Seifi,
UAE,شباب الأهلي,2025-2026,21,E. Al Nuaimi,Eid Khamis Eid,
UAE,شباب الأهلي,2022-2023 .. 2023-2024,20,Majed Naser,,
UAE,شباب الأهلي,2025-2026,20,R. Maqdami,Rashed Salem Maqdami,
UAE,شباب الأهلي,2023-2024 .. 2025-2026,18,Luka Milivojević,,
UAE,شباب الأهلي,2025-2026,16,R. Al Menhali,Rakan Waleed,
UAE,شباب الأهلي,2022-2023 .. 2023-2024,15,Salmin Khamis,Salmeen Khamis,
UAE,شباب الأهلي,2025-2026,15,Kaiky,,
UAE,شباب الأهلي,2024-2025 .. 2025-2026,13,Damián García,,
UAE,شباب الأهلي,2022-2023 .. 2025-2026,13,Azizjon Ganiev,,
UAE,شباب الأهلي,2025-2026,12,Joao Marcelo,João Marcelo,
UAE,شباب الأهلي,2025-2026,12,S. Gonzalez Baquero,Sebastián González,
UAE,شباب الأهلي,2023-2024 .. 2025-2026,12,Bogdan Planić,,
UAE,شباب الأهلي,2022-2023 .. 2025-2026,12,Federico Cartabia,,
UAE,شباب الأهلي,2025-2026,11,Thiago,Thiago Sá Gomes Scarpino,
UAE,شباب الأهلي,2022-2023,11,J. Denayer,Jason Denayer,
UAE,شباب الأهلي,2025-2026,10,W. Abbas,Walid Abbas | Walid Abbas Murad,
UAE,شباب الأهلي,2022-2023 .. 2025-2026,10,Yahya Alghassani,,
UAE,شباب الأهلي,2025-2026 .. 2026-2027,9,E. Irala,Elian Irala,
UAE,شباب الأهلي,2024-2025,8,Hamad Al Meqbaali,,
UAE,شباب الأهلي,2023-2024 .. 2025-2026,8,Saeid Ezatolahi,,
UAE,شباب الأهلي,2024-2025,7,G. Álvarez Suárez,Gaston Alvarez Suarez,
UAE,شباب الأهلي,2022-2023 .. 2024-2025,7,Eid Khamis Eid,,
UAE,شباب الأهلي,2023-2024 .. 2024-2025,7,Munas Dabbur,,
UAE,شباب الأهلي,2025-2026,6,H. Hamza,Hassan Hamza,
UAE,شباب الأهلي,2025-2026,6,S. Khamis,Salmeen Khamis,
UAE,شباب الأهلي,2022-2023 .. 2024-2025,6,Bader Abaelaziz,,
UAE,شباب الأهلي,2024-2025,6,Sardar Azmoun,,
UAE,شباب الأهلي,2022-2023,5,Ahmed Abdulla Jamil,,
UAE,شباب الأهلي,2022-2023 .. 2024-2025,5,Saeed Suleiman Salem,,
UAE,شباب الأهلي,2025-2026,4,R. Waleed,,
UAE,شباب الأهلي,2026-2027,3,J. Fernandes,Jorge Fernandes,
UAE,شباب الأهلي,2022-2023,3,Khalid Salem,,
UAE,شباب الأهلي,2026-2027,2,J. Markelo,,
UAE,شباب الأهلي,2026-2027,2,Matheus Donelli,,
UAE,شباب الأهلي,2023-2024,2,Yassine Boualam,,
UAE,شباب الأهلي,2023-2024 .. 2024-2025,2,Adel Abu Baker Fadaaq,,
UAE,شباب الأهلي,2023-2024,2,Hareb Abdullah Suhail,,
UAE,شباب الأهلي,2022-2023,2,M. Marzooq,,
UAE,شباب الأهلي,2023-2024,2,Salmeen Khamis,,
UAE,شباب الأهلي,2024-2025,1,Ali Al Saffar,,
UAE,شباب الأهلي,2025-2026,1,M. Almansoori,,
UAE,شباب الأهلي,2022-2023,1,Sultan Ali,,
UAE,شباب الأهلي,2024-2025,1,Y. Boualam,Yassine Boualam,
UAE,شباب الأهلي,2026-2027,1,A. Jardine,,
UAE,شباب الأهلي,2022-2023,1,Eisa Waleed Obaid,,
UAE,شباب الأهلي,2024-2025,1,Harib Suhail,,
UAE,شباب الأهلي,2025-2026,1,Nemanja Maksimović,,
UAE,شباب الأهلي,2025-2026,1,P. Sousa,,
UAE,شباب الأهلي,2022-2023,1,Y. Alghassani,,
UAE,عجمان,2022-2023 .. 2024-2025,125,Ali Madan,,
UAE,عجمان,2023-2024 .. 2026-2027,125,Lithierry,,
UAE,عجمان,2022-2023 .. 2024-2025,108,W. Azaro,Walid Azarou,
UAE,عجمان,2022-2023 .. 2026-2027,107,R. Marciano,Rocky Marciano,
UAE,عجمان,2022-2023 .. 2026-2027,90,I. Faiz,Isam Faiz,
UAE,عجمان,2022-2023 .. 2026-2027,89,A. Al Hosani,Abdulla Najy Alhosani | Adel Al Hosani,
UAE,عجمان,2022-2023 .. 2025-2026,85,Mohamed Ismail,Mohamed Ismael,
UAE,عجمان,2024-2025 .. 2026-2027,84,J. Flemmings,Junior Flemmings,
UAE,عجمان,2022-2023 .. 2023-2024,81,P. Mboungou,Vieljeux Prestige Mboungou,
UAE,عجمان,2022-2023 .. 2024-2025,78,Saoud Saeed,,
UAE,عجمان,2022-2023 .. 2024-2025,72,Abdulla Abdelaziz,,
UAE,عجمان,2023-2024 .. 2024-2025,65,Bilal Yousef,Bilal Abdullah,
UAE,عجمان,2022-2023 .. 2024-2025,63,Gianluca Muniz,,
UAE,عجمان,2024-2025 .. 2026-2027,63,I. Moumen,Ismail Moumen,
UAE,عجمان,2022-2023 .. 2024-2025,63,M. Kosanović,Miloš Kosanović,
UAE,عجمان,2023-2024 .. 2025-2026,55,Mohammad Nasser,,
UAE,عجمان,2023-2024 .. 2024-2025,53,H. Chikhaoui,Haykeul Chikhaoui,
UAE,عجمان,2023-2024 .. 2024-2025,52,Abdelrahman Rakan,Abdulrahman Rakan,
UAE,عجمان,2024-2025 .. 2026-2027,52,F. Ben Njima,Fradj Ben Njima,
UAE,عجمان,2022-2023 .. 2024-2025,52,Waleid Al Yammahi,Waleed Al Yammahi,
UAE,عجمان,2022-2023 .. 2023-2024,51,Dodô,,
UAE,عجمان,2023-2024 .. 2024-2025,48,Abdulla Saleh,Abdullah Al Junaibi,
UAE,عجمان,2023-2024 .. 2024-2025,48,Ali Mohamed,Ali Al Hosani,
UAE,عجمان,2025-2026 .. 2026-2027,45,V. Henrique,Victor Henrique Cardoso Santos,
UAE,عجمان,2024-2025 .. 2025-2026,45,Victor Henrique,,
UAE,عجمان,2022-2023 .. 2023-2024,43,Mohamed Jaber,,
UAE,عجمان,2025-2026 .. 2026-2027,41,B. Al Raeesi,Bilal Abdullah | Bilal Yousef,
UAE,عجمان,2022-2023 .. 2026-2027,41,W. Azarou,W. Azaro | Walid Azarou,
UAE,عجمان,2023-2024 .. 2026-2027,38,A. Mittache,Anas Mittache,
UAE,عجمان,2023-2024 .. 2024-2025,38,Yousuf Ahmed,,
UAE,عجمان,2023-2024 .. 2026-2027,36,S. El Hadani,Saad El Hadani,
UAE,عجمان,2022-2023 .. 2023-2024,36,N. Vuković,Novak Vuković,
UAE,عجمان,2023-2024 .. 2024-2025,36,Obaid Raed,Obaid Al Zaabi,
UAE,عجمان,2025-2026 .. 2026-2027,35,Yuri Matias,,
UAE,عجمان,2024-2025 .. 2025-2026,34,A. Al Balooshi,,
UAE,عجمان,2024-2025 .. 2026-2027,33,A. Rakan,Abdelrahman Rakan | Abdulrahman Rakan,
UAE,عجمان,2025-2026 .. 2026-2027,33,G. Zajkov,Gjoko Zajkov,
UAE,عجمان,2022-2023 .. 2024-2025,32,Abdullah Al Junaibi,Abdulla Saleh,
UAE,عجمان,2023-2024 .. 2024-2025,32,Issam Faiz,Isam Faiz,
UAE,عجمان,2025-2026 .. 2026-2027,32,S. Suliman,,
UAE,عجمان,2022-2023 .. 2025-2026,31,Ali Al Hosani,,
UAE,عجمان,2022-2023,31,Bilal Yousif,Bilal Abdullah | Bilal Yousef,
UAE,عجمان,2025-2026 .. 2026-2027,30,N. A. Mohammed M.,,
UAE,عجمان,2023-2024,28,Nasser Abdelhadi,Nasser Abdulhadi,
UAE,عجمان,2022-2023,27,Mohammed Hilal,Mohamed Hilal,
UAE,عجمان,2024-2025,25,A. Mtitiche,Anas Mittache,
UAE,عجمان,2025-2026 .. 2026-2027,24,A. Abdelaziz,Abdulla Abdelaziz,
UAE,عجمان,2024-2025,23,M. Souboul,Mohamed Souboul,
UAE,عجمان,2022-2023,23,N. Noor,,
UAE,عجمان,2022-2023 .. 2024-2025,22,Abdulrahman Rakan,Abdelrahman Rakan,
UAE,عجمان,2022-2023,22,Yousef Ahmed,Yousuf Ahmed,
UAE,عجمان,2025-2026,21,D. Hotic,Dino Hotić,
UAE,عجمان,2025-2026,21,M. Yazan,,
UAE,عجمان,2023-2024 .. 2024-2025,21,Mohamed Yousef,,
UAE,عجمان,2025-2026,21,Y. Jabrane,Yahya Jabrane,
UAE,عجمان,2022-2023,20,M. Samardžić,,
UAE,عجمان,2025-2026,20,M. Yousef,,
UAE,عجمان,2022-2023,20,Nasir Abdulhadi,Nasser Abdulhadi,
UAE,عجمان,2025-2026,19,O. Al Zaabi,,
UAE,عجمان,2022-2023 .. 2025-2026,19,Walid Azarou,,
UAE,عجمان,2025-2026,17,M. Al Junaibi,Mohamed Ismail,
UAE,عجمان,2022-2023 .. 2025-2026,17,Isam Faiz,,
UAE,عجمان,2022-2023,16,Ahmad Eissa,Ahmad Eissa Moharrami,
UAE,عجمان,2022-2023 .. 2023-2024,16,Obaid Al Zaabi,,
UAE,عجمان,2022-2023,15,Hussain Abdulrahman,,
UAE,عجمان,2024-2025,14,Abdulla Al Balooshi,Abdulla Al Baloosh,
UAE,عجمان,2023-2024,14,Obaid Mohamed,,
UAE,عجمان,2022-2023,14,Saeed Jassim,,
UAE,عجمان,2023-2024,12,Saif Rashed,Saif Rashid,
UAE,عجمان,2023-2024,11,N. Ghandri,Nader Ghandri,
UAE,عجمان,2023-2024 .. 2025-2026,11,Anas Mittache,,
UAE,عجمان,2024-2025,10,A. Sabiri,Abdelhamid Sabiri,
UAE,عجمان,2023-2024 .. 2025-2026,10,Bilal Abdullah,,
UAE,عجمان,2025-2026 .. 2026-2027,8,Y. Jabri,,
UAE,عجمان,2022-2023 .. 2024-2025,8,Miloš Kosanović,,
UAE,عجمان,2022-2023 .. 2023-2024,8,Mohamed Ismael,,
UAE,عجمان,2023-2024,7,Mohamed Hilal,,
UAE,عجمان,2024-2025,7,A. El Hassouni,Aymane El Hassouni,
UAE,عجمان,2023-2024,7,Hussain Abdelrahman,Hussain Abdulrahman,
UAE,عجمان,2022-2023,7,Mohammed Yousef,Mohamed Yousef | Mohammed Abdulrahman,
UAE,عجمان,2025-2026,6,Y. Ahmed,,
UAE,عجمان,2024-2025 .. 2025-2026,6,Junior Flemmings,,
UAE,عجمان,2022-2023,6,Miral Samardžić,,
UAE,عجمان,2023-2024 .. 2024-2025,5,Ahmed Eissa,Ahmad Eissa Moharrami,
UAE,عجمان,2025-2026,5,M. Aljneibi,,
UAE,عجمان,2023-2024,5,Sabil Jaseem,Sebil Jassim Saleh,
UAE,عجمان,2022-2023 .. 2023-2024,5,Nasser Abdulhadi,,
UAE,عجمان,2023-2024 .. 2025-2026,5,Rocky Marciano,,
UAE,عجمان,2022-2023 .. 2025-2026,4,A. Vasiljevic,Aleksandar Vasiljević,
UAE,عجمان,2025-2026,4,O. Raed,,
UAE,عجمان,2024-2025 .. 2025-2026,4,Ismail Moumen,,
UAE,عجمان,2024-2025,3,Rashed Shukri,Rashed Nooh,
UAE,عجمان,2024-2025,3,Abdelhamid Sabiri,,
UAE,عجمان,2023-2024 .. 2024-2025,3,Haykeul Chikhaoui,,
UAE,عجمان,2022-2023 .. 2023-2024,3,Vieljeux Prestige Mboungou,,
UAE,عجمان,2024-2025,2,Mahmoud Yazan,,
UAE,عجمان,2022-2023,2,Obaid Almehri,Obaid Mohamed,
UAE,عجمان,2022-2023,2,Rashed Nooh,,
UAE,عجمان,2026-2027,2,Victor Hugo,,
UAE,عجمان,2025-2026,2,Y. Yaqoob,,
UAE,عجمان,2022-2023,2,Humaid Abdalla Saleh,,
UAE,عجمان,2023-2024,2,Nader Ghandri,,
UAE,عجمان,2025-2026,2,Saad El Hadani,,
UAE,عجمان,2024-2025 .. 2025-2026,2,Salem Suliman,,
UAE,عجمان,2022-2023,2,V. Mboungou,,
UAE,عجمان,2022-2023,2,Waleed Al Yammahi,,
UAE,عجمان,2025-2026,1,A. Alblooshi,,
UAE,عجمان,2024-2025,1,Aidh Khamis,,
UAE,عجمان,2025-2026,1,J. Baisley,,
UAE,عجمان,2023-2024,1,Saeed Jasem,Saeed Jassim,
UAE,عجمان,2022-2023,1,Salem Ahmed,,
UAE,عجمان,2022-2023,1,Ben Larbi Firas,,
UAE,عجمان,2025-2026,1,Fradj Ben Njima,,
UAE,عجمان,2025-2026,1,G. Tufegdzic,,
UAE,عجمان,2025-2026,1,Gjoko Zajkov,,
UAE,عجمان,2022-2023,1,M. Samardzic,,
UAE,عجمان,2024-2025,1,Mohamed Souboul,,
UAE,عجمان,2022-2023,1,R. Nooh,,
UAE,عجمان,2022-2023,1,S. Saeed,,
UAE,يونايتد إف سي,2026-2027,9,W. Semedo,,
UAE,يونايتد إف سي,2026-2027,7,A. Al Chadli,,
UAE,يونايتد إف سي,2026-2027,6,M. Name,,
UAE,يونايتد إف سي,2026-2027,5,S. Babicka,,
UAE,يونايتد إف سي,2026-2027,5,D. Michel,,
UAE,يونايتد إف سي,2026-2027,5,H. Yahya,,
UAE,يونايتد إف سي,2026-2027,4,B. Nagoro,,
UAE,يونايتد إف سي,2023-2024 .. 2026-2027,4,H. Al Fardan,,
UAE,يونايتد إف سي,2026-2027,4,O. Jamal,,
UAE,يونايتد إف سي,2026-2027,3,E. Maouhoub,,
UAE,يونايتد إف سي,2026-2027,3,B. Diakite,,
UAE,يونايتد إف سي,2026-2027,3,H. Juma,,
UAE,يونايتد إف سي,2026-2027,3,H. Seferovic,Haris Seferović,
UAE,يونايتد إف سي,2026-2027,3,I. Noor,,
UAE,يونايتد إف سي,2026-2027,3,M. Ghulam,Mohammed Yousuf Ghulam,
UAE,يونايتد إف سي,2026-2027,3,P. Gueye,,
UAE,يونايتد إف سي,2026-2027,3,S. Khairi,Salem Khairi,
UAE,يونايتد إف سي,2026-2027,2,B. Al Ahbabi,Bandar Al Ahbabi,
UAE,يونايتد إف سي,2026-2027,2,M. Moraes,,
UAE,يونايتد إف سي,2026-2027,2,S. A. Daken,,
UAE,يونايتد إف سي,2026-2027,1,C. Nana,,
