player_id,form_a,period_a,club_a,n_a,ar_a,form_b,period_b,club_b,n_b,ar_b,leagues,similarity,shared_clubs,match_cooccur,cooccur_rate_pct,unique_pid_both_sides,decision
17156,M. Bassam,2025-08-08..2026-09-02,Ceramica Cleopatra,29,,Mohamed Bassam,2022-10-18..2026-09-08,Ceramica Cleopatra,183,,EGY,0.696,Ceramica Cleopatra,29/29,100.0,True,
17109,G. Mohamed,2025-08-09..2026-09-02,Future FC,34,,Ghanam Mohamed,2022-10-24..2026-09-09,Future FC,172,,EGY,0.75,Future FC,34/34,100.0,True,
17168,K. Sotohi,2025-08-09..2026-09-01,El Geish,32,,Khaled Stouhi,2022-10-20..2026-09-07,El Geish,174,,EGY,0.636,El Geish,32/32,100.0,True,
16897,A. Shousha,2025-08-10..2026-09-01,Ghazl El Mehalla,33,,Ahmed Shousha,2022-10-19..2026-09-07,"El Gouna FC, Ghazl El Mehalla, Smouha SC",165,,EGY,0.783,Ghazl El Mehalla,33/33,100.0,True,
269175,M. Fakhri,2025-08-10..2026-09-02,"Al Ittihad, Pharco",25,,Mohamed Fakhry,2022-11-02..2026-09-07,"Al Ahly, Al Ittihad, Pharco",170,,EGY,0.609,"Al Ittihad, Pharco",25/25,100.0,True,
2665,A. Magdi,2025-08-08..2026-08-31,"Al Ittihad, Pyramids FC",30,,Abdel Rahman Magdi,2022-10-19..2026-08-31,"Al Ittihad, Ismaily SC, Pyramids FC",161,,EGY,0.538,"Al Ittihad, Pyramids FC",30/30,100.0,True,
2632,Ali Abdullah Hazazi,2023-08-14..2026-08-13,"Al-Ettifaq, Al-Qadisiyah FC",95,عبد الله هزازي,Ali Hazazi,2023-08-14..2026-08-13,"Al-Ettifaq, Al-Qadisiyah FC",95,علي هزازي,SAU,0.69,"Al-Ettifaq, Al-Qadisiyah FC",95/95,100.0,True,
2656,K. Hafez,2025-08-08..2026-08-31,Pyramids FC,25,,Karim Hafez,2022-10-19..2026-09-09,Pyramids FC,165,,EGY,0.737,Pyramids FC,25/25,100.0,True,
2629,Bandar Al Mutairi,2023-08-12..2026-05-20,Al Khaleej Saihat,94,بندر ناصر,Bandar Nasser,2023-08-12..2026-05-20,Al Khaleej Saihat,94,بندر ناصر,SAU,0.6,Al Khaleej Saihat,94/94,100.0,True,
16927,M. Magli,2025-09-13..2026-05-29,Haras El Hodood,26,,Mohamed Magli,2022-12-02..2026-05-29,"El Mokawloon, Haras El Hodood",160,,EGY,0.667,Haras El Hodood,26/26,100.0,True,
312843,Abdelrahman El Banouby,2022-12-02..2026-09-09,"Ceramica Cleopatra, El Dakhleya, Masr",155,,Abdelrahman El Sakran,2025-08-21..2026-09-01,Masr,30,,EGY,0.791,Masr,30/30,100.0,True,
194572,M. Chibi,2022-10-19..2026-09-09,Pyramids FC,101,,Mohamed Chibi,2023-05-29..2026-08-31,Pyramids FC,82,,EGY,0.667,Pyramids FC,82/82,100.0,True,
17166,A. Samy,2025-08-08..2026-08-31,Pyramids FC,25,,Ahmed Samy,2022-10-19..2026-09-09,Pyramids FC,158,,EGY,0.706,Pyramids FC,25/25,100.0,True,
16945,M. Desouki,2025-08-09..2026-08-26,"Future FC, Smouha SC",20,,Mohamed Desouki,2022-10-19..2026-09-08,"Future FC, Ismaily SC, Smouha SC",163,,EGY,0.72,"Future FC, Smouha SC",20/20,100.0,True,
17063,R. Nabil,2025-08-20..2025-10-26,Ceramica Cleopatra,9,,Ragab Nabil,2022-10-18..2026-09-08,Ceramica Cleopatra,174,,EGY,0.737,Ceramica Cleopatra,9/9,100.0,True,
16841,M. Lasheen,2025-08-08..2026-08-31,Pyramids FC,27,,Mohanad Lasheen,2022-10-20..2026-09-09,"Future FC, Pyramids FC",155,,EGY,0.72,Pyramids FC,27/27,100.0,True,
16811,H. El Shahat,2025-08-15..2026-08-28,Al Ahly,23,,Hussein El Shahat,2022-10-19..2026-09-09,"Al Ahly, El Dakhleya",157,,EGY,0.759,Al Ahly,23/23,100.0,True,
46258,F. Lakay,2022-10-19..2026-05-20,"Ceramica Cleopatra, Pyramids FC",102,,Fagrie Lakay,2023-05-29..2026-05-20,"Ceramica Cleopatra, Pyramids FC",78,,EGY,0.7,"Ceramica Cleopatra, Pyramids FC",78/78,100.0,True,
295236,S. Hussein,2025-08-09..2026-09-02,"El Mokawloon, Masr",28,,Shady Hussein,2022-10-19..2026-09-09,"Al Ahly, El Mokawloon, Masr",151,,EGY,0.783,"El Mokawloon, Masr",28/28,100.0,True,
190575,M. Attia,2025-11-02..2026-05-20,Al Ahly,15,,Marwan Attia,2022-10-18..2026-09-09,"Al Ahly, Al Ittihad",164,,EGY,0.7,Al Ahly,15/15,100.0,True,
390210,Mahmoud Zalaka,2022-10-18..2026-08-31,"Ceramica Cleopatra, Pyramids FC",153,,Zalaka,2025-08-14..2026-08-31,Pyramids FC,25,,EGY,0.6,Pyramids FC,25/25,100.0,True,
295133,J. Ebuka,2022-10-18..2026-09-07,"AL Masry, Al Ittihad, Ceramica Cleopatra",98,,John Okoye Ebuka,2023-09-21..2026-08-28,"AL Masry, Al Ittihad, Ceramica Cleopatra",79,,EGY,0.583,"AL Masry, Al Ittihad, Ceramica Cleopatra",79/79,100.0,True,
134766,Abdulrahman Al Safari,2023-08-12..2026-05-21,"Al Kholood, Al-Fayha",88,عبد الرحمن السفري,Abdulrahman Al-Safri,2023-08-12..2026-05-21,"Al Kholood, Al-Fayha",88,عبدالرحمن السفري,SAU,0.927,"Al Kholood, Al-Fayha",88/88,100.0,True,
44313,Yahia Al Shehri,2023-10-22..2026-05-21,Al Riyadh,170,يحيى الشهري,Yahya Al Shehri,2026-04-24..2026-05-21,Al Riyadh,6,يحيى الشهري,SAU,0.933,Al Riyadh,6/6,100.0,True,
310345,A. Zaazaa,2025-08-21..2026-09-02,Future FC,23,,Ali Zaazaa,2022-11-23..2026-09-09,Future FC,153,,EGY,0.842,Future FC,23/23,100.0,True,
269174,Mostafa Shobeir,2023-04-05..2026-09-09,"Al Ahly, El Dakhleya",148,,O. Shobeir,2025-08-09..2026-08-28,Al Ahly,28,,EGY,0.72,Al Ahly,28/28,100.0,True,
16900,M. Grendo,2025-08-10..2026-01-22,Ghazl El Mehalla,13,,Mohamed Grendo,2022-10-18..2026-05-29,"AL Masry, Ghazl El Mehalla, National Bank of Egypt",161,,EGY,0.696,Ghazl El Mehalla,13/13,100.0,True,
1642,F. Kessie,2023-08-11..2026-05-16,Al-Ahli Jeddah,87,فرانك كيسي,Franck Kessié,2023-08-11..2026-05-16,Al-Ahli Jeddah,86,فرانك كيسيه,SAU,0.636,Al-Ahli Jeddah,86/86,100.0,True,
4476,A. Bedrane,2023-08-12..2026-05-21,Damac,86,عبد القادر بدران,Abdelkader Bedrane,2023-08-12..2026-05-21,Damac,86,عبدالقادر بدران,SAU,0.643,Damac,86/86,100.0,True,
44332,Ali Al Bulayhi,2023-08-14..2026-05-20,"Al Shabab, Al-Hilal Saudi FC",86,علي البليحي,Ali Al-Boleahi,2023-08-14..2026-05-20,"Al Shabab, Al-Hilal Saudi FC",86,علي البليحي,SAU,0.786,"Al Shabab, Al-Hilal Saudi FC",86/86,100.0,True,
17262,A. Hany,2025-08-08..2026-09-02,Ceramica Cleopatra,23,,Ahmed Hany,2022-10-18..2026-09-08,Ceramica Cleopatra,149,,EGY,0.706,Ceramica Cleopatra,23/23,100.0,True,
16989,M. Sadek,2025-08-08..2026-09-01,"Ceramica Cleopatra, Olympic El Qanah",22,,Mohamed Sadek,2022-10-19..2026-09-07,"Ceramica Cleopatra, Future FC, Olympic El Qanah, Pyramids FC",149,,EGY,0.667,"Ceramica Cleopatra, Olympic El Qanah",22/22,100.0,True,
402495,Muath Faqeehi,2023-08-13..2026-09-08,"Al Okhdood, Al Taawon, Al-Ittihad FC",165,معاذ فقيهي,Muath Muath,2023-08-13..2023-08-25,Al Taawon,3,معاذ فقيهي,SAU,0.667,Al Taawon,3/3,100.0,True,
390209,Amr Kalawa,2022-10-18..2026-09-08,"Ceramica Cleopatra, Smouha SC",150,,K. Amr,2025-08-08..2026-09-02,Ceramica Cleopatra,17,,EGY,0.375,Ceramica Cleopatra,17/17,100.0,True,
2652,O. Gaber,2025-08-08..2026-08-31,Zamalek SC,22,,Omar Gaber,2022-10-19..2026-09-08,Zamalek SC,145,,EGY,0.778,Zamalek SC,22/22,100.0,True,
269951,A. Sherif,2025-08-21..2026-08-31,Zamalek SC,21,,Ahmed Sherif,2022-10-18..2026-09-08,"Pharco, Zamalek SC",146,,EGY,0.762,Zamalek SC,21/21,100.0,True,
269621,H. Abdelmaguid,2025-08-08..2026-05-20,Zamalek SC,25,,Hossam Abdelmaguid,2022-10-19..2026-05-20,Zamalek SC,141,,EGY,0.812,Zamalek SC,25/25,100.0,True,
17133,I. Yakubu,2022-10-18..2026-02-03,National Bank of Egypt,98,,Issahaku Yakubu,2023-05-31..2026-02-03,National Bank of Egypt,68,,EGY,0.667,National Bank of Egypt,68/68,100.0,True,
2714,W. El Karti,2022-10-19..2026-09-09,Pyramids FC,93,,Walid El Karti,2023-05-29..2026-08-31,Pyramids FC,72,,EGY,0.8,Pyramids FC,72/72,100.0,True,
17142,M. Helal,2025-08-09..2026-08-23,"Future FC, Olympic El Qanah",25,,Mohamed Helal,2022-10-18..2026-08-28,"Future FC, National Bank of Egypt, Olympic El Qanah",140,,EGY,0.667,"Future FC, Olympic El Qanah",25/25,100.0,True,
181059,Leandro Leite,2023-08-18..2026-08-21,"Al-Ittihad Kalba, Al-Wasl FC",63,,Leandro Spadacio,2022-09-02..2026-09-04,"Al-Ittihad Kalba, Al-Wasl FC",102,,UAE,0.621,"Al-Ittihad Kalba, Al-Wasl FC",63/63,100.0,True,
441124,N. Farag,2025-08-09..2026-05-23,Ismaily SC,27,,Nader Farag,2023-09-19..2026-05-23,Ismaily SC,138,,EGY,0.737,Ismaily SC,27/27,100.0,True,
349562,M. Coulibaly,2022-09-03..2026-09-05,Al-Jazira,106,,Mamadou Coulibaly,2023-08-19..2026-05-05,Al-Jazira,58,,UAE,0.759,Al-Jazira,58/58,100.0,True,
44601,Tariq Abdullah,2023-08-12..2026-05-21,"Al Taee, Damac",81,طارق عبد الله,Tariq Mohammed,2023-08-12..2026-05-21,"Al Taee, Damac",81,طارق عبد الله,SAU,0.571,"Al Taee, Damac",81/81,100.0,True,
73798,J. Ochaya,2022-10-20..2026-09-09,El Mokawloon,97,,Joseph Ochaya,2023-05-31..2026-09-02,El Mokawloon,65,,EGY,0.727,El Mokawloon,65/65,100.0,True,
17129,M. Marei,2025-08-08..2026-08-31,Pyramids FC,22,,Mahmoud Marei,2022-10-20..2026-08-31,"Future FC, Pyramids FC",140,,EGY,0.667,Pyramids FC,22/22,100.0,True,
16808,N. Maher,2025-08-08..2026-08-31,"Pyramids FC, Zamalek SC",29,,Nasser Maher,2022-10-20..2026-09-09,"Future FC, Pyramids FC, Zamalek SC",133,,EGY,0.7,"Pyramids FC, Zamalek SC",29/29,100.0,True,
376490,Arthur Justice,2023-06-30..2026-08-28,"Ceramica Cleopatra, Smouha SC",74,,J. Arthur,2022-10-23..2026-09-08,"Ceramica Cleopatra, Smouha SC",87,,EGY,0.522,"Ceramica Cleopatra, Smouha SC",74/74,100.0,True,
179699,F. Mayele,2023-09-21..2026-05-20,Pyramids FC,82,,Fiston Mayele,2023-09-21..2026-05-20,Pyramids FC,79,,EGY,0.727,Pyramids FC,79/79,100.0,True,
286672,Alhwsawi Sanousi Mohammed,2023-08-14..2026-05-21,"Al-Ettifaq, Damac",80,سنوسي هوساوي,Sanousi Al Hawsawi,2023-08-14..2026-05-21,"Al-Ettifaq, Damac",80,سنوسي الهوساوي,SAU,0.465,"Al-Ettifaq, Damac",80/80,100.0,True,
376494,A. El Armouty,2025-08-26..2026-08-31,AL Masry,12,,Ahmed El Armouty,2022-11-01..2026-08-31,"AL Masry, Ceramica Cleopatra",148,,EGY,0.828,AL Masry,12/12,100.0,True,
156944,O. Camara,2022-09-03..2026-09-05,Sharjah FC,104,,Ousmane Camara,2023-08-18..2026-04-23,Sharjah FC,56,,UAE,0.696,Sharjah FC,56/56,100.0,True,
16804,Y. Ibrahim,2025-08-09..2026-08-28,Al Ahly,21,,Yasser Ibrahim,2022-10-23..2026-09-09,"Al Ahly, El Dakhleya",138,,EGY,0.75,Al Ahly,21/21,100.0,True,
2290,N'Golo Kanté,2023-08-14..2026-01-29,Al-Ittihad FC,79,نغولو كانتي,N. Kanté,2023-08-14..2026-01-29,Al-Ittihad FC,79,نجولو كانتي,SAU,0.7,Al-Ittihad FC,79/79,100.0,True,
381322,R. Khalil,2025-08-09..2026-08-28,Masr,29,,Rafaat Khalil,2022-11-02..2026-08-28,"Al Ahly, Haras El Hodood, Masr",129,,EGY,0.727,Masr,29/29,100.0,True,
440676,M. El Deghemy,2025-08-15..2026-05-23,Haras El Hodood,28,,Mohamed El Deghemy,2023-09-20..2026-05-23,"El Gouna FC, Haras El Hodood",130,,EGY,0.774,Haras El Hodood,28/28,100.0,True,
20666,A. Bencharki,2022-09-03..2026-09-09,"Al Ahly, Al-Jazira, Al-Rayyan SC",93,,Achraf Bencharki,2023-09-23..2026-08-28,"Al Ahly, Al-Rayyan SC",64,,"EGY, QAT, UAE",0.786,"Al Ahly, Al-Rayyan SC",64/64,100.0,True,
334715,W. Mostafa,2025-08-10..2026-09-02,"Future FC, Pharco",31,,Walid Mostafa,2022-10-20..2026-09-09,"El Dakhleya, Future FC, Pharco",125,,EGY,0.783,"Future FC, Pharco",31/31,100.0,True,
16890,E. Eze,2022-10-18..2026-05-18,"AL Masry, Haras El Hodood",91,,Emeka Eze,2023-06-07..2026-05-18,"AL Masry, Haras El Hodood",65,,EGY,0.667,"AL Masry, Haras El Hodood",65/65,100.0,True,
147812,Aiman Yahya,2023-08-14..2026-09-09,Al-Nassr,135,أيمن يحيى,Ayman Ahmed,2023-09-29..2024-05-27,Al-Nassr,19,أيمن أحمد,SAU,0.636,Al-Nassr,19/19,100.0,True,
16933,S. Jaziri,2022-10-19..2026-09-05,"Hatta SC, Zamalek SC",90,,Seifeddine Jaziri,2023-05-30..2026-05-01,Zamalek SC,61,,"EGY, UAE",0.615,Zamalek SC,61/61,100.0,True,
36679,K. Laba,2022-09-02..2026-09-05,"Al Ain, Sharjah FC",98,,Kodjo Fo Doh Laba,2023-08-18..2026-04-23,Al Ain,53,,UAE,0.5,Al Ain,53/53,100.0,True,
6622,M. Palacios,2022-09-02..2026-09-04,Al Ain,96,,Matías Palacios,2023-10-28..2026-04-23,Al Ain,55,,UAE,0.769,Al Ain,55/55,100.0,True,
44442,Omar Al Soma,2026-04-28..2026-05-21,Al-Hazm,4,عمر السومة,Omar Al Somah,2022-08-11..2026-05-21,"Al Orubah, Al-Arabi SC, Al-Hazm",146,عمر السومة,"QAT, SAU",0.96,Al-Hazm,4/4,100.0,True,
44459,Husain Al-Monassar,2023-08-14..2025-05-26,"Al Shabab, Al-Qadisiyah FC",65,حسين المنصر,Hussain Al Qahtani,2023-08-14..2026-09-09,"Al Diriyah, Al Shabab, Al-Qadisiyah FC",84,حسين القحطاني,SAU,0.611,"Al Shabab, Al-Qadisiyah FC",65/65,100.0,True,
69192,M. Bayoumi,2025-08-15..2026-05-23,Haras El Hodood,25,,Mohamed Bayoumi,2022-10-19..2026-05-23,"Haras El Hodood, Ismaily SC",124,,EGY,0.72,Haras El Hodood,25/25,100.0,True,
16869,Y. Obama,2025-08-08..2026-08-31,Pyramids FC,22,,Youssef Obama,2022-10-19..2026-09-09,"Pyramids FC, Zamalek SC",126,,EGY,0.667,Pyramids FC,22/22,100.0,True,
343172,A. El Bahrawi,2025-08-10..2026-05-28,Pharco,21,,Ahmed El Bahrawy,2022-10-18..2026-05-28,Pharco,127,,EGY,0.759,Pharco,21/21,100.0,True,
129875,F. Kruspzky,2023-01-23..2026-09-06,Al Wahda FC,90,,Facundo Kruspzky,2023-08-18..2026-08-21,Al Wahda FC,56,,UAE,0.741,Al Wahda FC,56/56,100.0,True,
17038,S. Aka,2023-02-05..2026-05-29,"Ismaily SC, Kahraba Ismailia, National Bank of Egypt",78,,Serge Aka,2023-05-31..2026-05-29,"Ismaily SC, Kahraba Ismailia, National Bank of Egypt",68,,EGY,0.667,"Ismaily SC, Kahraba Ismailia, National Bank of Egypt",68/68,100.0,True,
342790,H. Alaa,2025-08-14..2026-05-21,Masr,20,,Hamdy Alaa,2022-10-18..2026-05-21,"Masr, National Bank of Egypt, Smouha SC",126,,EGY,0.706,Masr,20/20,100.0,True,
16901,I. Issa,2025-08-08..2026-03-05,Ceramica Cleopatra,20,,Islam Issa,2022-10-23..2026-03-05,"Ceramica Cleopatra, Pyramids FC",126,,EGY,0.706,Ceramica Cleopatra,20/20,100.0,True,
334713,Mostafa Al Aash,2022-10-20..2026-09-07,"AL Masry, Al Ahly, Ghazl El Mehalla, Masr",88,,Mostafa El Aash,2023-06-01..2025-05-28,"Al Ahly, Ghazl El Mehalla, Masr",58,,EGY,0.933,"Al Ahly, Ghazl El Mehalla, Masr",58/58,100.0,True,
4479,A. Deghmoum,2022-10-18..2026-09-07,AL Masry,86,,Abderrahim Deghmoum,2023-06-07..2026-08-31,AL Masry,59,,EGY,0.667,AL Masry,59/59,100.0,True,
64006,M. El Zenary,2025-08-24..2026-08-31,"National Bank of Egypt, Zamalek SC",28,,Mostafa El Zenary,2022-10-19..2026-09-08,"National Bank of Egypt, Zamalek SC",117,,EGY,0.759,"National Bank of Egypt, Zamalek SC",28/28,100.0,True,
344419,F. Walid,2025-08-09..2026-09-01,"Future FC, Masr",20,,Walid Farag,2023-01-04..2026-09-01,"Future FC, Masr, Pharco",124,,EGY,0.526,"Future FC, Masr",20/20,100.0,True,
36579,S. Rahimi,2022-09-02..2026-08-29,Al Ain,91,,Soufiane Rahimi,2023-08-18..2026-04-23,Al Ain,52,,UAE,0.667,Al Ain,52/52,100.0,True,
30778,D. Bessa,2022-09-02..2026-05-16,"Al Bataeh, Al-Ittihad Kalba",91,,Daniel Bessa,2023-08-18..2026-05-05,"Al Bataeh, Al-Ittihad Kalba",52,,UAE,0.7,"Al Bataeh, Al-Ittihad Kalba",52/52,100.0,True,
16885,O. Kamal,2025-08-25..2026-09-02,"Al Ahly, Ceramica Cleopatra, El Mokawloon",18,,Omar Kamal,2022-10-20..2026-09-09,"Al Ahly, Ceramica Cleopatra, El Mokawloon, Future FC",124,,EGY,0.778,"Al Ahly, Ceramica Cleopatra, El Mokawloon",18/18,100.0,True,
16991,M. El Shami,2026-01-28..2026-08-31,AL Masry,15,,Mohamed El Shamy,2022-10-19..2026-09-07,"AL Masry, Ismaily SC",127,,EGY,0.667,AL Masry,15/15,100.0,True,
440259,M. Magassa,2023-09-27..2026-05-21,Masr,70,,Maata Magassa,2023-09-27..2026-05-21,Masr,72,,EGY,0.783,Masr,70/70,100.0,True,
50537,Fabio Lima,2023-08-19..2024-04-26,Al-Wasl FC,19,,Fábio Lima,2022-09-02..2026-09-04,Al-Wasl FC,121,,UAE,0.9,Al-Wasl FC,19/19,100.0,True,
320388,S. Amadi,2022-10-18..2026-05-05,"Ceramica Cleopatra, Smouha SC",75,سامويل أمادي,Samuel Amadi,2023-07-10..2026-05-05,"Ceramica Cleopatra, Smouha SC",65,,EGY,0.7,"Ceramica Cleopatra, Smouha SC",65/65,100.0,True,
16977,M. Hashem,2025-08-08..2026-08-31,AL Masry,23,,Mohamed Hashem,2022-10-19..2026-08-31,"AL Masry, Ismaily SC",116,,EGY,0.696,AL Masry,23/23,100.0,True,
44325,A. Hamed-Allah,2023-08-14..2026-09-05,"Al Shabab, Al Taawon, Al-Ittihad FC",76,عبد الرزاق حمد الله,Abderrazak Hamdallah,2023-08-14..2026-04-14,"Al Shabab, Al-Ittihad FC",62,عبدالرزاق حمدالله,SAU,0.647,"Al Shabab, Al-Ittihad FC",62/62,100.0,True,
2641,Abdulfattah Adam,2023-08-14..2026-01-30,"Al Taawon, Al-Nassr",69,عبد الفتاح آدم,Abdulfattah Adam Mohammed,2023-08-14..2026-01-30,"Al Taawon, Al-Nassr",69,عبدالفتاح آدم محمد,SAU,0.78,"Al Taawon, Al-Nassr",69/69,100.0,True,
16951,O. Galal,2025-08-08..2026-08-31,Pyramids FC,24,,Osama Galal,2022-10-19..2026-09-09,Pyramids FC,113,,EGY,0.737,Pyramids FC,24/24,100.0,True,
10058,Gláuber,2022-09-03..2026-09-06,Al Nasr,112,,Gláuber Lima,2024-08-23..2025-05-23,Al Nasr,25,,UAE,0.737,Al Nasr,25/25,100.0,True,
50710,D. Fettouhi,2022-08-01..2026-09-03,"Al Ahli Doha, Al-Markhiya",91,,Driss Fettouhi,2023-10-20..2026-04-27,"Al Ahli Doha, Al-Markhiya",46,,QAT,0.8,"Al Ahli Doha, Al-Markhiya",46/46,100.0,True,
19657,M. Rodák,2024-08-24..2026-05-21,Al-Ettifaq,68,ماريك روداك,Marek Rodak,2024-08-24..2026-05-21,Al-Ettifaq,68,ماريك روداك,SAU,0.632,Al-Ettifaq,68/68,100.0,True,
473327,M. Ezz,2025-08-10..2026-09-01,"Masr, Pharco",35,,Mohamed Ezz,2024-06-21..2026-09-09,"Masr, Pharco",101,,EGY,0.588,"Masr, Pharco",35/35,100.0,True,
385018,S. Gassama,2022-09-09..2026-09-06,"Ajman, Al Ain, Al Bataeh, Al-Ittihad Kalba",93,,Sékou Gassama,2023-11-23..2026-05-05,"Al Ain, Al Bataeh, Al-Ittihad Kalba",43,,UAE,0.783,"Al Ain, Al Bataeh, Al-Ittihad Kalba",43/43,100.0,True,
46797,F. Cartabia,2022-10-07..2026-09-05,Shabab Al Ahli Dubai,86,,Federico Cartabia,2023-08-27..2026-04-29,Shabab Al Ahli Dubai,50,,UAE,0.714,Shabab Al Ahli Dubai,50/50,100.0,True,
3176,B. Bounedjah,2022-08-01..2026-09-04,"Al Sadd, Al Shamal",86,,Baghdad Bounedjah,2023-09-28..2026-08-21,"Al Sadd, Al Shamal",50,,QAT,0.759,"Al Sadd, Al Shamal",50/50,100.0,True,
440247,A. Mukka,2025-08-08..2026-08-23,Ceramica Cleopatra,27,,Ayman Moka,2023-09-27..2026-08-23,"Ceramica Cleopatra, El Gouna FC",107,,EGY,0.556,Ceramica Cleopatra,27/27,100.0,True,
2957,F. Sassi,2022-08-03..2026-09-05,"Al-Duhail SC, Al-Gharafa",86,,Ferjani Sassi,2023-09-24..2026-04-27,Al-Gharafa,48,,QAT,0.667,Al-Gharafa,48/48,100.0,True,
307000,B. Seck,2022-08-03..2026-09-04,Al Shamal,86,,Babacar Seck,2023-11-03..2026-08-21,Al Shamal,48,,QAT,0.632,Al Shamal,48/48,100.0,True,
36597,A. El Ouadi,2022-10-20..2026-04-25,"Future FC, Smouha SC, UTS Rabat",84,,Abdelkabir El Ouady,2023-07-08..2025-05-29,"Future FC, Smouha SC",49,,"EGY, MAR",0.6,"Future FC, Smouha SC",49/49,100.0,True,
44587,F. Ben Youssef,2022-10-19..2025-05-28,"AL Masry, Pyramids FC",78,,Fakhreddine Ben Youssef,2023-05-29..2025-05-28,"AL Masry, Pyramids FC",55,,EGY,0.703,"AL Masry, Pyramids FC",55/55,100.0,True,
44067,Caio,2023-08-18..2026-03-11,Sharjah FC,48,كايو,Caio Lucas,2022-09-03..2026-08-23,Sharjah FC,84,,UAE,0.571,Sharjah FC,48/48,100.0,True,
147932,Reda El Sayed,2024-10-31..2025-05-16,Enppi,19,,Reda Sayed,2022-10-20..2026-04-22,"El Dakhleya, Enppi",112,,EGY,0.87,Enppi,19/19,100.0,True,
83438,U. Meleke,2023-08-18..2026-05-05,Al Bataeh,70,,Ulrich Meleke,2023-08-18..2026-05-05,Al Bataeh,60,,UAE,0.727,Al Bataeh,60/60,100.0,True,
2694,O. Ebrahimi,2022-08-03..2026-09-04,"Al Shamal, Al Wakrah, Lusail City",81,,Omid Ebrahimi,2023-10-20..2026-04-27,Al Shamal,48,,QAT,0.833,Al Shamal,48/48,100.0,True,
388,Y. Brahimi,2022-08-10..2026-09-05,Al-Gharafa,85,,Yacine Brahimi,2023-09-24..2026-04-27,Al-Gharafa,44,,QAT,0.75,Al-Gharafa,44/44,100.0,True,
440247,Ayman Moka,2023-09-27..2026-08-23,"Ceramica Cleopatra, El Gouna FC",107,,Ayman Mukka,2024-11-02..2025-05-28,Ceramica Cleopatra,21,,EGY,0.857,Ceramica Cleopatra,21/21,100.0,True,
50372,Khaled Aldhanhani,2023-08-18..2026-04-23,Sharjah FC,55,,Khaled Ebraheim,2023-08-18..2026-09-05,Sharjah FC,73,,UAE,0.625,Sharjah FC,55/55,100.0,True,
125676,Erik,2022-09-02..2026-09-04,Al Ain,112,,Erik Jorgens de Menezes,2023-08-18..2024-04-11,Al Ain,16,,UAE,0.296,Al Ain,16/16,100.0,True,
405860,F. Akem,2023-09-20..2026-09-08,"Abu Qair Semad, Al Ittihad, Baladiyyat Al Mehalla, Ceramica Cleopatra, El Gouna FC",68,,Favour Akem,2023-10-05..2026-08-27,"Abu Qair Semad, Al Ittihad, Baladiyyat Al Mehalla, Ceramica Cleopatra, El Gouna FC",59,,EGY,0.667,"Abu Qair Semad, Al Ittihad, Baladiyyat Al Mehalla, Ceramica Cleopatra, El Gouna FC",59/59,100.0,True,
395073,M. Mamdouh,2025-08-14..2026-09-02,Future FC,27,,Mahmoud Mamdouh,2022-10-20..2026-09-09,"Future FC, Haras El Hodood",100,,EGY,0.72,Future FC,27/27,100.0,True,
19344,Y. Barbet,2024-08-29..2026-05-21,Al Riyadh,63,يوان باربت,Yoann Barbet,2024-08-29..2026-05-21,Al Riyadh,63,يوان باربيه,SAU,0.762,Al Riyadh,63/63,100.0,True,
47430,W. Hoedt,2024-08-29..2026-05-20,Al Shabab,63,ويسلي هويدت,Wesley Hoedt,2024-08-29..2026-05-20,Al Shabab,63,ويسلي هودت,SAU,0.7,Al Shabab,63/63,100.0,True,
13246,K. Agudelo,2023-08-19..2026-09-06,"Al Nasr, Al Wahda FC",73,,Kevin Agudelo,2023-08-19..2026-08-21,"Al Nasr, Al Wahda FC",53,,UAE,0.783,"Al Nasr, Al Wahda FC",53/53,100.0,True,
182431,M. Ammar,2025-08-09..2026-05-23,Ismaily SC,20,,Mohamed Ammar,2023-09-19..2026-05-23,Ismaily SC,105,,EGY,0.667,Ismaily SC,20/20,100.0,True,
269276,Hatem Mohamed,2022-11-02..2026-05-28,"Ismaily SC, Zamalek SC",76,,Hatem Mohamed Sukar,2023-09-25..2025-05-16,"Ismaily SC, Zamalek SC",48,,EGY,0.812,"Ismaily SC, Zamalek SC",48/48,100.0,True,
298229,M. El Khawaga,2025-08-09..2026-09-01,El Geish,19,,Mostafa Khawaga,2022-10-20..2026-09-07,El Geish,104,,EGY,0.643,El Geish,19/19,100.0,True,
50577,Khaled Bawazir,2023-08-18..2025-05-22,Sharjah FC,45,,Khalid Bawazir,2022-09-03..2026-09-06,"Al-Dhafra, Sharjah FC",78,,UAE,0.929,Sharjah FC,45/45,100.0,True,
315484,K. Chimezie,2022-10-20..2025-05-28,"El Dakhleya, Petrojet",75,,Kelechi Chimezie,2023-05-31..2025-05-28,"Al Ahly, El Dakhleya, Petrojet",48,,EGY,0.741,"El Dakhleya, Petrojet",48/48,100.0,True,
17087,Amer Mohamed,2023-05-29..2026-09-01,"Ceramica Cleopatra, El Mokawloon, Ghazl El Mehalla",89,,M. Amer,2025-08-10..2026-05-23,Ghazl El Mehalla,32,,EGY,0.421,Ghazl El Mehalla,32/32,100.0,True,
1097,M. Dabbur,2023-08-18..2026-05-16,"Baniyas SC, Shabab Al Ahli Dubai",66,,Munas Dabbur,2023-08-18..2026-05-05,"Baniyas SC, Shabab Al Ahli Dubai",55,,UAE,0.762,"Baniyas SC, Shabab Al Ahli Dubai",55/55,100.0,True,
229857,B. Boateng,2022-10-19..2026-05-12,"Al Ittihad, Kahraba Ismailia, Smouha SC",74,,Benjamin Bernard Boateng,2023-06-03..2026-05-12,"Al Ittihad, Kahraba Ismailia, Smouha SC",47,,EGY,0.529,"Al Ittihad, Kahraba Ismailia, Smouha SC",47/47,100.0,True,
3199,M. Olunga,2022-08-03..2026-09-03,"Al-Arabi SC, Al-Duhail SC",80,,Michael Olunga,2023-09-24..2026-08-21,"Al-Arabi SC, Al-Duhail SC",41,,QAT,0.696,"Al-Arabi SC, Al-Duhail SC",41/41,100.0,True,
44319,Awadh Khamis,2023-08-14..2025-05-26,Al Okhdood,60,عوض خميس,Awdh Faraj,2023-08-14..2025-05-26,Al Okhdood,60,عوض خميس,SAU,0.545,Al Okhdood,60/60,100.0,True,
17004,M. Rizk,2025-08-09..2026-09-01,"Future FC, Olympic El Qanah",31,,Mahmoud Rizk,2022-12-01..2026-09-01,"Future FC, Olympic El Qanah",89,,EGY,0.632,"Future FC, Olympic El Qanah",31/31,100.0,True,
16843,Afsha,2025-08-09..2026-08-23,"Al Ahly, Al Ittihad",29,,Mohamed Magdy Afsha,2023-05-26..2026-08-23,"Al Ahly, Al Ittihad, El Dakhleya",90,,EGY,0.417,"Al Ahly, Al Ittihad",29/29,100.0,True,
406125,R. Danzabe,2023-02-05..2026-09-03,"Al-Sailiya, Qatar SC",76,,Raoul Danzabe Sanda,2023-10-21..2026-04-27,Qatar SC,43,,QAT,0.621,Qatar SC,43/43,100.0,True,
44588,C. Guanca,2023-09-24..2025-05-26,"Al Shabab, Al Taawon, Al Wahda FC",59,كريستيان جوانكا,Cristian Guanca,2023-09-24..2025-05-26,"Al Shabab, Al Taawon, Al Wahda FC",59,,"SAU, UAE",0.667,"Al Shabab, Al Taawon, Al Wahda FC",59/59,100.0,True,
295536,A. Abdelkader,2025-09-23..2026-08-31,"Al Ahly, Pyramids FC",9,عبد القادر زنادي,Ahmed Abdelkader,2023-04-05..2026-09-09,"Al Ahly, El Dakhleya, Pyramids FC, Qatar SC",109,,"EGY, QAT",0.828,"Al Ahly, Pyramids FC",9/9,100.0,True,
44048,Mohamed Ahmed,2023-08-18..2025-05-20,Al Bataeh,50,,Mohammed Ahmed,2022-10-29..2025-05-25,"Al Ain, Al Bataeh",68,,UAE,0.963,Al Bataeh,50/50,100.0,True,
146765,M. Al Makahasi,2023-08-27..2026-07-05,"Al Wehda Club, Raja Casablanca",86,محمد المكعاسي,Mohamed Al Makahasi,2024-08-28..2025-05-26,Al Wehda Club,31,محمد المكعازي,"MAR, SAU",0.788,Al Wehda Club,31/31,100.0,True,
341287,E. Mayhoub,2025-08-10..2026-09-01,"Enppi, Ghazl El Mehalla",18,,Emad Mayhoub,2022-10-19..2026-09-09,"El Mokawloon, Enppi, Ghazl El Mehalla",99,,EGY,0.818,"Enppi, Ghazl El Mehalla",18/18,100.0,True,
17031,J. Ngwem,2022-10-20..2026-04-28,"Future FC, Kahraba Ismailia",72,,Joseph Jonathan Ngwem,2023-06-02..2026-04-28,"Future FC, Kahraba Ismailia",45,,EGY,0.483,"Future FC, Kahraba Ismailia",45/45,100.0,True,
336655,Y. El Hannach,2023-08-16..2026-09-05,"Al Sadd, Al Shamal",69,,Younes El Hannach,2023-10-20..2026-04-27,"Al Sadd, Al Shamal",48,,QAT,0.8,"Al Sadd, Al Shamal",48/48,100.0,True,
21761,O. Gonzalez,2023-08-19..2025-05-26,Al-Raed,58,أومار غونزاليس,Oumar Gonzalez,2023-08-19..2025-05-26,Al-Raed,58,عمر غونزاليز,SAU,0.8,Al-Raed,58/58,100.0,True,
270354,M. Shokry,2025-08-09..2026-08-31,"AL Masry, Al Ahly",15,,Mohamed Shokry,2022-10-18..2026-09-07,"AL Masry, Al Ahly, Ceramica Cleopatra",101,,EGY,0.696,"AL Masry, Al Ahly",15/15,100.0,True,
50564,Khalaf Al Hosani,2022-09-02..2025-05-24,"Baniyas SC, Khorfakkan",70,,Khalaf Mohammed Al Hosani,2023-08-18..2025-05-24,Baniyas SC,46,,UAE,0.78,Baniyas SC,46/46,100.0,True,
473418,M. Khatary,2025-08-09..2026-05-28,Ismaily SC,28,,Mohamed Khatary,2024-06-23..2026-05-28,Ismaily SC,88,,EGY,0.72,Ismaily SC,28/28,100.0,True,
408218,B. Ndiaye,2023-11-04..2026-05-22,Pharco,58,,Babacar Ndiaye,2023-11-04..2026-05-22,Pharco,58,,EGY,0.696,Pharco,58/58,100.0,True,
337975,R. Mostafa,2026-02-16..2026-09-01,Enppi,9,,Ramadan Mostafa,2022-10-19..2026-09-09,"Al Ahly, El Dakhleya, Enppi",106,,EGY,0.72,Enppi,9/9,100.0,True,
301460,Hesham Salah,2023-06-05..2025-05-28,"Al Ittihad, National Bank of Egypt",51,,Hisham Salah,2023-06-05..2026-05-22,"Al Ittihad, National Bank of Egypt",64,,EGY,0.917,"Al Ittihad, National Bank of Egypt",51/51,100.0,True,
6571,M. Nani,2022-08-03..2026-09-03,"Al Shamal, Al-Gharafa, Al-Sailiya",80,,Matías Nani,2023-10-20..2026-04-27,"Al Shamal, Al-Gharafa, Al-Sailiya",35,,QAT,0.667,"Al Shamal, Al-Gharafa, Al-Sailiya",35/35,100.0,True,
371528,Majed Mohammed,2023-09-21..2026-05-21,"Al-Fateh, Al-Hazm, Al-Nassr",57,ماجد قشيش,Majed Qasheesh,2023-09-21..2026-05-21,"Al-Fateh, Al-Hazm, Al-Nassr",57,ماجد قشيش,SAU,0.571,"Al-Fateh, Al-Hazm, Al-Nassr",57/57,100.0,True,
2648,A. El Shenawy,2025-08-08..2026-08-31,Pyramids FC,28,,Ahmed El-Shenawy,2023-05-29..2026-08-31,Pyramids FC,86,,EGY,0.759,Pyramids FC,28/28,100.0,True,
482018,I. Abdelhakim,2025-08-15..2026-05-29,Haras El Hodood,31,,Ibrahim Abdel Hakeem,2024-08-14..2026-05-29,"Al Ahly, Haras El Hodood",83,,EGY,0.667,Haras El Hodood,31/31,100.0,True,
390204,S. Zayed,2025-08-10..2026-09-02,"El Gouna FC, Enppi",13,,Salah Zayed,2022-10-25..2026-09-09,"El Gouna FC, Enppi",100,,EGY,0.737,"El Gouna FC, Enppi",13/13,100.0,True,
147940,Ahmed El Saghiri,2024-10-31..2025-05-11,Masr,23,,Ahmed El-Saghiri,2023-02-21..2026-09-01,"Masr, Pharco",90,,EGY,0.938,Masr,23/23,100.0,True,
289407,Y. Zakaria,2025-08-10..2026-09-01,Ghazl El Mehalla,34,,Yehia Zakaria,2024-11-02..2026-09-07,Ghazl El Mehalla,79,,EGY,0.783,Ghazl El Mehalla,34/34,100.0,True,
16913,A. Abed,2025-08-09..2026-03-21,El Mokawloon,13,,Amir Abed,2022-10-20..2026-03-21,El Mokawloon,100,,EGY,0.75,El Mokawloon,13/13,100.0,True,
4496,A. Kendouci,2023-02-21..2025-04-12,"Al Ahly, Ceramica Cleopatra",60,,Ahmed Kendouci,2023-05-26..2025-04-12,"Al Ahly, Ceramica Cleopatra",53,,EGY,0.8,"Al Ahly, Ceramica Cleopatra",53/53,100.0,True,
35604,R. B. Martinez Tobinson,2025-01-21..2026-05-21,Al Taawon,51,روجر مارتينيز,Roger Martinez,2025-01-21..2026-09-09,"Al Shabab, Al Taawon",61,روجر مارتينيز,SAU,0.541,Al Taawon,51/51,100.0,True,
44387,Moataz Al Baqawi,2023-08-12..2026-02-23,"Al Taee, Damac",56,معتز البقعاوي,Moataz Al-Baqaawi,2023-08-12..2026-02-23,"Al Taee, Damac",56,معتز البقعاوي,SAU,0.909,"Al Taee, Damac",56/56,100.0,True,
44439,N. Stanciu,2023-09-14..2025-05-17,Damac,56,نيكولاي ستانتشيو,Nicolae Stanciu,2023-09-14..2025-05-17,Damac,56,نيكولاي ستانتشو,SAU,0.72,Damac,56/56,100.0,True,
578,A. Taarabt,2022-10-01..2025-05-25,"Al Nasr, Sharjah FC",68,,Adel Taarabt,2023-08-26..2025-05-22,"Al Nasr, Sharjah FC",44,,UAE,0.818,"Al Nasr, Sharjah FC",44/44,100.0,True,
16806,S. Samir,2025-08-08..2026-05-20,Ceramica Cleopatra,17,,Saad Samir,2022-10-20..2026-05-20,"Ceramica Cleopatra, Future FC",95,,EGY,0.778,Ceramica Cleopatra,17/17,100.0,True,
44372,Abdulmalek Al Shammari,2023-08-13..2025-05-26,"Al Orubah, Al Taawon",85,عبد الملك الشمري,Abdulmalek Al-Shammary,2023-08-13..2024-05-23,Al Taawon,26,عبد الملك الشمري,SAU,0.909,Al Taawon,26/26,100.0,True,
16828,M. Mohsen,2025-08-30..2026-09-02,El Gouna FC,22,,Marwan Mohsen,2022-10-20..2026-09-09,"El Gouna FC, Future FC",89,,EGY,0.727,El Gouna FC,22/22,100.0,True,
391896,Ahmed Kalosha,2023-06-01..2026-09-01,Enppi,88,,Ahmed Kalousha,2024-10-31..2025-05-29,Enppi,23,,EGY,0.963,Enppi,23/23,100.0,True,
50408,Khalid Al Hashemi,2022-09-02..2025-05-23,"Al Ain, Baniyas SC",70,,Khalid Hashemi,2023-08-18..2025-05-23,Al Ain,41,,UAE,0.903,Al Ain,41/41,100.0,True,
6623,G. Poblete,2022-09-02..2026-05-10,"Al-Wasl FC, Sharjah FC",72,,Gerónimo Poblete,2023-08-19..2026-04-10,"Al-Wasl FC, Sharjah FC",39,,UAE,0.692,"Al-Wasl FC, Sharjah FC",39/39,100.0,True,
156202,Kouame Autonne Kouadio,2023-08-18..2025-05-23,Al Ain,42,,Kouame Kouadio,2022-09-02..2025-05-23,Al Ain,69,,UAE,0.778,Al Ain,42/42,100.0,True,
395075,M. Ziko,2025-08-08..2026-05-05,Pyramids FC,25,,Mostafa Ziko,2023-02-21..2026-05-05,"Haras El Hodood, Masr, Pyramids FC",86,,EGY,0.632,Pyramids FC,25/25,100.0,True,
2628,Muteb Al Mufarrij,2023-08-24..2026-09-08,"Al Taawon, Al-Hilal Saudi FC",107,متعب المفرج,Muteb Almufarrij,2023-08-24..2024-05-27,Al-Hilal Saudi FC,3,متعب المفرج,SAU,0.97,Al-Hilal Saudi FC,3/3,100.0,True,
2773,W. Troost-Ekong,2024-08-24..2026-09-03,"Al Ahli Doha, Al Kholood",58,وليام تروست-إيكونغ,William Troost-Ekong,2024-08-24..2026-04-27,"Al Ahli Doha, Al Kholood",52,ويليام تروست-إيكونغ,"QAT, SAU",0.8,"Al Ahli Doha, Al Kholood",52/52,100.0,True,
175453,A. Jatta,2023-09-20..2026-03-20,El Gouna FC,56,,Alieu Jatta,2023-09-20..2026-03-20,El Gouna FC,54,,EGY,0.737,El Gouna FC,54/54,100.0,True,
157837,Gustavo Alemão,2022-09-03..2025-12-21,"Al Nasr, Sharjah FC",85,,Gustavo Alex,2024-08-23..2025-05-19,Al Nasr,24,,UAE,0.846,Al Nasr,24/24,100.0,True,
17163,A. Elfil,2025-08-09..2026-05-23,Future FC,24,,Ali El Fil,2022-10-20..2026-05-23,Future FC,85,,EGY,0.778,Future FC,24/24,100.0,True,
207203,R. Tihi,2023-09-23..2026-09-03,Al Ahli Doha,63,,Robin Tihi,2023-09-23..2026-04-27,Al Ahli Doha,46,,QAT,0.706,Al Ahli Doha,46/46,100.0,True,
37191,O. Tannane,2023-08-18..2026-09-03,"Al-Arabi SC, UMM Salal",66,,Oussama Tannane,2023-09-23..2026-08-21,"Al-Arabi SC, UMM Salal",43,,QAT,0.72,"Al-Arabi SC, UMM Salal",43/43,100.0,True,
135,J. Murillo,2023-08-27..2026-08-27,Al Shamal,62,,Jeison Murillo,2023-10-20..2026-08-21,Al Shamal,47,,QAT,0.75,Al Shamal,47/47,100.0,True,
16800,Basem Ali,2023-06-02..2025-01-12,Future FC,42,,Bassem Ali,2022-10-24..2025-01-12,Future FC,66,,EGY,0.947,Future FC,42/42,100.0,True,
354929,C. Doumbia,2022-09-09..2026-09-05,"Al Nasr, Khorfakkan, Shabab Al Ahli Dubai, Sharjah FC",70,,Cheickna Doumbia,2024-05-06..2026-04-24,"Al Nasr, Khorfakkan, Shabab Al Ahli Dubai",37,,UAE,0.692,"Al Nasr, Khorfakkan, Shabab Al Ahli Dubai",37/37,100.0,True,
408219,S. Sano,2023-08-26..2026-09-05,Al-Gharafa,64,,Seydou Sano,2023-09-24..2026-04-27,Al-Gharafa,43,,QAT,0.667,Al-Gharafa,43/43,100.0,True,
295182,Seif Elkhashab,2023-01-29..2026-09-09,"Enppi, Kahraba Ismailia",103,,Seif Hassan Elkhashab,2023-06-01..2023-06-30,Enppi,3,,EGY,0.8,Enppi,3/3,100.0,True,
16898,S. Simporé,2022-10-18..2025-05-28,"Al Ittihad, National Bank of Egypt",77,,Saidou Simpore,2023-05-31..2024-05-26,National Bank of Egypt,29,,EGY,0.667,National Bank of Egypt,29/29,100.0,True,
3214,H. Mao,2022-10-20..2025-05-29,"El Geish, Ghazl El Mehalla",64,,Himid Mao Mkami,2023-06-01..2025-05-29,"El Geish, Ghazl El Mehalla",42,,EGY,0.476,"El Geish, Ghazl El Mehalla",42/42,100.0,True,
44422,Abdulbaset Al-Hindi,2023-08-11..2023-10-06,Al-Ahli Jeddah,8,عبد الباسط هندي,Abdulbasit Hindi,2023-08-11..2026-08-28,"Abha, Al-Ahli Jeddah, Al-Ettifaq",97,عبد الباسط هندي,SAU,0.857,Al-Ahli Jeddah,8/8,100.0,True,
49432,H. Mathlouthi,2022-10-19..2025-01-23,Zamalek SC,64,,Hamza Mathlouthi,2023-05-30..2025-01-23,Zamalek SC,41,,EGY,0.828,Zamalek SC,41/41,100.0,True,
129688,I. Lihadji,2023-08-18..2026-09-03,"Al-Arabi SC, Al-Duhail SC",62,,Isaac Lihadji,2023-09-24..2026-08-21,"Al-Arabi SC, Al-Duhail SC",43,,QAT,0.783,"Al-Arabi SC, Al-Duhail SC",43/43,100.0,True,
179418,N. Laidouni,2023-08-18..2026-04-27,UMM Salal,61,,Naïm Laidouni,2023-09-23..2026-04-27,UMM Salal,44,,QAT,0.833,UMM Salal,44/44,100.0,True,
369397,Mohammed Ali Barnawi,2024-08-23..2026-04-08,"Al Orubah, Al-Ittihad FC",40,,Mohammed Barnawi,2024-08-23..2026-09-08,"Al Orubah, Al-Ittihad FC",64,محمد برناوي,SAU,0.889,"Al Orubah, Al-Ittihad FC",40/40,100.0,True,
44327,Abdullah Al Muaiouf,2023-08-14..2025-05-11,"Al Shabab, Al-Hilal Saudi FC, Al-Ittihad FC",52,عبدالله المعيوف,Abdullah Al-Mayouf,2023-08-14..2025-05-11,"Al Shabab, Al-Hilal Saudi FC, Al-Ittihad FC",52,عبدالله المعيوف,SAU,0.865,"Al Shabab, Al-Hilal Saudi FC, Al-Ittihad FC",52/52,100.0,True,
16848,N. Mansy,2025-08-08..2026-08-31,Zamalek SC,26,,Naser Mansi,2023-05-30..2026-08-31,Zamalek SC,78,,EGY,0.632,Zamalek SC,26/26,100.0,True,
391253,P. Badji,2023-09-16..2026-09-08,"AL Masry, Moghreb Tetouan, Smouha SC",66,,Pape Badji,2024-10-30..2026-08-26,"AL Masry, Smouha SC",38,,"EGY, MAR",0.778,"AL Masry, Smouha SC",38/38,100.0,True,
38116,S. Memišević,2023-01-22..2025-05-23,Al Nasr,58,,Samir Memisevic,2023-08-19..2025-05-23,Al Nasr,45,,UAE,0.667,Al Nasr,45/45,100.0,True,
17116,M. Diawara,2022-10-18..2025-05-29,"El Geish, National Bank of Egypt",64,,Moussa Diawara,2023-05-31..2025-05-29,"El Geish, National Bank of Egypt",39,,EGY,0.75,"El Geish, National Bank of Egypt",39/39,100.0,True,
50484,Khalid Jalal,2022-09-10..2025-05-24,"Al Nasr, Dibba Al Hisn, Khorfakkan",59,,Khalid Jalal Al Marzouqi,2023-08-19..2025-05-24,"Al Nasr, Dibba Al Hisn, Khorfakkan",43,,UAE,0.667,"Al Nasr, Dibba Al Hisn, Khorfakkan",43/43,100.0,True,
50312,Hassan Ibrahim,2022-09-02..2025-04-22,"Ajman, Al-Wasl FC",62,,Hassan Ibrahim Saqer,2023-08-19..2025-04-22,"Ajman, Al-Wasl FC",40,,UAE,0.824,"Ajman, Al-Wasl FC",40/40,100.0,True,
16996,E. Soliman,2025-08-09..2026-05-20,Smouha SC,22,,El-Hani Soliman,2023-06-03..2026-05-20,Smouha SC,80,,EGY,0.72,Smouha SC,22/22,100.0,True,
402634,Abdulaziz Al Awardi,2023-08-14..2026-08-13,"Al Okhdood, Al Shabab, Al-Qadisiyah FC",51,عبد العزيز العويرضي,Abdulaziz Rahma,2023-08-14..2026-05-20,"Al Okhdood, Al Shabab, Al-Qadisiyah FC",50,عبد العزيز العويرضي,SAU,0.706,"Al Okhdood, Al Shabab, Al-Qadisiyah FC",50/50,100.0,True,
295637,M. Camacho,2025-08-09..2026-09-01,El Geish,33,,Mohamed Camacho,2023-05-26..2026-09-01,El Geish,68,,EGY,0.72,El Geish,33/33,100.0,True,
19614,S. Ezatolahi,2024-02-25..2026-09-05,Shabab Al Ahli Dubai,60,,Saeid Ezatolahi,2024-02-25..2026-04-04,Shabab Al Ahli Dubai,41,,UAE,0.815,Shabab Al Ahli Dubai,41/41,100.0,True,
44071,Falah Al Jneibi,2023-08-18..2025-05-24,"Al Ain, Dibba Al Hisn",36,,Falah Waleed,2022-09-02..2025-05-24,"Al Ain, Dibba Al Hisn",65,,UAE,0.667,"Al Ain, Dibba Al Hisn",36/36,100.0,True,
16909,A. El Arabi,2025-08-20..2026-05-18,Ghazl El Mehalla,14,,Ahmed El Arabi,2022-12-02..2026-05-18,"El Mokawloon, Ghazl El Mehalla",87,,EGY,0.8,Ghazl El Mehalla,14/14,100.0,True,
2653,A. Gabr,2025-08-30..2026-01-28,Pyramids FC,9,,Ali Gabr,2022-10-19..2026-01-28,Pyramids FC,92,,EGY,0.8,Pyramids FC,9/9,100.0,True,
2655,Ahmed Ayman Mansour,2022-10-20..2026-04-22,"AL Masry, El Geish, Future FC",81,,Ahmed Mansour,2023-11-05..2025-05-29,"AL Masry, Future FC",20,,EGY,0.812,"AL Masry, Future FC",20/20,100.0,True,
44380,Khalid Al-Kaabi,2023-08-12..2025-05-26,Al-Fayha,50,خالد الكعبي,Khalid Kaabi,2023-08-12..2025-05-26,Al-Fayha,50,خالد كعبي,SAU,0.889,Al-Fayha,50/50,100.0,True,
44595,Abdullah Al Ammar,2023-08-12..2025-05-11,"Al-Ahli Jeddah, Damac",50,عبد الله العمار,Abdullah Al-Amar,2023-08-12..2025-05-11,"Al-Ahli Jeddah, Damac",50,عبد الله العمار,SAU,0.909,"Al-Ahli Jeddah, Damac",50/50,100.0,True,
482332,Y. El Mallah,2025-08-10..2026-08-31,"AL Masry, Pharco",32,,Yassin El Mallah,2024-08-17..2026-09-07,"AL Masry, Pharco",68,,EGY,0.786,"AL Masry, Pharco",32/32,100.0,True,
385018,S. Gassama,2022-09-09..2026-09-06,"Ajman, Al Ain, Al Bataeh, Al-Ittihad Kalba",93,,Sekou Gassama,2023-08-18..2023-11-03,Al Bataeh,7,,UAE,0.783,Al Bataeh,7/7,100.0,True,
582,H. Seferović,2023-08-19..2026-09-05,"Al Nasr, Al-Wasl FC, Dubai United",51,,Haris Seferović,2023-08-19..2025-05-23,"Al Nasr, Al-Wasl FC",49,,UAE,0.815,"Al Nasr, Al-Wasl FC",49/49,100.0,True,
50262,Ali Al Dhanhani,2022-09-02..2025-05-24,"Al Bataeh, Dibba Al Hisn, Khorfakkan",64,,Ali Aldhanhani,2023-08-18..2025-05-24,"Al Bataeh, Dibba Al Hisn",36,,UAE,0.966,"Al Bataeh, Dibba Al Hisn",36/36,100.0,True,
36687,M. Louadni,2023-08-18..2026-07-05,"FAR Rabat, UMM Salal",66,,Marwan Louadni,2023-09-23..2025-04-18,UMM Salal,34,,"MAR, QAT",0.75,UMM Salal,34/34,100.0,True,
17023,O. Radwan,2026-04-05..2026-08-26,El Geish,10,,Omar Radwan,2022-10-20..2026-08-26,El Geish,89,,EGY,0.8,El Geish,10/10,100.0,True,
16921,Y. El Gohary,2026-03-06..2026-05-01,AL Masry,4,,Youssef El Gohary,2022-10-20..2026-05-01,"AL Masry, El Mokawloon",95,,EGY,0.759,AL Masry,4/4,100.0,True,
339861,A. Randrianantenaina,2023-10-06..2026-01-28,El Gouna FC,50,,Arnaud Randrianantenaina,2023-10-06..2026-01-28,El Gouna FC,49,,EGY,0.864,El Gouna FC,49/49,100.0,True,
435754,Bekale Aubame,2023-09-21..2025-09-22,Al Ittihad,52,,V. Bekalé Aubame,2023-09-21..2025-05-29,Al Ittihad,47,,EGY,0.828,Al Ittihad,47/47,100.0,True,
36556,B. Benoun,2022-08-09..2026-06-28,"Qatar SC, Raja Casablanca",75,,Badr Benoun,2023-10-21..2025-01-12,Qatar SC,24,,"MAR, QAT",0.8,Qatar SC,24/24,100.0,True,
26751,D. Kourbelis,2024-08-29..2026-05-16,Al Khaleej Saihat,49,ديميتريس كوربيليس,Dimitrios Kourbelis,2024-08-29..2026-05-16,Al Khaleej Saihat,49,ديميتريوس كوربيليس,SAU,0.71,Al Khaleej Saihat,49/49,100.0,True,
407810,A. Toure,2023-02-17..2026-09-06,Al Nasr,61,,Abdoulaye Toure,2023-08-19..2026-08-21,Al Nasr,36,,UAE,0.609,Al Nasr,36/36,100.0,True,
134828,Ali Karami,2023-10-21..2025-04-18,Qatar SC,34,,Ali Malolah,2022-08-03..2026-09-04,"Al-Rayyan SC, Lusail City, Qatar SC",63,,QAT,0.571,Qatar SC,34/34,100.0,True,
50567,Khalid Al Zaabi,2023-08-18..2025-05-23,"Al Ain, Al Wahda FC",36,,Khalid Butti,2022-09-03..2025-05-23,"Al Ain, Al Wahda FC, Al-Dhafra",60,,UAE,0.667,"Al Ain, Al Wahda FC",36/36,100.0,True,
385468,A. Zouhzouh,2023-08-30..2026-09-04,"Al Wakrah, FAR Rabat",85,,Amine Zouhzouh,2025-10-31..2026-04-27,Al Wakrah,11,,"MAR, QAT",0.8,Al Wakrah,11/11,100.0,True,
158591,M. Rabii,2022-12-20..2026-09-05,"Al-Ittihad Kalba, Al-Jazira",58,,Mohammed Rabii,2024-02-24..2026-05-05,Al-Jazira,37,,UAE,0.636,Al-Jazira,37/37,100.0,True,
18781,D. Gray,2023-09-16..2025-05-26,Al-Ettifaq,47,ديماراي جراي,Demarai Gray,2023-09-16..2025-05-26,Al-Ettifaq,47,ديماراي غراي,SAU,0.632,Al-Ettifaq,47/47,100.0,True,
17331,K. Fouad,2025-08-09..2026-08-28,Al Ahly,14,,Karim Fouad,2022-10-19..2026-09-03,"Al Ahly, El Dakhleya",80,,EGY,0.737,Al Ahly,14/14,100.0,True,
42403,Khalid Ahmed Mahmoudi,2023-10-21..2025-04-18,Qatar SC,33,,Khalid Mahmoudi,2022-08-02..2025-04-18,Qatar SC,61,,QAT,0.833,Qatar SC,33/33,100.0,True,
329500,Yaseen Lafrid,2022-08-03..2026-09-03,"Al Ahli Doha, Al Shamal, Al Wakrah, Al-Khor, Qatar SC",60,,Yasen Abdallah Lafrid,2023-10-21..2025-04-18,"Al Ahli Doha, Al-Khor",34,,QAT,0.706,"Al Ahli Doha, Al-Khor",34/34,100.0,True,
341233,Abdulmalik Al Oyayari,2023-08-13..2026-09-07,"Al Taawon, NEOM",68,عبد الملك العييري,Aloyayari Abdulmalik,2023-08-13..2024-05-27,Al Taawon,25,عبدالملك العييري,SAU,0.488,Al Taawon,25/25,100.0,True,
373302,A. Camara,2023-08-27..2026-09-04,"Khorfakkan, Raja Casablanca",68,,Ahmadou Ama Camara,2024-10-26..2026-05-05,Khorfakkan,25,,"MAR, UAE",0.593,Khorfakkan,25/25,100.0,True,
318316,M. Abdelsamia,2025-08-19..2025-10-18,Ismaily SC,9,,Mohamed Abdelsamia,2023-07-10..2026-08-26,"Ismaily SC, Smouha SC",84,,EGY,0.774,Ismaily SC,9/9,100.0,True,
50699,Adel Sabeel,2023-09-30..2025-05-24,"Al Urooba, Khorfakkan",35,,Adel Subeel,2022-09-02..2025-05-24,"Al Urooba, Khorfakkan",57,,UAE,0.909,"Al Urooba, Khorfakkan",35/35,100.0,True,
180390,I. Tshibangu,2023-04-18..2025-05-24,"Al Nasr, Baniyas SC",47,,Isaac Tshibangu,2023-08-26..2025-05-24,"Al Nasr, Baniyas SC",45,,UAE,0.815,"Al Nasr, Baniyas SC",45/45,100.0,True,
147929,Abdel Rahman El Dah,2024-02-15..2025-05-29,Ismaily SC,34,,Abdelrahman El Dah,2024-02-15..2026-05-23,Ismaily SC,58,,EGY,0.973,Ismaily SC,34/34,100.0,True,
16831,E. M. Soliman,2025-08-31..2026-08-31,Zamalek SC,21,,Mahdi Soliman,2023-05-29..2026-08-31,"Al Ittihad, Zamalek SC",70,,EGY,0.692,Zamalek SC,21/21,100.0,True,
409735,I. Lagrimi,2023-08-26..2026-09-04,"Al-Jazira, Khorfakkan, UTS Rabat",70,,Ilyass Lagrimi,2025-01-31..2026-05-05,Al-Jazira,21,,"MAR, UAE",0.75,Al-Jazira,21/21,100.0,True,
146007,P. Mutumosi Zilu,2025-08-09..2026-05-21,Masr,20,,Peter Zilu Mutumosi,2023-09-27..2026-05-21,Masr,71,,EGY,0.571,Masr,20/20,100.0,True,
445,Y. Belhanda,2024-02-25..2026-09-03,"Al Shamal, Al-Sailiya",52,,Younès Belhanda,2024-02-25..2026-04-27,"Al Shamal, Al-Sailiya",39,,QAT,0.769,"Al Shamal, Al-Sailiya",39/39,100.0,True,
20557,I. Diallo,2023-08-18..2026-09-04,"Al Ahli Doha, Al Shahaniya, Al-Duhail SC, Al-Khor",56,,Ibrahima Diallo,2024-02-25..2026-04-27,"Al Ahli Doha, Al-Duhail SC, Al-Khor",35,,QAT,0.667,"Al Ahli Doha, Al-Duhail SC, Al-Khor",35/35,100.0,True,
22179,M. Maolida,2024-08-24..2026-01-17,Al Kholood,45,ميزيان مولايدا,Myziane Maolida,2024-08-24..2026-01-17,Al Kholood,45,ميزيان ماوليدا,SAU,0.72,Al Kholood,45/45,100.0,True,
294700,M. El Khaloui,2023-10-01..2026-09-06,"Al-Dhafra, Riadi Salmi",77,,Mohamed El Khaloui,2025-11-21..2026-05-05,Al-Dhafra,13,,"MAR, UAE",0.774,Al-Dhafra,13/13,100.0,True,
101726,Ali Eid,2023-08-19..2025-05-24,"Al Urooba, Hatta SC",34,,Ali Eid Ghumail,2022-10-02..2025-05-24,"Al Urooba, Al-Dhafra, Hatta SC",56,,UAE,0.636,"Al Urooba, Hatta SC",34/34,100.0,True,
292695,A. Kouka,2025-08-09..2026-08-28,Al Ahly,23,,Ahmed Nabil Koka,2023-05-26..2026-08-28,"Al Ahly, El Dakhleya",66,,EGY,0.5,Al Ahly,23/23,100.0,True,
89982,S. Moghanlou,2024-08-23..2026-05-15,Al-Ittihad Kalba,51,,Shahriar Moghanlou,2024-08-23..2026-05-05,Al-Ittihad Kalba,38,,UAE,0.733,Al-Ittihad Kalba,38/38,100.0,True,
181136,Yaser Al Blooshi,2022-09-02..2025-05-24,Al-Ittihad Kalba,71,,Yaser Hassan Mohamed Hassan Ali Alblooshi,2024-04-26..2025-01-22,Al-Ittihad Kalba,18,,UAE,0.561,Al-Ittihad Kalba,18/18,100.0,True,
267,J. Draxler,2023-09-23..2026-09-03,Al Ahli Doha,54,,Julian Draxler,2023-09-23..2026-04-27,Al Ahli Doha,35,,QAT,0.75,Al Ahli Doha,35/35,100.0,True,
44341,Salman Al Faraj,2023-08-28..2026-05-11,"Al-Hilal Saudi FC, NEOM",85,سلمان الفرج,Salman Alfaraj,2026-04-28..2026-05-11,NEOM,3,سلمان الفرج,SAU,0.966,NEOM,3/3,100.0,True,
423690,Talal Abubakr Haji,2023-09-21..2026-02-13,"Al Riyadh, Al-Ittihad FC",43,طلال أبوبكر حجي,Talal Haji,2023-09-21..2026-02-13,"Al Riyadh, Al-Ittihad FC",45,طلال حاجي,SAU,0.714,"Al Riyadh, Al-Ittihad FC",43/43,100.0,True,
439927,E. Ampofo,2024-03-02..2026-05-16,"Al Nasr, Dibba Al-Fujairah",47,,Evans Ampofo,2024-03-02..2026-05-05,"Al Nasr, Dibba Al-Fujairah",41,,UAE,0.762,"Al Nasr, Dibba Al-Fujairah",41/41,100.0,True,
2102,M. Kosanović,2023-01-22..2025-05-25,"Ajman, Al-Jazira",52,,Miloš Kosanović,2024-03-01..2025-05-19,Ajman,36,,UAE,0.815,Ajman,36/36,100.0,True,
19027,N. Kebano,2023-08-19..2025-05-25,Al-Jazira,45,,Neeskens Kebano,2023-08-19..2025-05-19,Al-Jazira,43,,UAE,0.667,Al-Jazira,43/43,100.0,True,
16853,E. El Sayed,2025-08-24..2026-09-01,El Geish,22,,Emad El-Sayed,2023-05-31..2026-09-01,"El Dakhleya, El Geish",65,,EGY,0.75,El Geish,22/22,100.0,True,
293313,B. Diarra,2024-09-22..2026-09-06,Al Wahda FC,53,,Brahima Diarra,2024-09-22..2026-08-21,Al Wahda FC,34,,UAE,0.696,Al Wahda FC,34/34,100.0,True,
237204,L. Wamba,2024-08-23..2026-08-21,"Al Nasr, Al Wahda FC, Baniyas SC",49,,Leonel Wamba,2024-08-23..2026-08-21,"Al Nasr, Al Wahda FC, Baniyas SC",38,,UAE,0.7,"Al Nasr, Al Wahda FC, Baniyas SC",38/38,100.0,True,
181136,Yaser Al Blooshi,2022-09-02..2025-05-24,Al-Ittihad Kalba,71,,Yaser Alblooshi,2023-08-18..2024-04-06,Al-Ittihad Kalba,16,,UAE,0.968,Al-Ittihad Kalba,16/16,100.0,True,
50525,Ali Abdulla,2023-08-19..2025-05-20,"Al-Wasl FC, Dibba Al Hisn, Emirates Club",42,,Ali Al Ansaari,2023-08-19..2025-05-20,"Al-Wasl FC, Dibba Al Hisn, Emirates Club",45,,UAE,0.56,"Al-Wasl FC, Dibba Al Hisn, Emirates Club",42/42,100.0,True,
269276,H. Mohamed Sukar,2026-02-28..2026-05-28,Ismaily SC,11,,Hatem Mohamed,2022-11-02..2026-05-28,"Ismaily SC, Zamalek SC",76,,EGY,0.621,Ismaily SC,11/11,100.0,True,
3295,P. Tau,2022-10-23..2025-04-18,"Al Ahly, Qatar SC",50,,Percy Tau,2023-05-29..2025-04-18,"Al Ahly, Qatar SC",37,,"EGY, QAT",0.667,"Al Ahly, Qatar SC",37/37,100.0,True,
16934,F. Kabore,2022-10-20..2024-08-13,El Mokawloon,58,,Farouck Kabore,2023-05-31..2024-08-13,El Mokawloon,29,,EGY,0.696,El Mokawloon,29/29,100.0,True,
359731,Rakan Al Tulayhi,2023-10-20..2026-09-08,"Al Najma, Al Taawon",82,راكان الطليحي,Rakan Rajeh Altulayhi,2023-10-20..2023-12-08,Al Taawon,4,راكان الطليحي,SAU,0.811,Al Taawon,4/4,100.0,True,
293130,M. Bentayg,2024-11-01..2026-09-08,Zamalek SC,44,,Mahmoud Bentayg,2024-11-01..2026-08-31,Zamalek SC,42,,EGY,0.72,Zamalek SC,42/42,100.0,True,
50439,Waleed Al Yammahi,2023-11-26..2025-05-19,Ajman,36,,Waleid Al Yammahi,2022-09-02..2025-05-25,Ajman,50,,UAE,0.941,Ajman,36/36,100.0,True,
16854,M. Abdelghani,2025-08-10..2026-05-23,"Ghazl El Mehalla, Haras El Hodood",21,,Mohamed Abdelghani,2023-06-05..2026-05-23,"Ghazl El Mehalla, Haras El Hodood, National Bank of Egypt, Zamalek SC",65,,EGY,0.774,"Ghazl El Mehalla, Haras El Hodood",21/21,100.0,True,
17302,Abdelaziz El Sayed,2022-10-20..2025-05-28,"El Dakhleya, National Bank of Egypt, Petrojet",66,,Abdelaziz El Sayed Zizo,2024-11-01..2025-05-28,Petrojet,20,,EGY,0.878,Petrojet,20/20,100.0,True,
144878,R. Slim,2023-09-19..2026-07-05,"Al Ahly, FAR Rabat",57,,Reda Slim,2023-09-19..2024-12-01,"Al Ahly, El Dakhleya",29,,"EGY, MAR",0.75,Al Ahly,29/29,100.0,True,
112015,M. Niass,2022-10-20..2024-07-11,El Mokawloon,58,مامادو نياس,Mamadou Niass,2023-05-31..2024-07-11,El Mokawloon,28,,EGY,0.667,El Mokawloon,28/28,100.0,True,
405059,Michel,2023-08-18..2025-05-24,"Al Urooba, Al-Ittihad Kalba",43,,Michel Dreifke,2023-08-18..2025-05-24,"Al Urooba, Al-Ittihad Kalba",42,,UAE,0.6,"Al Urooba, Al-Ittihad Kalba",42/42,100.0,True,
53634,P. Boumal,2023-08-18..2025-05-24,"Al Bataeh, Al Urooba",43,,Petrus Boumal,2023-08-18..2025-05-24,"Al Bataeh, Al Urooba",42,,UAE,0.727,"Al Bataeh, Al Urooba",42/42,100.0,True,
179699,F. Mayele,2023-09-21..2026-05-20,Pyramids FC,82,,Mahmoud Mayele,2026-03-01..2026-03-09,Pyramids FC,3,,EGY,0.609,Pyramids FC,3/3,100.0,True,
17084,Basem Morsi,2023-05-31..2024-12-29,"El Geish, Ismaily SC, National Bank of Egypt",29,,Basem Morsy,2022-10-19..2024-12-29,"El Geish, Ismaily SC, National Bank of Egypt",56,,EGY,0.909,"El Geish, Ismaily SC, National Bank of Egypt",29/29,100.0,True,
162161,J. Geusens,2024-10-05..2026-09-05,Al-Jazira,53,,Jay-Dee Geusens,2024-10-05..2026-05-05,Al-Jazira,31,,UAE,0.72,Al-Jazira,31/31,100.0,True,
3037,B. Malango,2023-01-11..2025-04-18,Qatar SC,47,,Ben Malango,2023-10-21..2025-04-18,Qatar SC,37,,QAT,0.857,Qatar SC,37/37,100.0,True,
2649,A. Fatouh,2025-08-21..2026-08-26,Zamalek SC,23,,Ahmed Fatouh,2023-05-30..2026-08-26,Zamalek SC,60,,EGY,0.762,Zamalek SC,23/23,100.0,True,
71147,J. Flemmings,2024-08-23..2026-09-04,"Ajman, Khorfakkan",52,,Junior Flemmings,2024-08-23..2026-04-24,Ajman,31,,UAE,0.786,Ajman,31/31,100.0,True,
2699,S. Ghoddos,2024-10-05..2026-09-04,Al-Ittihad Kalba,50,,Saman Ghoddos,2024-10-05..2026-08-21,Al-Ittihad Kalba,33,,UAE,0.783,Al-Ittihad Kalba,33/33,100.0,True,
34239,Cho Yu-Min,2024-02-24..2026-05-15,Sharjah FC,55,,Yu-min Cho,2024-08-29..2026-04-10,Sharjah FC,28,,UAE,0.6,Sharjah FC,28/28,100.0,True,
385518,Mayed Al Teneiji,2023-08-26..2025-05-23,Al Nasr,34,,Mayed Ali Alteneiji,2023-08-19..2026-04-24,"Al Nasr, Dibba Al-Fujairah",49,,UAE,0.914,Al Nasr,34/34,100.0,True,
50423,Suhail Ahmed Al Noobi,2023-08-18..2026-05-05,Baniyas SC,59,,Suhail Al Noubi,2023-08-18..2024-06-01,Baniyas SC,24,,UAE,0.778,Baniyas SC,24/24,100.0,True,
140982,S. Moussaddaq,2024-08-31..2026-07-05,"CR Khemis Zemamra, Wydad AC, Zamalek SC",61,,Salah Moussadak,2025-02-11..2025-10-04,Zamalek SC,22,,"EGY, MAR",0.714,Zamalek SC,22/22,100.0,True,
8513,Y. Boli,2022-08-03..2024-12-07,"Al-Gharafa, Al-Khor, Al-Rayyan SC, Qatar SC",55,,Yohan Boli,2023-09-24..2024-12-07,"Al-Gharafa, Al-Khor, Qatar SC",28,,QAT,0.706,"Al-Gharafa, Al-Khor, Qatar SC",28/28,100.0,True,
36611,A. Qasmi,2023-08-31..2026-05-08,"Al Kharaitiyat, Al-Raed, FUS Rabat",55,عبد الله القاسمي,Ayoub Qasmi,2024-09-14..2025-05-26,Al-Raed,27,أيوب قاسمي,"MAR, QAT, SAU",0.737,Al-Raed,27/27,100.0,True,
649,J. Denayer,2022-10-02..2025-01-22,"Al-Fateh, Shabab Al Ahli Dubai",46,جيسون ديناير,Jason Denayer,2023-08-13..2025-01-22,Al-Fateh,36,جيسون دينايير,"SAU, UAE",0.783,Al-Fateh,36/36,100.0,True,
16831,El Mahdy Soliman,2024-11-07..2025-05-16,Al Ittihad,12,,Mahdi Soliman,2023-05-29..2026-08-31,"Al Ittihad, Zamalek SC",70,,EGY,0.828,Al Ittihad,12/12,100.0,True,
147929,A. El Dah,2025-08-09..2026-05-23,Ismaily SC,24,,Abdelrahman El Dah,2024-02-15..2026-05-23,Ismaily SC,58,,EGY,0.593,Ismaily SC,24/24,100.0,True,
17096,Abdelrahman Body,2023-06-02..2026-04-19,"Al Ittihad, Ceramica Cleopatra",66,,Body,2025-08-08..2026-04-19,Al Ittihad,16,,EGY,0.4,Al Ittihad,16/16,100.0,True,
425804,Enoque,2024-02-15..2025-05-09,"Baladiyyat Al Mehalla, Pharco",41,,Enoque Tula,2024-02-15..2025-05-09,"Baladiyyat Al Mehalla, Pharco",41,,EGY,0.706,"Baladiyyat Al Mehalla, Pharco",41/41,100.0,True,
36904,M. Taabouni,2023-08-16..2026-09-03,"Al-Arabi SC, Al-Sailiya, Qatar SC",51,,Mohamed Taabouni,2023-09-23..2026-01-17,"Al-Arabi SC, Al-Sailiya, Qatar SC",31,,QAT,0.741,"Al-Arabi SC, Al-Sailiya, Qatar SC",31/31,100.0,True,
42294,Nasser Abdulsalam Al Ahrak,2023-09-24..2025-03-07,"Al Shahaniya, Al-Gharafa",29,,Nasser Al Ahrak,2022-08-02..2025-03-07,"Al Shahaniya, Al-Gharafa",53,,QAT,0.732,"Al Shahaniya, Al-Gharafa",29/29,100.0,True,
2903,Jung Woo-Young,2022-08-01..2024-05-27,"Al Khaleej Saihat, Al Sadd",50,جونغ وو-يونغ,Woo-Young Jung,2023-08-12..2024-05-27,Al Khaleej Saihat,31,جونغ وو يونغ,"QAT, SAU",0.643,Al Khaleej Saihat,31/31,100.0,True,
201964,I. Ouro-Agoro,2023-08-30..2026-09-07,"El Geish, FAR Rabat",48,إسماعيل أورو أغيرو,Ismail Ouro-Agoro,2025-08-09..2026-09-01,El Geish,33,,"EGY, MAR",0.8,El Geish,33/33,100.0,True,
270355,K. El Debes,2025-09-19..2026-08-23,"Al Ahly, Ceramica Cleopatra",19,,Karim El Debes,2023-05-26..2026-08-23,"Al Ahly, Ceramica Cleopatra",62,,EGY,0.8,"Al Ahly, Ceramica Cleopatra",19/19,100.0,True,
151743,R. Arfaoui,2025-02-23..2026-09-07,Ghazl El Mehalla,42,,Rached Arfaoui,2025-02-23..2026-08-22,Ghazl El Mehalla,39,,EGY,0.75,Ghazl El Mehalla,39/39,100.0,True,
181135,Hareb Abdullah Suhail,2023-08-27..2024-08-30,Shabab Al Ahli Dubai,24,,Harib Abdalla Suhail,2022-09-03..2026-08-15,"Shabab Al Ahli Dubai, Sharjah FC",57,,UAE,0.878,Shabab Al Ahli Dubai,24/24,100.0,True,
44580,F. Kiss,2022-09-02..2025-04-22,"Al Urooba, Al-Ittihad Kalba",53,,Filip Kiss,2023-08-18..2025-04-22,"Al Urooba, Al-Ittihad Kalba",28,,UAE,0.706,"Al Urooba, Al-Ittihad Kalba",28/28,100.0,True,
498400,M. Toure,2025-08-10..2026-09-01,Ghazl El Mehalla,29,,Mory Touré,2024-11-07..2026-09-01,Ghazl El Mehalla,51,,EGY,0.667,Ghazl El Mehalla,29/29,100.0,True,
270355,Karim El Debes,2023-05-26..2026-08-23,"Al Ahly, Ceramica Cleopatra",62,,Karim Eldbees,2023-05-26..2024-12-30,Al Ahly,18,,EGY,0.889,Al Ahly,18/18,100.0,True,
297773,J. Ojera,2024-02-14..2026-08-22,El Mokawloon,40,,Joackiam Ojera,2024-02-14..2026-08-22,El Mokawloon,40,,EGY,0.636,El Mokawloon,40/40,100.0,True,
50598,Shaheen Surour,2023-09-23..2025-05-24,"Al Urooba, Khorfakkan",28,,Shahin Surour,2022-09-02..2025-05-24,"Al Urooba, Baniyas SC, Khorfakkan",52,,UAE,0.889,"Al Urooba, Khorfakkan",28/28,100.0,True,
17144,Ahmed Said,2022-10-18..2025-09-22,"Ghazl El Mehalla, National Bank of Egypt",76,,M. S. Afifi A.,2025-08-10..2025-09-22,Ghazl El Mehalla,4,,EGY,0.417,Ghazl El Mehalla,4/4,100.0,True,
354701,B. Burke,2024-08-11..2026-09-03,"Al Shahaniya, Al-Duhail SC, Al-Sailiya",49,,Bautista Burke,2024-08-11..2026-04-27,"Al Shahaniya, Al-Duhail SC",31,,QAT,0.636,"Al Shahaniya, Al-Duhail SC",31/31,100.0,True,
287434,A. Tahif,2023-08-27..2026-04-27,"Renaissance Berkane, UMM Salal",72,,Adil Tahif,2025-11-08..2026-04-27,UMM Salal,8,,"MAR, QAT",0.778,UMM Salal,8/8,100.0,True,
454715,Hema Mohamed,2024-02-15..2026-08-28,Ceramica Cleopatra,51,,Ibrahim Mohamed,2024-02-15..2025-05-05,Ceramica Cleopatra,28,,EGY,0.741,Ceramica Cleopatra,28/28,100.0,True,
367668,I. Moumen,2024-01-07..2026-09-06,"Ajman, Wydad AC",56,,Ismail Moumen,2024-11-23..2026-05-05,Ajman,23,,"MAR, UAE",0.727,Ajman,23/23,100.0,True,
50649,Abdulla Al Tamimi,2024-08-23..2025-05-23,Al Nasr,20,,Abdullah Mohammed Ismail,2023-08-19..2026-04-24,Al Nasr,59,,UAE,0.634,Al Nasr,20/20,100.0,True,
16982,M. Dunga,2025-08-19..2026-05-18,"Al Ittihad, Pyramids FC",23,,Mahmoud Dunga,2024-04-05..2026-05-18,"Al Ittihad, Pyramids FC",56,,EGY,0.667,"Al Ittihad, Pyramids FC",23/23,100.0,True,
71536,M. Amissi,2023-09-20..2025-05-29,"Baladiyyat Al Mehalla, Future FC",40,,Mohamed Amissi,2023-10-21..2025-05-29,"Baladiyyat Al Mehalla, Future FC",39,,EGY,0.696,"Baladiyyat Al Mehalla, Future FC",39/39,100.0,True,
2958,N. Sliti,2023-08-18..2026-04-27,"Al Ahli Doha, Al Shamal",45,نعيم السليتي,Naïm Sliti,2023-09-23..2026-04-27,"Al Ahli Doha, Al Shamal",34,,QAT,0.778,"Al Ahli Doha, Al Shamal",34/34,100.0,True,
270613,M. Mitaj,2024-09-27..2026-05-21,Al-Ittihad FC,39,ماريو ميتاج,Mario Mitaj,2024-09-27..2026-05-21,Al-Ittihad FC,39,ماريو ميتاي,SAU,0.737,Al-Ittihad FC,39/39,100.0,True,
44566,Hussein El Sayed,2025-05-13..2025-05-28,Ceramica Cleopatra,4,,Hussein Sayed,2023-06-07..2026-08-28,"AL Masry, Ceramica Cleopatra",74,,EGY,0.897,Ceramica Cleopatra,4/4,100.0,True,
487797,M. Sabry,2025-10-25..2026-09-02,Future FC,18,,Mohamed Sabry,2024-10-31..2026-09-09,Future FC,60,,EGY,0.667,Future FC,18/18,100.0,True,
50279,Saif Rashed,2023-08-18..2024-05-10,Ajman,12,,Saif Rashid,2022-09-03..2025-05-13,"Ajman, Al Bataeh, Sharjah FC",66,,UAE,0.909,Ajman,12/12,100.0,True,
294299,O. Zemraoui,2023-08-30..2026-05-20,"AL Masry, Chabab Mohammédia, Wydad AC",69,,Oussama Zemraoui,2026-01-28..2026-05-20,AL Masry,9,,"EGY, MAR",0.741,AL Masry,9/9,100.0,True,
2964,Y. Msakni,2022-08-02..2025-03-08,Al-Arabi SC,51,,Youssef Msakni,2023-09-23..2025-03-08,Al-Arabi SC,27,,QAT,0.696,Al-Arabi SC,27/27,100.0,True,
385467,A. Nakach,2023-08-26..2026-09-04,"FAR Rabat, Khorfakkan, UTS Rabat",62,,Akram Nakach,2025-10-31..2026-05-05,Khorfakkan,15,,"MAR, UAE",0.762,Khorfakkan,15/15,100.0,True,
2946,O. Haddadi,2024-08-24..2026-07-05,"Dibba Al Hisn, Renaissance Berkane",54,,Oussama Haddadi,2024-08-29..2025-05-24,Dibba Al Hisn,23,,"MAR, UAE",0.72,Dibba Al Hisn,23/23,100.0,True,
146772,Y. Belammari,2023-08-27..2026-05-20,"Al Ahly, Raja Casablanca",68,,Youssef Belammari,2026-02-11..2026-05-20,Al Ahly,9,,"EGY, MAR",0.759,Al Ahly,9/9,100.0,True,
17006,Sabri Raheel,2023-06-05..2024-08-13,"Al Ittihad, El Gouna FC",25,,Sabri Rahil,2022-10-18..2024-08-13,"Al Ittihad, El Gouna FC",52,,EGY,0.87,"Al Ittihad, El Gouna FC",25/25,100.0,True,
311959,Khaled Alnabrisi,2024-05-19..2026-08-28,"Ceramica Cleopatra, Ismaily SC",49,,Khalid Al Nabrisi,2024-05-19..2025-04-28,Ismaily SC,27,,EGY,0.909,Ismaily SC,27/27,100.0,True,
402904,M. Abdelnasser,2025-08-21..2026-05-29,El Mokawloon,22,,Mohamed Abdelnasser,2023-01-03..2026-05-29,El Mokawloon,54,,EGY,0.788,El Mokawloon,22/22,100.0,True,
482331,M. Farhat,2025-08-10..2026-05-28,Pharco,29,,Mahmoud Farahat,2024-08-17..2026-05-28,Pharco,47,,EGY,0.667,Pharco,29/29,100.0,True,
42161,Al Doukali Al Sayed,2022-08-01..2025-01-24,"Al Ahli Doha, Al Shamal",50,,Dokali Al Side,2023-10-21..2025-01-24,"Al Ahli Doha, Al Shamal",26,,QAT,0.727,"Al Ahli Doha, Al Shamal",26/26,100.0,True,
185477,Rodri,2024-09-14..2026-09-03,Al-Arabi SC,46,,Rodri Sánchez,2024-09-14..2026-08-21,Al-Arabi SC,30,,QAT,0.556,Al-Arabi SC,30/30,100.0,True,
273,M. Verratti,2023-09-23..2026-09-05,"Al-Arabi SC, Al-Duhail SC",45,,Marco Verratti,2023-09-23..2025-03-29,Al-Arabi SC,31,,QAT,0.8,Al-Arabi SC,31/31,100.0,True,
408562,A. Samadou,2024-12-19..2026-08-26,"AL Masry, Smouha SC",38,,Samadou Attidjikou,2024-12-19..2026-08-26,"AL Masry, Smouha SC",37,,EGY,0.5,"AL Masry, Smouha SC",37/37,100.0,True,
203154,T. Uchino,2024-08-23..2026-05-16,"Al-Wasl FC, Dibba Al-Fujairah",42,,Takashi Uchino,2024-08-23..2026-05-05,"Al-Wasl FC, Dibba Al-Fujairah",33,,UAE,0.696,"Al-Wasl FC, Dibba Al-Fujairah",33/33,100.0,True,
2895,Jung Seung-Hyun,2024-02-13..2025-05-25,Al-Wasl FC,38,,Seung-hyun Jung,2024-02-13..2025-05-20,Al-Wasl FC,37,,UAE,0.667,Al-Wasl FC,37/37,100.0,True,
134967,Abdulla Hamad,2022-09-02..2026-09-06,Al Wahda FC,64,,Abdulla Salmeen,2023-11-25..2024-04-06,Al Wahda FC,11,,UAE,0.714,Al Wahda FC,11/11,100.0,True,
50280,Omar Juma,2023-08-19..2025-05-22,Khorfakkan,26,,Omar Jumaa,2022-09-03..2025-05-25,"Al Nasr, Khorfakkan",49,,UAE,0.947,Khorfakkan,26/26,100.0,True,
328399,K. Awad,2025-08-09..2026-05-18,El Geish,29,,Khaled Awad,2024-07-01..2026-05-18,El Geish,46,,EGY,0.667,El Geish,29/29,100.0,True,
26984,Mahmoud Abdel Razik Shikabala,2024-07-21..2025-05-31,Zamalek SC,14,,Shikabala,2022-10-19..2025-05-31,Zamalek SC,61,,EGY,0.474,Zamalek SC,14/14,100.0,True,
283174,Mohamed Naceur Almanai,2022-08-01..2026-04-27,"Al Sadd, Al Shamal, Al-Markhiya",54,,Mohammad Al Mannai,2024-03-17..2025-04-18,"Al Shamal, Al-Markhiya",21,,QAT,0.7,"Al Shamal, Al-Markhiya",21/21,100.0,True,
36981,P. van Amersfoort,2024-08-11..2026-05-08,Al Shahaniya,45,,Pelle van Amersfoort,2024-08-11..2026-04-27,Al Shahaniya,30,,QAT,0.865,Al Shahaniya,30/30,100.0,True,
47473,Jason,2025-08-30..2026-09-08,Al-Fayha,38,جيسون,Jason Remeseiro,2025-08-30..2026-09-03,Al-Fayha,36,خاسون ريميسيرو,SAU,0.5,Al-Fayha,36/36,100.0,True,
44425,Abdullah Hassoun,2024-08-23..2026-04-09,"Al Riyadh, Al-Qadisiyah FC",37,عبد الله حسون,Abdullah Tarmin,2024-08-23..2026-04-09,"Al Riyadh, Al-Qadisiyah FC",37,عبدالله ترمين,SAU,0.71,"Al Riyadh, Al-Qadisiyah FC",37/37,100.0,True,
290640,Ozaybi Raed,2023-08-17..2023-12-08,Al Khaleej Saihat,9,رائد أزايبي,Raed Ozaybi,2023-08-17..2025-12-25,"Al Khaleej Saihat, NEOM",65,رائد أزايبي,SAU,0.545,Al Khaleej Saihat,9/9,100.0,True,
19053,A. Sabiri,2023-09-15..2025-05-16,"Ajman, Al Taawon, Al-Fayha",37,عبد الحميد صابيري,Abdelhamid Sabiri,2023-09-15..2025-05-16,"Ajman, Al Taawon, Al-Fayha",37,عبدالحميد صابيري,"SAU, UAE",0.615,"Ajman, Al Taawon, Al-Fayha",37/37,100.0,True,
454715,Hema Mohamed,2024-02-15..2026-08-28,Ceramica Cleopatra,51,,I. Mohamed,2025-08-08..2026-08-28,Ceramica Cleopatra,23,,EGY,0.727,Ceramica Cleopatra,23/23,100.0,True,
30462,M. Gabbiadini,2023-08-19..2025-08-24,Al Nasr,38,,Manolo Gabbiadini,2023-08-19..2025-01-31,Al Nasr,36,,UAE,0.8,Al Nasr,36/36,100.0,True,
50628,Eisa Al Maazmi,2024-08-23..2025-05-24,Al Urooba,25,,Eisa Ali Abass,2023-08-18..2025-05-24,"Al Urooba, Baniyas SC",49,,UAE,0.714,Al Urooba,25/25,100.0,True,
50305,Ismail Al Hammadi,2022-09-02..2024-06-05,"Emirates Club, Khorfakkan",49,,Ismail Al-Hammadi,2023-08-19..2024-06-05,Emirates Club,25,,UAE,0.941,Emirates Club,25/25,100.0,True,
483959,I. Abdelaal,2025-08-14..2026-05-28,Ismaily SC,23,,Ibrahim Abdel Aal,2024-11-09..2026-05-28,Ismaily SC,51,,EGY,0.714,Ismaily SC,23/23,100.0,True,
146373,Navid Mohammad Doozandeh,2022-08-01..2025-04-18,Al Ahli Doha,46,,Navid Mohammad Dorzadeh,2023-10-21..2025-04-18,Al Ahli Doha,28,,QAT,0.936,Al Ahli Doha,28/28,100.0,True,
42328,A. Rhaili,2023-01-29..2026-07-05,"Al-Khor, Maghreb Fès, UMM Salal",56,,Adil Rhaili,2024-08-09..2025-04-18,Al-Khor,18,,"MAR, QAT",0.8,Al-Khor,18/18,100.0,True,
409418,Yousef El Khatib,2023-03-12..2026-09-04,Al Wakrah,44,,Yousef Elkhatib,2023-09-29..2025-03-08,Al Wakrah,30,,QAT,0.968,Al Wakrah,30/30,100.0,True,
20526,F. Boulaya,2022-08-23..2025-04-18,"Al Wakrah, Al-Gharafa",48,,Farid Boulaya,2023-09-24..2025-04-18,"Al Wakrah, Al-Gharafa",26,,QAT,0.783,"Al Wakrah, Al-Gharafa",26/26,100.0,True,
41627,K. Gorré,2023-08-18..2025-04-18,UMM Salal,40,,Kenji Gorré,2023-09-23..2025-04-18,UMM Salal,34,,QAT,0.737,UMM Salal,34/34,100.0,True,
296656,Abbas Al Hassan,2023-08-13..2024-05-27,Al-Fateh,33,عباس الحسن,Abbas Sadiq Alhassan,2023-08-13..2025-11-08,"Al-Fateh, NEOM",40,عباس صادق الحسن,SAU,0.8,Al-Fateh,33/33,100.0,True,
293949,J. N'Guessan,2024-03-01..2026-08-29,"Al-Wasl FC, Khorfakkan",43,,Jean N'Guessan,2024-03-01..2026-05-05,"Al-Wasl FC, Khorfakkan",30,,UAE,0.846,"Al-Wasl FC, Khorfakkan",30/30,100.0,True,
50689,Abdulla Al Qamish,2022-09-03..2025-05-24,"Al-Dhafra, Dibba Al Hisn",50,,Abdullah Al-Qumaish,2024-08-29..2025-05-24,Dibba Al Hisn,23,,UAE,0.833,Dibba Al Hisn,23/23,100.0,True,
50628,Eisa Ali Abass,2023-08-18..2025-05-24,"Al Urooba, Baniyas SC",49,,Eisa Ali Al Maazmi,2023-08-18..2024-05-29,Baniyas SC,24,,UAE,0.688,Baniyas SC,24/24,100.0,True,
50678,M. Benyettou,2022-08-15..2026-01-06,"Al Wakrah, Al-Sailiya",54,,Mohamed Benyettou,2023-09-29..2025-11-22,"Al Wakrah, Al-Sailiya",19,,QAT,0.759,"Al Wakrah, Al-Sailiya",19/19,100.0,True,
42003,L. Rosier,2025-08-28..2026-08-28,"Abha, Al-Hazm",34,فالنتين روزييه,Loreintz Rosier,2025-08-28..2026-08-28,"Abha, Al-Hazm",38,لورينتز روزيه,SAU,0.667,"Abha, Al-Hazm",34/34,100.0,True,
1610,G. Masouras,2025-08-29..2026-08-28,"Al Khaleej Saihat, NEOM",35,جيورجيوس ماسوراس,Giorgos Masouras,2025-08-29..2026-08-28,"Al Khaleej Saihat, NEOM",37,جيورجوس ماسوراس,SAU,0.741,"Al Khaleej Saihat, NEOM",35/35,100.0,True,
44741,Abdullah Al Owaishir,2023-08-14..2025-05-26,"Al Wehda Club, Al-Ettifaq",36,عبد الله العويشير,Abdullah Hussein Al Owisher,2023-08-14..2025-05-26,"Al Wehda Club, Al-Ettifaq",36,عبدالله العويشير,SAU,0.766,"Al Wehda Club, Al-Ettifaq",36/36,100.0,True,
2702,M. Mohamedi,2023-09-22..2025-05-11,"Al Wehda Club, Renaissance Berkane",54,منير المحمدي,Monir El Kajoui,2023-09-22..2024-03-14,Al Wehda Club,18,,"MAR, SAU",0.308,Al Wehda Club,18/18,100.0,True,
17150,D. Elgabas,2025-12-03..2026-05-01,Pyramids FC,8,,Dodo El Gabas,2023-05-29..2026-08-27,Pyramids FC,64,,EGY,0.783,Pyramids FC,8/8,100.0,True,
50390,Ismaeil Matar,2023-08-18..2024-06-01,Al Wahda FC,26,,Ismail Matar,2022-09-02..2024-06-01,Al Wahda FC,46,,UAE,0.96,Al Wahda FC,26/26,100.0,True,
102687,P. Mboungou,2022-09-02..2024-05-25,"Ajman, Baniyas SC",48,,Vieljeux Prestige Mboungou,2023-08-18..2024-05-25,"Ajman, Baniyas SC",24,,UAE,0.541,"Ajman, Baniyas SC",24/24,100.0,True,
16830,A. Daador,2025-08-19..2026-04-28,Pharco,21,,Ahmed Daador,2023-04-05..2026-04-28,"Al Ittihad, Pharco, Pyramids FC",51,,EGY,0.762,Pharco,21/21,100.0,True,
354939,Seif Al Agouz,2023-09-20..2025-05-31,"El Gouna FC, Pharco",27,,Seif El Agouz,2023-09-20..2026-05-29,"El Gouna FC, Kahraba Ismailia, Pharco",45,,EGY,0.923,"El Gouna FC, Pharco",27/27,100.0,True,
257273,S. Moro,2024-11-01..2025-05-16,Al Ittihad,20,,Salifu Moro,2023-07-01..2025-05-16,Al Ittihad,52,,EGY,0.667,Al Ittihad,20/20,100.0,True,
396709,F. Alfred,2022-11-02..2024-07-30,El Dakhleya,42,,Funom Alfred,2023-05-31..2024-07-30,"Al Ahly, El Dakhleya",30,,EGY,0.762,El Dakhleya,30/30,100.0,True,
37149,S. van Beek,2024-08-11..2026-09-04,Al Shahaniya,46,,Sven van Beek,2024-08-11..2026-04-27,Al Shahaniya,26,,QAT,0.833,Al Shahaniya,26/26,100.0,True,
158514,N. Chadli,2024-08-30..2026-09-06,"Al Ain, Al Nasr, Al-Jazira, Baniyas SC, Wydad AC",48,,Nassim Chadli,2025-02-23..2026-08-21,"Al Ain, Al Nasr, Al-Jazira, Baniyas SC",23,,"MAR, UAE",0.727,"Al Ain, Al Nasr, Al-Jazira, Baniyas SC",23/23,100.0,True,
289403,M. Ahmed,2025-08-10..2026-05-28,Pharco,32,مصطفى أحمد,Moaz Mosaad,2023-09-20..2026-05-28,"Baladiyyat Al Mehalla, Pharco",39,,EGY,0.421,Pharco,32/32,100.0,True,
342763,A. El Malawany,2025-08-09..2026-05-17,Ismaily SC,19,,Ali El Malawany,2024-02-19..2026-05-17,Ismaily SC,52,,EGY,0.897,Ismaily SC,19/19,100.0,True,
276669,Abdelrahman Raafat,2023-10-21..2025-04-18,UMM Salal,34,,Abdulrahman Raafat,2023-08-27..2025-04-18,UMM Salal,37,,QAT,0.944,UMM Salal,34/34,100.0,True,
343404,Ibrahim Khalid,2022-08-02..2025-04-18,Al-Gharafa,42,,Ibrahim Tamer Khaled,2023-09-24..2025-04-18,Al-Gharafa,29,,QAT,0.765,Al-Gharafa,29/29,100.0,True,
44295,Saleh Al Ohaymid,2023-10-26..2025-05-22,"Al Taawon, Al-Raed",35,صالح المحيميد,Saleh Alohaymid,2023-10-26..2025-05-22,"Al Taawon, Al-Raed",35,صالح المحيميد,SAU,0.968,"Al Taawon, Al-Raed",35/35,100.0,True,
394602,D. Dokou,2023-02-13..2026-09-09,"El Mokawloon, Smouha SC",65,,Douko Dodo,2023-06-03..2023-07-15,Smouha SC,5,,EGY,0.556,Smouha SC,5/5,100.0,True,
182310,H. El Gabry,2025-08-14..2026-09-01,El Geish,29,,Hamed Khaled El Gabry,2023-02-21..2026-09-01,"El Geish, Haras El Hodood",41,,EGY,0.625,El Geish,29/29,100.0,True,
445315,S. Sosu,2024-04-27..2026-09-05,"Al Ain, Al Nasr, Baniyas SC",42,,Solomon Sosu,2024-04-27..2026-05-05,"Al Ain, Al Nasr, Baniyas SC",28,,UAE,0.632,"Al Ain, Al Nasr, Baniyas SC",28/28,100.0,True,
210198,M. Zaddem,2024-02-13..2025-05-29,"AL Masry, Future FC",35,معتز زظام,Mootez Zaddem,2024-02-13..2025-05-29,"AL Masry, Future FC",35,,EGY,0.727,"AL Masry, Future FC",35/35,100.0,True,
15731,W. Abou Ali,2024-02-27..2024-05-07,Al Ahly,7,,Wessam Abou Ali,2024-02-27..2025-05-28,Al Ahly,63,,EGY,0.769,Al Ahly,7/7,100.0,True,
381176,Marwan Al Sahafi,2023-08-14..2026-09-08,Al-Ittihad FC,64,مروان الصحفي,Marwan Alsahafi,2024-05-03..2024-05-27,Al-Ittihad FC,5,مروان الصحفي,SAU,0.968,Al-Ittihad FC,5/5,100.0,True,
135884,M. Azarkan,2024-08-23..2026-05-15,Al Nasr,40,,Marouan Azarkan,2024-08-23..2026-04-24,Al Nasr,29,,UAE,0.72,Al Nasr,29/29,100.0,True,
3288,T. Serero,2022-09-03..2024-06-01,"Al-Jazira, Khorfakkan",47,,Thulani Serero,2023-09-23..2024-06-01,Khorfakkan,22,,UAE,0.696,Khorfakkan,22/22,100.0,True,
369030,F. Etouga,2022-10-18..2025-05-13,"AL Masry, El Gouna FC, Haras El Hodood",41,,Franck Mbella Etouga,2023-06-28..2025-05-13,"AL Masry, El Gouna FC, Haras El Hodood",28,,EGY,0.552,"AL Masry, El Gouna FC, Haras El Hodood",28/28,100.0,True,
2206,B. Bourigeaud,2024-09-14..2026-09-03,"Al Ahli Doha, Al-Duhail SC",42,,Benjamin Bourigeaud,2024-09-14..2026-04-27,Al-Duhail SC,27,,QAT,0.75,Al-Duhail SC,27/27,100.0,True,
47300,T. Hernandez,2025-09-13..2026-09-01,Al-Hilal Saudi FC,33,ثيو هرنانديز,Theo Hernández,2025-09-13..2026-09-01,Al-Hilal Saudi FC,35,تيو هيرنانديز,SAU,0.769,Al-Hilal Saudi FC,33/33,100.0,True,
44408,L. Tawamba,2023-08-13..2024-05-27,"Al Okhdood, Al Taawon",34,لياندر توامبا,Léandre Tawamba,2023-08-13..2024-05-27,"Al Okhdood, Al Taawon",34,لياندر تاوامبا,SAU,0.72,"Al Okhdood, Al Taawon",34/34,100.0,True,
16910,M. Aboul-Saoud,2026-08-22..2026-09-02,El Mokawloon,3,,Mahmoud Abou El-Saoud,2023-05-31..2026-09-02,El Mokawloon,65,,EGY,0.743,El Mokawloon,3/3,100.0,True,
526552,K. Saidi,2025-08-10..2026-05-29,Ghazl El Mehalla,31,,Kibou Saïdi,2025-08-10..2026-09-07,Ghazl El Mehalla,37,,EGY,0.632,Ghazl El Mehalla,31/31,100.0,True,
34239,Cho Yu-Min,2024-02-24..2026-05-15,Sharjah FC,55,,Yu-min Jo,2024-02-24..2024-06-01,Sharjah FC,13,,UAE,0.632,Sharjah FC,13/13,100.0,True,
49701,H. Chikhaoui,2023-08-18..2024-12-14,Ajman,34,,Haykeul Chikhaoui,2023-08-18..2024-12-14,Ajman,34,,UAE,0.759,Ajman,34/34,100.0,True,
1221,S. Azmoun,2024-08-24..2026-09-05,Shabab Al Ahli Dubai,40,,Sardar Azmoun,2024-08-24..2026-04-29,Shabab Al Ahli Dubai,27,,UAE,0.727,Shabab Al Ahli Dubai,27/27,100.0,True,
42035,Rami Al Hamawendi,2023-09-23..2025-02-08,Al-Arabi SC,28,,Rami Al Hamwende,2023-08-27..2025-04-18,Al-Arabi SC,39,,QAT,0.909,Al-Arabi SC,28/28,100.0,True,
21106,A. Mance,2024-08-09..2026-04-27,UMM Salal,39,,Antonio Mance,2024-08-09..2026-04-27,UMM Salal,28,,QAT,0.667,UMM Salal,28/28,100.0,True,
328451,A. Al Shamrani,2025-10-18..2026-08-13,Al-Hazm,30,عمار الشمراني,Ahmed Al-Shamrani,2025-10-18..2026-08-30,Al-Hazm,36,أحمد الشمراني,SAU,0.774,Al-Hazm,30/30,100.0,True,
21146,A. Fulgini,2025-09-13..2026-09-07,"Al Khaleej Saihat, Al Taawon",35,أنجيلو فولجيني,Angelo Fulgini,2025-09-13..2026-08-28,"Al Khaleej Saihat, Al Taawon",31,أنجيلو فولغيني,SAU,0.75,"Al Khaleej Saihat, Al Taawon",31/31,100.0,True,
25522,G. Gul,2025-08-30..2026-05-21,Al Okhdood,33,جوككان جول,Gökhan Gül,2025-08-30..2026-05-21,Al Okhdood,33,غوكهان غول,SAU,0.5,Al Okhdood,33/33,100.0,True,
2664,Mahmoud Trézéguet,2024-09-13..2026-08-28,"Al Ahly, Al Riyadh, Al-Rayyan SC",44,محمود تريزيجيه,Trezeguet,2025-08-09..2026-08-28,"Al Ahly, Al Riyadh",22,محمود تريزيجيه,"EGY, QAT, SAU",0.538,"Al Ahly, Al Riyadh",22/22,100.0,True,
47221,F. Noguera,2023-08-19..2024-05-27,Abha,33,فابيان نوغويرا,Fabián Noguera,2023-08-19..2024-05-27,Abha,33,فابيان نوغيرا,SAU,0.75,Abha,33/33,100.0,True,
481,G. Krychowiak,2023-08-14..2024-05-27,Abha,33,غجيغوج كريخوفياك,Grzegorz Krychowiak,2023-08-14..2024-05-27,Abha,33,غجيغوش كريتشوفياك,SAU,0.75,Abha,33/33,100.0,True,
25601,R. Bauer,2023-08-12..2024-05-27,Al Taee,33,روبرت باوير,Robert Bauer,2023-08-12..2024-05-27,Al Taee,33,روبرت باور,SAU,0.7,Al Taee,33/33,100.0,True,
328400,F. Hatem,2025-10-04..2026-09-01,El Geish,18,,Fares Hatem,2022-12-11..2026-09-07,El Geish,48,,EGY,0.737,El Geish,18/18,100.0,True,
142783,F. Antonucci,2024-08-11..2026-09-04,Al Shahaniya,41,,Francesco Antonucci,2024-08-11..2026-04-27,Al Shahaniya,25,,QAT,0.71,Al Shahaniya,25/25,100.0,True,
374071,L. Badji,2023-08-18..2025-09-12,UMM Salal,38,,Landing Badji,2023-09-23..2025-04-04,UMM Salal,28,,QAT,0.667,UMM Salal,28/28,100.0,True,
393207,Abdel Rahman Gouda,2024-07-26..2025-05-24,"Haras El Hodood, Pyramids FC",24,,Abdo Gouda,2024-07-26..2026-09-01,"Al Ittihad, Haras El Hodood, Masr, Pyramids FC",41,,EGY,0.643,"Haras El Hodood, Pyramids FC",24/24,100.0,True,
33937,Du-jae Won,2024-09-28..2026-01-28,Khorfakkan,30,,Won Du-Jae,2024-09-28..2026-01-28,Khorfakkan,35,,UAE,0.6,Khorfakkan,30/30,100.0,True,
50490,Tariq Ahmed,2022-09-03..2024-06-05,"Al Nasr, Emirates Club, Shabab Al Ahli Dubai",43,,Tariq Hassan,2023-08-27..2024-06-05,"Emirates Club, Shabab Al Ahli Dubai",22,,UAE,0.609,"Emirates Club, Shabab Al Ahli Dubai",22/22,100.0,True,
50534,Khaleil Khameis,2022-09-02..2024-06-01,Khorfakkan,45,,Khalil Khamis,2023-08-19..2024-06-01,Khorfakkan,20,,UAE,0.929,Khorfakkan,20/20,100.0,True,
2662,A. Hamdy,2025-09-22..2026-05-28,"Masr, Petrojet",18,,Ammar Hamdy,2023-05-29..2026-05-28,"Al Ittihad, El Mokawloon, Masr, Petrojet",47,,EGY,0.737,"Masr, Petrojet",18/18,100.0,True,
2947,A. Maâloul,2022-10-19..2025-05-28,Al Ahly,41,,Ali Maâloul,2023-05-29..2025-05-28,Al Ahly,24,,EGY,0.857,Al Ahly,24/24,100.0,True,
1371,Y. Benzia,2025-08-30..2026-05-21,Al-Fayha,32,ياسين بن زية,Yassine Benzia,2025-08-30..2026-05-21,Al-Fayha,32,ياسين بنزية,SAU,0.696,Al-Fayha,32/32,100.0,True,
8828,G. Coucke,2024-08-23..2025-05-26,Al Orubah,32,خايتان كوكه,Gaëtan Coucke,2024-08-23..2025-05-26,Al Orubah,32,جايتان كوكي,SAU,0.727,Al Orubah,32/32,100.0,True,
1465,P. Aubameyang,2024-08-27..2025-05-26,Al-Qadisiyah FC,32,بيير إيمريك أوباميانغ,Pierre-Emerick Aubameyang,2024-08-27..2025-05-26,Al-Qadisiyah FC,32,بيير إيميريك أوباميانغ,SAU,0.632,Al-Qadisiyah FC,32/32,100.0,True,
104553,A. Crețu,2024-08-28..2025-05-26,Al Wehda Club,32,ألكساندرو كريتو,Alexandru Crețu,2024-08-28..2025-05-26,Al Wehda Club,32,ألكساندرو كريتسو,SAU,0.609,Al Wehda Club,32/32,100.0,True,
487795,D. Coulibaly,2024-11-21..2026-09-05,"Dibba Al-Fujairah, Hatta SC, Khorfakkan",39,,Drissa Coulibaly,2024-11-21..2026-05-05,"Dibba Al-Fujairah, Khorfakkan",25,,UAE,0.786,"Dibba Al-Fujairah, Khorfakkan",25/25,100.0,True,
128902,R. Tagir,2024-09-21..2026-09-05,Al-Jazira,40,,Ravil Tagir,2024-09-21..2026-05-05,Al-Jazira,24,,UAE,0.737,Al-Jazira,24/24,100.0,True,
341305,Z. Mohammed,2022-09-10..2026-09-06,"Al-Dhafra, Al-Ittihad Kalba",51,,Zackariah Mohammed,2023-08-26..2026-05-05,"Al-Dhafra, Al-Ittihad Kalba",13,,UAE,0.69,"Al-Dhafra, Al-Ittihad Kalba",13/13,100.0,True,
474163,Salem Suleiman,2024-08-23..2025-05-24,Al Urooba,26,,Salem Suliman,2024-08-23..2026-05-05,"Ajman, Al Urooba",38,,UAE,0.963,Al Urooba,26/26,100.0,True,
872,M. Pjanić,2022-09-09..2024-06-01,Sharjah FC,41,,Miralem Pjanić,2023-08-18..2024-06-01,Sharjah FC,23,,UAE,0.696,Sharjah FC,23/23,100.0,True,
20314,F. Okenabirhie,2024-10-31..2026-05-29,Future FC,32,,Fejiri Okenabirhie,2024-10-31..2026-05-29,Future FC,32,,EGY,0.812,Future FC,32/32,100.0,True,
187546,K. El Tayeb,2025-08-10..2026-05-28,Pharco,31,,Karim El Tayeb,2023-07-11..2026-05-28,"Enppi, Pharco",33,,EGY,0.8,Pharco,31/31,100.0,True,
2702,M. Mohamedi,2023-09-22..2025-05-11,"Al Wehda Club, Renaissance Berkane",54,منير المحمدي,Munir Mohamedi,2024-03-30..2024-05-23,Al Wehda Club,9,,"MAR, SAU",0.8,Al Wehda Club,9/9,100.0,True,
283324,Sultan Adil,2023-08-26..2026-09-05,"Al-Ittihad Kalba, Shabab Al Ahli Dubai",54,,Sultan Adill,2023-08-26..2023-12-23,Al-Ittihad Kalba,9,,UAE,0.957,Al-Ittihad Kalba,9/9,100.0,True,
242795,Feras Saleh,2023-08-19..2024-06-05,Emirates Club,22,,Feras Saleh Alkhaseebi,2023-08-19..2026-05-05,"Al-Dhafra, Dibba Al Hisn, Emirates Club",41,,UAE,0.667,Emirates Club,22/22,100.0,True,
8918,T. Tissoudali,2025-02-08..2026-05-15,Khorfakkan,37,,Tarik Tissoudali,2025-02-08..2026-05-05,Khorfakkan,26,,UAE,0.828,Khorfakkan,26/26,100.0,True,
127442,H. Erkinov,2024-02-13..2025-05-25,Al Wahda FC,33,,Khozhimat Erkinov,2024-02-13..2025-05-19,Al Wahda FC,30,,UAE,0.667,Al Wahda FC,30/30,100.0,True,
277138,B. Ramírez,2022-09-02..2025-04-23,"Al-Ittihad Kalba, Khorfakkan",42,,Brian Ramírez,2023-11-03..2025-04-23,"Al-Ittihad Kalba, Khorfakkan",21,,UAE,0.783,"Al-Ittihad Kalba, Khorfakkan",21/21,100.0,True,
335684,Hamdan Ahmed Al Mahri,2022-09-02..2024-06-01,Baniyas SC,40,,Hamdan Almahri,2023-08-26..2024-06-01,Baniyas SC,23,,UAE,0.8,Baniyas SC,23/23,100.0,True,
498399,A. Amoory,2025-08-20..2026-05-03,Ghazl El Mehalla,25,,Abdelrahim Amoory,2024-11-02..2026-05-03,Ghazl El Mehalla,38,,EGY,0.615,Ghazl El Mehalla,25/25,100.0,True,
408190,P. Joules,2023-02-20..2024-06-22,El Geish,35,,Paul Joules,2023-05-26..2024-06-22,El Geish,28,,EGY,0.8,El Geish,28/28,100.0,True,
204448,Abdulelah Al Bukhari,2023-08-13..2024-05-27,Al Wehda Club,31,عبد الإله البخاري,Abdullah Bukhari,2023-08-13..2024-05-27,Al Wehda Club,31,عبد الإله البخاري,SAU,0.889,Al Wehda Club,31/31,100.0,True,
22002,G. Konan,2023-08-14..2024-05-27,"Al-Fayha, Al-Nassr",31,جيسلان كونان,Ghislain Konan,2023-08-14..2024-05-27,"Al-Fayha, Al-Nassr",31,غيسلان كونان,SAU,0.636,"Al-Fayha, Al-Nassr",31/31,100.0,True,
104647,Khalid Al Shuwayyi,2023-08-13..2024-05-23,Al Riyadh,31,خالد الشويع,Khalid Bin Shuwayyi,2023-08-13..2024-05-23,Al Riyadh,31,خالد بن شويع,SAU,0.865,Al Riyadh,31/31,100.0,True,
36552,M. Ounajem,2023-08-31..2026-07-05,"Hassania Agadir, Kahraba Ismailia, Wydad AC",55,,Mohamed Ounajem,2025-08-10..2025-12-03,Kahraba Ismailia,7,,"EGY, MAR",0.72,Kahraba Ismailia,7/7,100.0,True,
525838,Y. Oya,2025-08-08..2026-08-21,Wadi Degla,31,,Youssef Oya,2025-08-08..2026-08-21,Wadi Degla,30,,EGY,0.588,Wadi Degla,30/30,100.0,True,
341844,M. Ghorbani,2025-02-23..2026-09-06,Al Wahda FC,39,,Mohammad Ghorbani,2025-02-23..2026-08-21,Al Wahda FC,22,,UAE,0.714,Al Wahda FC,22/22,100.0,True,
3049,A. Kyambadde,2022-10-20..2024-08-18,El Dakhleya,41,,Allan Kyambadde,2023-06-06..2024-08-18,El Dakhleya,20,,EGY,0.815,El Dakhleya,20/20,100.0,True,
32851,Hyun Soo Jang,2023-11-25..2026-04-08,Al-Gharafa,22,جانغ هيون سو,Jang Hyun-Soo,2023-11-25..2026-09-05,Al-Gharafa,39,جانغ هيون سو,QAT,0.538,Al-Gharafa,22/22,100.0,True,
43033,F. Coman,2024-08-09..2026-09-05,Al-Gharafa,39,,Florinel Coman,2024-08-09..2026-04-27,Al-Gharafa,22,,QAT,0.636,Al-Gharafa,22/22,100.0,True,
297749,L. Rodriguez,2025-09-14..2026-05-21,NEOM,30,لويس رودريغيز,Luciano Rodríguez,2025-09-14..2026-05-21,NEOM,30,لوسيانو رودريغيز,SAU,0.69,NEOM,30/30,100.0,True,
2445,M. Villanueva,2025-09-19..2026-05-21,Al-Fayha,30,ألكسندر فيلانويفا,Mikel Villanueva,2025-09-19..2026-05-21,Al-Fayha,30,ميكيل فيلانويفا,SAU,0.828,Al-Fayha,30/30,100.0,True,
1983,E. Roco,2023-08-12..2024-05-16,Al Taee,30,إينزو روكو,Enzo Roco,2023-08-12..2024-05-16,Al Taee,30,إنزو روكو,SAU,0.75,Al Taee,30/30,100.0,True,
22173,A. Saint-Maximin,2023-08-11..2024-05-11,Al-Ahli Jeddah,30,ألان سان ماكسيمان,Allan Saint-Maximin,2023-08-11..2024-05-11,Al-Ahli Jeddah,30,,SAU,0.857,Al-Ahli Jeddah,30/30,100.0,True,
448925,Isaac Saviour,2025-08-14..2026-08-28,Al Ittihad,29,,S. Isaac,2025-08-14..2026-09-02,Al Ittihad,31,,EGY,0.476,Al Ittihad,29/29,100.0,True,
152490,M. Rabja,2024-08-31..2026-05-16,"Al-Dhafra, CODM Meknès",49,,Mouhcine Rabja,2025-11-21..2026-05-05,Al-Dhafra,11,,"MAR, UAE",0.636,Al-Dhafra,11/11,100.0,True,
526454,A. Abdelsalam,2025-08-09..2026-05-28,Ismaily SC,30,,Anwar Abdelsalam,2025-08-09..2026-05-28,Ismaily SC,30,,EGY,0.828,Ismaily SC,30/30,100.0,True,
2531,Hamid Ismaeil,2022-08-02..2025-04-18,"Al-Arabi SC, Al-Gharafa",43,,Hamid Ismail,2023-09-23..2025-04-18,"Al-Arabi SC, Al-Gharafa",17,,QAT,0.96,"Al-Arabi SC, Al-Gharafa",17/17,100.0,True,
167800,A. Sulieman,2025-08-10..2026-09-07,"AL Masry, Kahraba Ismailia",34,,Ali Sulieman,2025-08-10..2026-08-27,"AL Masry, Kahraba Ismailia",25,,EGY,0.87,"AL Masry, Kahraba Ismailia",25/25,100.0,True,
495635,A. Niang,2025-03-29..2026-09-04,Al Ain,38,,Amadu Niang,2025-03-29..2026-04-23,Al Ain,21,,UAE,0.737,Al Ain,21/21,100.0,True,
50336,Fares Juma,2023-08-18..2024-06-01,Al Wahda FC,20,,Fares Jumaa,2022-09-10..2024-06-01,Al Wahda FC,39,,UAE,0.952,Al Wahda FC,20/20,100.0,True,
16860,H. Nagguez,2022-10-19..2025-04-18,"Al Shahaniya, Ismaily SC",35,,Hamdi Nagguez,2023-09-28..2025-04-18,"Al Shahaniya, Ismaily SC",24,,"EGY, QAT",0.783,"Al Shahaniya, Ismaily SC",24/24,100.0,True,
1783,S. Hanni,2022-08-01..2025-04-18,"Al Ahli Doha, Al-Khor",40,,Sofiane Hanni,2024-08-09..2025-04-18,Al-Khor,19,,QAT,0.667,Al-Khor,19/19,100.0,True,
42073,Abdullah Al Ahrak,2024-08-10..2025-04-05,Al-Duhail SC,19,,Abdullah Al-Ahrak,2023-10-21..2026-04-27,"Al-Duhail SC, Qatar SC",40,,QAT,0.941,Al-Duhail SC,19/19,100.0,True,
21589,B. Boutobba,2025-08-30..2026-05-20,Al Najma,29,بلال بوتبة,Bilal Boutobba,2025-08-30..2026-05-20,Al Najma,29,بلال بوطبة,SAU,0.8,Al Najma,29/29,100.0,True,
1638,G. Bonaventura,2024-08-24..2025-05-26,Al Shabab,29,جياكومو بونافينتورا,Giacomo Bonaventura,2024-08-24..2025-05-26,Al Shabab,29,جاكومو بونافنتورا,SAU,0.788,Al Shabab,29/29,100.0,True,
44578,Saad Al Salouli,2023-08-14..2024-05-27,Abha,29,سعد السلولي,Saad Alselouli,2023-08-14..2024-05-27,Abha,29,سعد السلولي,SAU,0.897,Abha,29/29,100.0,True,
30697,A. Cordea,2023-08-29..2024-05-27,Al Taee,29,أندريه كوردي,Andrei Cordea,2023-08-29..2024-05-27,Al Taee,29,أندريه كورديا,SAU,0.727,Al Taee,29/29,100.0,True,
393207,A. Gouda,2025-09-27..2026-09-01,"Al Ittihad, Masr, Pyramids FC",17,,Abdo Gouda,2024-07-26..2026-09-01,"Al Ittihad, Haras El Hodood, Masr, Pyramids FC",41,,EGY,0.778,"Al Ittihad, Masr, Pyramids FC",17/17,100.0,True,
53918,O. Dabbagh,2025-08-08..2026-08-31,Zamalek SC,28,,Oday Dabbagh,2025-08-08..2026-09-08,Zamalek SC,30,,EGY,0.818,Zamalek SC,28/28,100.0,True,
408205,R. Sarki,2024-05-06..2026-09-04,"Al Ain, Khorfakkan",37,,Rilwanu Sarki,2024-05-06..2026-04-23,Al Ain,21,,UAE,0.667,Al Ain,21/21,100.0,True,
345040,Salem Al Somhi,2024-11-22..2025-05-23,Al Nasr,12,,Salem Alsomhi,2023-08-18..2026-04-24,"Al Nasr, Al Wahda FC",46,,UAE,0.963,Al Nasr,12/12,100.0,True,
50396,Sebastian Tagliabue,2023-09-23..2024-05-14,Sharjah FC,19,,Sebastián Tagliabúe,2022-09-02..2024-05-14,"Al Wahda FC, Sharjah FC",39,,UAE,0.895,Sharjah FC,19/19,100.0,True,
393209,Mahmoud Ooka,2023-07-14..2024-06-29,"El Dakhleya, Pyramids FC",15,,Mahmoud Sayed okaa,2023-06-28..2026-09-09,"El Dakhleya, Haras El Hodood, Masr, Pyramids FC",43,,EGY,0.733,"El Dakhleya, Pyramids FC",15/15,100.0,True,
310819,Dhari Fahad,2023-08-18..2025-05-25,Sharjah FC,50,,Dhari Fahad Al-Maazmi,2025-01-05..2025-05-22,Sharjah FC,7,,UAE,0.688,Sharjah FC,7/7,100.0,True,
269459,Y. Osama Nabih,2025-09-22..2026-05-21,Masr,12,,Youssef Osama Nabih,2023-09-21..2026-05-21,"Al Ittihad, Masr, Pyramids FC",45,,EGY,0.788,Masr,12/12,100.0,True,
36549,Z. El Moutaraji,2023-12-12..2026-07-05,"Pharco, Wydad AC",41,,Zouhair El Moutaraji,2024-11-01..2025-05-31,Pharco,16,,"EGY, MAR",0.8,Pharco,16/16,100.0,True,
365625,L. Emmanuel,2023-10-06..2025-05-28,"El Gouna FC, Petrojet",29,,Lucky Emmanuel,2023-10-06..2025-05-28,"El Gouna FC, Petrojet",28,,EGY,0.8,"El Gouna FC, Petrojet",28/28,100.0,True,
38707,P. Fernandes,2025-09-13..2026-05-20,Al Khaleej Saihat,28,بيدرو فيرنانديز,Paolo Fernandes,2025-09-13..2026-05-20,Al Khaleej Saihat,28,باولو فرنانديز,SAU,0.815,Al Khaleej Saihat,28/28,100.0,True,
30772,K. Gunter,2025-08-30..2026-08-21,"Al Okhdood, Al-Ittihad Kalba",28,كوران غونتر,Koray Gunter,2025-08-30..2026-08-21,"Al Okhdood, Al-Ittihad Kalba",28,كوراي غونتر,"SAU, UAE",0.762,"Al Okhdood, Al-Ittihad Kalba",28/28,100.0,True,
32907,Mateus,2023-08-13..2024-12-07,Al Taawon,34,ماتيوس كاسترو,Mateus Castro,2023-09-21..2024-12-07,Al Taawon,22,,SAU,0.632,Al Taawon,22/22,100.0,True,
273411,Abdallah Ahmed Hafez,2024-11-08..2026-05-18,"Future FC, Haras El Hodood",35,,Abdallah Hafez,2024-11-08..2025-05-29,Future FC,21,,EGY,0.824,Future FC,21/21,100.0,True,
16912,Hassan Mahmoud Shahin,2023-09-25..2026-04-29,"El Gouna FC, National Bank of Egypt",45,,Hassan Shahin,2025-01-21..2025-05-25,El Gouna FC,11,,EGY,0.765,El Gouna FC,11/11,100.0,True,
29712,Bashar Rasan,2022-08-02..2024-04-28,"Al-Markhiya, Qatar SC",41,,Bashar Resan,2023-10-21..2024-04-28,"Al-Markhiya, Qatar SC",15,,QAT,0.917,"Al-Markhiya, Qatar SC",15/15,100.0,True,
399773,A. Saoudi,2023-08-17..2026-09-03,Qatar SC,36,,Ali Saoudi,2023-11-24..2026-04-13,Qatar SC,20,,QAT,0.842,Qatar SC,20/20,100.0,True,
383171,A. Bounacer,2024-08-10..2026-04-27,"Al Sadd, Al Shamal",32,,Abdessamed Bounacer,2024-08-10..2026-04-27,"Al Sadd, Al Shamal",24,,QAT,0.667,"Al Sadd, Al Shamal",24/24,100.0,True,
32954,S. Taniguchi,2023-01-05..2024-04-28,Al-Rayyan SC,37,,Shogo Taniguchi,2023-09-23..2024-04-28,Al-Rayyan SC,19,,QAT,0.815,Al-Rayyan SC,19/19,100.0,True,
128903,B. Ince,2025-10-18..2026-08-30,"Al Okhdood, Baniyas SC",29,بوراق إينجه,Burak Ince,2025-10-18..2026-05-21,Al Okhdood,26,بوراك إينجه,"SAU, UAE",0.706,Al Okhdood,26/26,100.0,True,
16849,Hossam Gahnem Evona,2024-10-31..2025-05-16,"El Gouna FC, Enppi",15,,Hossam Ghanem,2023-09-20..2026-09-01,"El Gouna FC, Enppi",40,,EGY,0.75,"El Gouna FC, Enppi",15/15,100.0,True,
16858,El Wensh Mahmoud,2025-08-08..2026-08-21,Zamalek SC,17,,Mahmoud Hamdi,2024-12-02..2026-08-31,Zamalek SC,38,,EGY,0.483,Zamalek SC,17/17,100.0,True,
304729,Mohammed Abbas,2023-10-28..2025-02-27,Al Ain,22,,Mohammed Al Baloushi,2023-08-18..2025-05-23,Al Ain,33,,UAE,0.765,Al Ain,22/22,100.0,True,
50590,Yacob Hassan Mohamed,2023-08-26..2024-05-25,Al-Ittihad Kalba,16,,Yaqoob Al Baloushi,2022-09-03..2024-05-25,"Al Nasr, Al-Ittihad Kalba",39,,UAE,0.421,Al-Ittihad Kalba,16/16,100.0,True,
81123,Tiago,2023-01-23..2024-04-28,"Al-Dhafra, Khorfakkan, Muaither SC",35,,Tiago Leonço,2023-08-19..2024-04-28,"Khorfakkan, Muaither SC",20,,"QAT, UAE",0.588,"Khorfakkan, Muaither SC",20/20,100.0,True,
408527,M. Sawaneh,2023-09-19..2026-05-29,Masr,28,,Muhammed Sawaneh,2023-09-27..2026-05-29,Masr,27,,EGY,0.692,Masr,27/27,100.0,True,
135364,S. Farouk Gaafar,2025-08-08..2025-11-02,Zamalek SC,10,,Seif Farouk Gaafar,2023-05-30..2025-11-02,"Pyramids FC, Zamalek SC",45,,EGY,0.882,Zamalek SC,10/10,100.0,True,
4511,I. Boubekeur,2022-10-18..2023-12-30,"AL Masry, El Mokawloon",41,,Imadeddine Boubekeur,2023-06-07..2023-12-30,"AL Masry, El Mokawloon",14,,EGY,0.688,"AL Masry, El Mokawloon",14/14,100.0,True,
42040,Abdulrahman Juma,2023-10-28..2024-09-26,"Al Wakrah, Al-Khor, Muaither SC",19,,Abdulrahman Rashed,2023-10-20..2025-04-18,"Al Wakrah, Al-Khor, Muaither SC",36,,QAT,0.765,"Al Wakrah, Al-Khor, Muaither SC",19/19,100.0,True,
44605,A. Al Dhuwayhi,2025-09-12..2026-08-13,Al-Hazm,24,عبد الرحمن الضويحي,Abdulaziz Al-Dwehe,2025-09-12..2026-08-30,Al-Hazm,30,عبدالعزيز الدويحي,SAU,0.438,Al-Hazm,24/24,100.0,True,
289459,R. Enrique,2025-09-14..2026-05-12,Al Kholood,27,رامون إنريكي,Ramiro Enrique,2025-09-14..2026-05-12,Al Kholood,27,راميرو إنريكي,SAU,0.75,Al Kholood,27/27,100.0,True,
191289,A. Sbaï,2024-09-14..2025-08-30,Al-Fateh,27,أنس السبيعي,Mohamed Amine Sbai,2024-09-14..2025-08-30,Al-Fateh,27,محمد أمين سباعي,SAU,0.4,Al-Fateh,27/27,100.0,True,
284757,N. Hesham,2025-08-09..2026-09-02,El Mokawloon,25,,Nader Hesham,2024-10-31..2026-09-09,"El Mokawloon, Future FC",29,,EGY,0.762,El Mokawloon,25/25,100.0,True,
295065,H. Souissi,2025-08-09..2026-05-22,El Geish,27,,Houssem Eddine Souissi,2025-08-09..2026-05-22,El Geish,27,,EGY,0.562,El Geish,27/27,100.0,True,
525874,G. Al Madadha,2025-08-09..2026-05-22,El Geish,27,,Ghaith Al Madadha,2025-08-09..2026-05-22,El Geish,27,,EGY,0.8,El Geish,27/27,100.0,True,
49404,M. Ben Romdhane,2025-08-09..2026-09-04,"Al Ahly, Al Shamal",29,,Mohamed Ali Ben Romdhane,2025-08-09..2026-08-21,"Al Ahly, Al Shamal",25,,"EGY, QAT",0.718,"Al Ahly, Al Shamal",25/25,100.0,True,
384477,M. Zidan,2025-08-09..2025-10-03,Ismaily SC,7,,Mohamed Zidan,2024-02-15..2025-10-03,Ismaily SC,47,,EGY,0.667,Ismaily SC,7/7,100.0,True,
229,T. Sainsbury,2022-08-03..2024-04-28,Al Wakrah,39,,Trent Sainsbury,2023-09-29..2024-04-28,Al Wakrah,15,,QAT,0.815,Al Wakrah,15/15,100.0,True,
304759,A. Rchoq,2023-08-26..2026-09-05,"Hatta SC, Khorfakkan",29,,Ayman Rchoq,2023-08-26..2025-01-30,"Hatta SC, Khorfakkan",24,,UAE,0.737,"Hatta SC, Khorfakkan",24/24,100.0,True,
50331,Salam Khairi,2023-08-19..2026-09-05,"Dubai United, Hatta SC",28,,Salem Khairi,2023-08-19..2024-06-02,Hatta SC,25,,UAE,0.917,Hatta SC,25/25,100.0,True,
37185,O. Boussaid,2024-08-23..2025-08-16,Al Nasr,27,,Othman Boussaid,2024-08-23..2025-05-23,Al Nasr,26,,UAE,0.769,Al Nasr,26/26,100.0,True,
38825,M. Kaandorp,2025-08-08..2026-05-21,Wadi Degla,27,,Mees Kaandorp,2025-08-08..2026-05-21,Wadi Degla,26,,EGY,0.833,Wadi Degla,26/26,100.0,True,
146639,S. Akinyoola,2022-10-19..2024-08-17,Zamalek SC,37,,Samson Akinyoola,2023-05-30..2024-08-17,Zamalek SC,16,,EGY,0.786,Zamalek SC,16/16,100.0,True,
199349,Abdullah Al Yazidi,2023-08-18..2026-09-05,Al Sadd,40,,Abdullah Al-Yazidi,2023-09-28..2024-03-31,Al Sadd,13,,QAT,0.944,Al Sadd,13/13,100.0,True,
57536,Jassim Al Jalabi,2023-08-17..2025-04-18,Qatar SC,44,,Jassim Al-Jalabi,2025-01-23..2025-04-18,Qatar SC,9,,QAT,0.938,Qatar SC,9/9,100.0,True,
42225,Ali Mohammad,2022-08-01..2025-04-18,"Al Shahaniya, UMM Salal",35,,Ali Mohammad Bazmandegan,2024-08-11..2025-04-18,Al Shahaniya,18,,QAT,0.667,Al Shahaniya,18/18,100.0,True,
408497,Vitao,2025-10-17..2026-05-20,Al Najma,21,فيتاو,Vitor Vargas,2024-12-07..2026-09-06,"Ajman, Al Najma, Al-Jazira",31,فيتور فارغاس,"SAU, UAE",0.471,Al Najma,21/21,100.0,True,
326658,Adeeb Al Haizan,2023-08-12..2024-05-27,Al Taee,26,أديب الحيزان,Adib Al Haizan,2023-08-12..2024-05-27,Al Taee,26,أديب الحيزان,SAU,0.897,Al Taee,26/26,100.0,True,
2640,Ahmad Zain,2023-08-12..2024-05-10,Damac,26,أحمد زين,Ahmed Al Zain,2023-08-12..2024-05-10,Damac,26,أحمد الزين,SAU,0.783,Damac,26/26,100.0,True,
498005,Mohamed Dodo,2026-08-22..2026-08-31,Petrojet,3,,Mohamed Ibrahim Dodo,2024-11-01..2026-09-07,Petrojet,49,,EGY,0.75,Petrojet,3/3,100.0,True,
334010,S. Jolacić,2024-08-23..2025-05-24,Al Urooba,26,,Sinisa Jolacic,2024-08-23..2025-05-24,Al Urooba,26,,UAE,0.667,Al Urooba,26/26,100.0,True,
526186,E. El Fayoumi,2025-08-10..2026-05-29,Kahraba Ismailia,28,,Essam El Fayoumi,2025-08-10..2026-05-29,Kahraba Ismailia,24,,EGY,0.828,Kahraba Ismailia,24/24,100.0,True,
437203,Y. Oubaba,2023-10-08..2026-05-01,"Enppi, Youssoufia Berrechid",38,,Youssef Oubaba,2025-08-10..2026-05-01,Enppi,14,,"EGY, MAR",0.696,Enppi,14/14,100.0,True,
196718,L. Dahdouh,2023-08-27..2024-11-24,"Riadi Salmi, Smouha SC",32,,Lahcen Dahdouh,2023-09-20..2024-06-13,Smouha SC,20,,"EGY, MAR",0.75,Smouha SC,20/20,100.0,True,
295643,Abdel Rahman Atef,2022-10-20..2023-12-15,"El Dakhleya, Ghazl El Mehalla",39,,Abdelrahman Atef,2023-06-01..2023-12-15,"El Dakhleya, Ghazl El Mehalla",13,,EGY,0.97,"El Dakhleya, Ghazl El Mehalla",13/13,100.0,True,
104246,Mohammad Jeddo,2022-08-03..2024-04-28,Al Shamal,37,,Mohammed Jeedo,2023-10-20..2024-04-28,Al Shamal,15,,QAT,0.857,Al Shamal,15/15,100.0,True,
425669,Nour Alaa,2024-04-18..2026-09-07,"Al Ittihad, Ceramica Cleopatra",35,,Nour Alaa El Din,2024-04-18..2025-02-17,Ceramica Cleopatra,16,,EGY,0.72,Ceramica Cleopatra,16/16,100.0,True,
3403,P. Kunde,2024-09-20..2025-09-24,"Dibba Al Hisn, Khorfakkan",29,,Pierre Kunde,2024-09-20..2025-05-24,Dibba Al Hisn,22,,UAE,0.7,Dibba Al Hisn,22/22,100.0,True,
8678,A. Lusamba,2024-08-24..2025-05-24,Baniyas SC,26,,Arnaud Lusamba,2024-08-24..2025-05-24,Baniyas SC,25,,UAE,0.75,Baniyas SC,25/25,100.0,True,
19028,L. Marković,2024-08-24..2025-05-24,Baniyas SC,26,,Lazar Marković,2024-08-24..2025-05-24,Baniyas SC,25,,UAE,0.8,Baniyas SC,25/25,100.0,True,
50595,Mansoor Al Baloushi,2022-09-02..2024-04-26,"Al-Ittihad Kalba, Dibba Al-Fujairah, Hatta SC",35,,Mansour Mohamed,2023-08-19..2024-04-26,Hatta SC,16,,UAE,0.529,Hatta SC,16/16,100.0,True,
42226,Mohamed Salah,2022-08-02..2024-04-28,"Al-Arabi SC, Muaither SC",38,,Mohammed Salah Al-Neel,2023-10-20..2024-04-28,Muaither SC,13,,QAT,0.743,Muaither SC,13/13,100.0,True,
366612,Ahmed Daffallah Hagana,2023-03-02..2025-04-18,Al Shamal,27,,Ahmed Hagana,2023-12-01..2025-04-18,Al Shamal,24,,QAT,0.706,Al Shamal,24/24,100.0,True,
330170,E. Mokwana,2025-08-28..2026-05-21,Al-Hazm,25,إيليس موكوانا,Elias Mokwana,2025-08-28..2026-05-21,Al-Hazm,25,إلياس موكوانا,SAU,0.783,Al-Hazm,25/25,100.0,True,
527240,O. El Gazar,2025-08-14..2026-09-02,"Ceramica Cleopatra, El Gouna FC",23,,Omar El Gazar,2025-08-14..2026-09-09,"Ceramica Cleopatra, El Gouna FC",27,,EGY,0.833,"Ceramica Cleopatra, El Gouna FC",23/23,100.0,True,
5203,G. Álvarez Suárez,2024-08-24..2025-03-28,Shabab Al Ahli Dubai,7,,Gaston Alvarez Suarez,2023-08-18..2026-08-21,"Al Wahda FC, Baniyas SC, Shabab Al Ahli Dubai",43,,UAE,0.737,Shabab Al Ahli Dubai,7/7,100.0,True,
320211,Ali Abdulaziz,2023-08-26..2025-05-19,Al Nasr,23,,Mohammad Abdulaziz Abbas,2023-08-19..2026-01-02,Al Nasr,27,,UAE,0.595,Al Nasr,23/23,100.0,True,
474165,D. Salaudeen,2024-08-23..2025-05-24,Al Urooba,25,,Damilare Adigun,2024-08-23..2025-05-24,Al Urooba,25,,UAE,0.444,Al Urooba,25/25,100.0,True,
41152,Mattheus,2024-08-24..2025-05-19,"Al Nasr, Khorfakkan",25,,Mattheus Oliveira,2024-08-24..2025-05-19,"Al Nasr, Khorfakkan",25,,UAE,0.64,"Al Nasr, Khorfakkan",25/25,100.0,True,
48698,T. Seferi,2023-08-18..2024-05-29,Baniyas SC,25,,Taulant Seferi,2023-08-18..2024-05-29,Baniyas SC,25,,UAE,0.696,Baniyas SC,25/25,100.0,True,
49617,I. Jelassi,2022-10-18..2024-01-01,AL Masry,38,,Ilyes Jelassi,2023-06-07..2024-01-01,AL Masry,12,,EGY,0.783,AL Masry,12/12,100.0,True,
2792,A. Gunnarsson,2022-08-02..2026-08-20,"Al-Arabi SC, Al-Gharafa, Qatar SC",41,,Aron Gunnarsson,2025-11-07..2026-04-08,Al-Gharafa,9,,QAT,0.857,Al-Gharafa,9/9,100.0,True,
290465,Jassim Al Mehairi,2023-12-09..2025-04-18,"Al Shamal, Al-Duhail SC",30,جاسم محمد,Jassim Mohammed,2023-12-09..2024-12-08,"Al Shamal, Al-Duhail SC",20,جاسم محمد,QAT,0.625,"Al Shamal, Al-Duhail SC",20/20,100.0,True,
301380,B. Moussa,2025-08-09..2026-08-31,Petrojet,27,,Badr Mousa,2025-08-09..2026-08-31,Petrojet,22,,EGY,0.737,Petrojet,22/22,100.0,True,
5352,J. Bauza,2024-08-24..2025-05-24,Baniyas SC,25,,Juan Bauza,2024-08-24..2025-05-24,Baniyas SC,24,,UAE,0.778,Baniyas SC,24/24,100.0,True,
273411,A. Hafez,2026-02-05..2026-05-18,Haras El Hodood,14,,Abdallah Ahmed Hafez,2024-11-08..2026-05-18,"Future FC, Haras El Hodood",35,,EGY,0.5,Haras El Hodood,14/14,100.0,True,
434421,H. Abdul Fatawu,2024-11-02..2025-05-29,Ghazl El Mehalla,25,,Hamidu Fatawu,2024-11-02..2025-05-29,Ghazl El Mehalla,24,,EGY,0.786,Ghazl El Mehalla,24/24,100.0,True,
42341,Elyas Barimil,2023-10-21..2024-12-07,"Qatar SC, UMM Salal",21,,Ilyas Brimil,2023-08-27..2025-02-28,"Qatar SC, UMM Salal",28,,QAT,0.88,"Qatar SC, UMM Salal",21/21,100.0,True,
491453,Jalal Adel Al-Salem,2025-04-05..2026-05-21,Al-Ettifaq,24,,Jalal Al Salem,2025-04-05..2026-05-21,Al-Ettifaq,24,جلال السالم,SAU,0.848,Al-Ettifaq,24/24,100.0,True,
346895,M. Dams,2025-01-30..2026-05-20,Al-Ahli Jeddah,24,ميكيل دامسغارد,Matteo Dams,2025-01-30..2026-05-20,Al-Ahli Jeddah,24,,SAU,0.667,Al-Ahli Jeddah,24/24,100.0,True,
109691,D. Tijanic,2025-08-30..2026-05-20,Al Najma,24,دانيال تيجانيتش,David Tijanič,2025-08-30..2026-05-20,Al Najma,24,,SAU,0.696,Al Najma,24/24,100.0,True,
44627,Abdulrahman Al Rio,2023-08-14..2024-05-27,Al Okhdood,24,عبدالرحمن الريو,Abdulrahman Khalid Al Rio,2023-08-14..2024-05-27,Al Okhdood,24,,SAU,0.837,Al Okhdood,24/24,100.0,True,
50406,Salem Ali Ibrahim,2023-08-25..2024-06-01,Emirates Club,15,,Salim Ali Ibrahim,2022-09-02..2024-06-01,"Emirates Club, Khorfakkan",33,,UAE,0.941,Emirates Club,15/15,100.0,True,
50513,Abdulla Jassim Ali,2023-08-18..2024-06-01,Baniyas SC,24,,Abdullah Jassim,2023-08-18..2024-06-01,Baniyas SC,24,,UAE,0.848,Baniyas SC,24/24,100.0,True,
526187,A. Maradona,2025-08-10..2026-05-29,Kahraba Ismailia,26,,Abdallah Maradona,2025-08-10..2026-05-29,Kahraba Ismailia,22,,EGY,0.714,Kahraba Ismailia,22/22,100.0,True,
404149,Juan Alvina,2025-08-16..2026-05-20,Zamalek SC,32,,Juan Bezerra,2025-10-30..2026-05-20,Zamalek SC,16,,EGY,0.522,Zamalek SC,16/16,100.0,True,
355402,Ahmed Sayed,2022-12-19..2024-07-08,"Al Ittihad, El Dakhleya",26,,Ahmed Sayed Gharib,2023-09-26..2024-07-08,El Dakhleya,22,,EGY,0.759,El Dakhleya,22/22,100.0,True,
401468,A. Laallam,2023-02-05..2024-04-28,Al-Markhiya,33,,Abdelghani Laallam,2023-10-20..2024-04-28,Al-Markhiya,15,,QAT,0.643,Al-Markhiya,15/15,100.0,True,
41317,Y. Njie,2023-08-17..2026-04-08,"Al Wakrah, Al-Markhiya",28,,Yusupha Njie,2023-10-20..2026-04-08,"Al Wakrah, Al-Markhiya",20,,QAT,0.632,"Al Wakrah, Al-Markhiya",20/20,100.0,True,
294835,M. Temine,2025-08-08..2026-08-22,AL Masry,24,,Mounder Temine,2025-08-08..2026-08-22,AL Masry,23,,EGY,0.696,AL Masry,23/23,100.0,True,
306699,Joao Vitor,2024-08-29..2025-05-24,Dibba Al Hisn,22,,João Vitor,2024-08-24..2025-05-24,Dibba Al Hisn,25,,UAE,0.9,Dibba Al Hisn,22/22,100.0,True,
402425,A. Cissé,2024-08-24..2025-05-24,Baniyas SC,20,,Aboubacar Cisse,2023-09-29..2025-05-24,Baniyas SC,27,,UAE,0.522,Baniyas SC,20/20,100.0,True,
355253,M. Sanabria,2024-08-24..2025-05-23,Al Ain,24,,Mateo Sanabria,2024-08-24..2025-05-23,Al Ain,23,,UAE,0.8,Al Ain,23/23,100.0,True,
269952,M. El Negely,2025-08-15..2026-05-29,Haras El Hodood,31,,Mohamed Adham El Negely,2026-02-20..2026-05-29,Haras El Hodood,16,,EGY,0.629,Haras El Hodood,16/16,100.0,True,
16845,E. Traore,2025-08-09..2026-05-23,Ismaily SC,27,,Eric Traoré,2025-08-09..2026-05-23,Ismaily SC,20,,EGY,0.7,Ismaily SC,20/20,100.0,True,
8533,J. De Sart,2024-08-09..2026-09-05,Al-Rayyan SC,28,,Julien De Sart,2024-08-09..2026-04-27,Al-Rayyan SC,19,,QAT,0.75,Al-Rayyan SC,19/19,100.0,True,
42292,Abdulghani Muneer Mazeed,2022-08-15..2024-04-28,"Al Wakrah, Muaither SC",31,,Muneer Abdulghani Mazeed,2023-10-20..2024-04-28,Muaither SC,16,,QAT,0.708,Muaither SC,16/16,100.0,True,
57245,D. Lowe,2024-08-28..2025-05-17,Al Okhdood,23,داميون لو,Damion Lowe,2024-08-28..2025-05-17,Al Okhdood,23,داميون لوي,SAU,0.667,Al Okhdood,23/23,100.0,True,
525833,I. El Bahnasi,2025-08-08..2026-08-21,Wadi Degla,23,,Ibrahim El Bahnasi,2025-08-08..2026-08-21,Wadi Degla,23,,EGY,0.774,Wadi Degla,23/23,100.0,True,
579578,A. Al Sayed,2025-08-16..2026-09-06,Al-Dhafra,33,,Amjad Al-Sayed,2025-11-21..2026-05-05,Al-Dhafra,13,,UAE,0.72,Al-Dhafra,13/13,100.0,True,
14343,D. Nejašmić,2024-09-21..2025-05-25,Sharjah FC,24,,Darko Nejašmić,2024-09-21..2025-05-22,Sharjah FC,22,,UAE,0.8,Sharjah FC,22/22,100.0,True,
331540,F. Salomoni,2024-09-26..2025-05-23,Al Ain,24,,Felipe Salomoni,2024-09-26..2025-05-23,Al Ain,22,,UAE,0.769,Al Ain,22/22,100.0,True,
19326,L. Fer,2024-08-23..2025-05-19,Al Nasr,23,,Leroy Fer,2024-08-23..2025-05-19,Al Nasr,23,,UAE,0.667,Al Nasr,23/23,100.0,True,
269952,M. El Negely,2025-08-15..2026-05-29,Haras El Hodood,31,,Mohamed Adham,2025-08-15..2026-02-05,Haras El Hodood,15,,EGY,0.24,Haras El Hodood,15/15,100.0,True,
528467,A. Diabate,2025-09-12..2026-05-28,Petrojet,23,,Abdoulaye Diabate,2025-09-12..2026-05-28,Petrojet,23,,EGY,0.667,Petrojet,23/23,100.0,True,
329206,M. Ehab,2025-08-09..2026-05-23,Ismaily SC,20,,Mohamed Ihab,2024-08-16..2026-05-23,Ismaily SC,26,,EGY,0.526,Ismaily SC,20/20,100.0,True,
341677,Abdel Rahman Semida,2024-02-20..2025-01-01,"El Dakhleya, Ghazl El Mehalla",23,,Abdo Semida,2024-02-20..2025-01-01,"El Dakhleya, Ghazl El Mehalla",23,,EGY,0.667,"El Dakhleya, Ghazl El Mehalla",23/23,100.0,True,
49434,N. Zammouri,2023-10-05..2024-08-17,Baladiyyat Al Mehalla,23,,Nour Zamen Zammouri,2023-10-05..2024-08-17,Baladiyyat Al Mehalla,23,,EGY,0.667,Baladiyyat Al Mehalla,23/23,100.0,True,
440662,El Sayed Awad,2023-10-05..2024-08-17,Baladiyyat Al Mehalla,23,,El Sayed Zayed,2023-10-05..2024-08-17,Baladiyyat Al Mehalla,23,,EGY,0.815,Baladiyyat Al Mehalla,23/23,100.0,True,
16807,Mahmoud Waheed,2022-10-20..2024-03-10,"El Geish, Smouha SC",28,,Mahmoud Wahid,2023-05-30..2024-03-10,"El Geish, Smouha SC",18,,EGY,0.889,"El Geish, Smouha SC",18/18,100.0,True,
42204,Magid Mohamed,2022-08-03..2024-04-28,Al Shamal,35,,Magid Mohammed,2023-10-20..2024-04-28,Al Shamal,11,,QAT,0.963,Al Shamal,11/11,100.0,True,
412711,S. Bouabre,2025-08-28..2026-05-21,"Al-Hilal Saudi FC, NEOM",23,سايمن بوابري,Saimon Bouabre,2025-09-14..2026-05-21,"Al-Hilal Saudi FC, NEOM",22,سايمون بوابري,SAU,0.75,"Al-Hilal Saudi FC, NEOM",22/22,100.0,True,
370169,S. Bouchama,2026-01-30..2026-09-07,National Bank of Egypt,24,,Salah Abd Etouab Bouchama,2026-01-30..2026-08-31,National Bank of Egypt,21,,EGY,0.556,National Bank of Egypt,21/21,100.0,True,
323371,M. Ratnik,2025-08-16..2026-09-04,Al Ain,30,,Marcel Ratnik,2025-11-22..2026-04-23,Al Ain,15,,UAE,0.727,Al Ain,15/15,100.0,True,
289332,Abdullla Alhammadi,2022-10-23..2025-05-25,Al-Jazira,29,,Abulla Alhammadi,2024-09-21..2025-03-28,Al-Jazira,16,,UAE,0.941,Al-Jazira,16/16,100.0,True,
275213,Mohamed Waleed,2023-08-19..2024-06-02,Hatta SC,22,,Mohammed Al Junaibi,2023-08-19..2024-06-02,Hatta SC,23,,UAE,0.606,Hatta SC,22/22,100.0,True,
53722,A. Vombergar,2023-08-18..2024-05-25,Al-Ittihad Kalba,23,,Andrés Vombergar,2023-08-18..2024-05-25,Al-Ittihad Kalba,22,,UAE,0.786,Al-Ittihad Kalba,22/22,100.0,True,
50438,Khalid Al Rezzi,2023-08-26..2024-05-06,Al-Ittihad Kalba,11,,Khalid Alzari,2022-09-02..2024-05-06,Al-Ittihad Kalba,34,,UAE,0.786,Al-Ittihad Kalba,11/11,100.0,True,
334055,Ahmed Al Rawi,2023-08-17..2026-09-05,Al-Rayyan SC,32,,Ahmed Husham Ali Al-Rawi,2023-09-29..2024-03-17,Al-Rayyan SC,13,,QAT,0.703,Al-Rayyan SC,13/13,100.0,True,
3242,Y. Meite,2025-08-28..2026-05-21,Damac,22,ياكبو ميتي,Yakou Meite,2025-08-28..2026-05-21,Damac,22,ياكو ميتي,SAU,0.737,Damac,22/22,100.0,True,
368824,K. Al Asbahi,2025-08-29..2026-01-04,Al Riyadh,10,خالد الأصبحي,Khaled Ali Al Asbahi,2023-10-06..2026-01-04,"Al Riyadh, Al-Ittihad Kalba, Hatta SC",34,,"SAU, UAE",0.688,Al Riyadh,10/10,100.0,True,
44298,Hamad Al Mansour,2023-08-14..2024-05-23,Al Okhdood,22,حمد المنصور,Hamed Al-Mansour,2023-08-14..2024-05-23,Al Okhdood,22,حامد المنصور,SAU,0.875,Al Okhdood,22/22,100.0,True,
306952,A. Kaied,2025-08-08..2026-08-31,Zamalek SC,22,,Adam Kaied,2025-08-08..2026-08-31,Zamalek SC,22,,EGY,0.778,Zamalek SC,22/22,100.0,True,
8560,G. Zajkov,2025-08-17..2026-09-06,Ajman,32,,Gjoko Zajkov,2025-11-22..2026-05-05,Ajman,12,,UAE,0.762,Ajman,12/12,100.0,True,
303513,M. Souboul,2023-08-27..2025-05-25,"Ajman, Raja Casablanca",28,,Mohamed Souboul,2024-08-30..2025-04-22,Ajman,16,,"MAR, UAE",0.72,Ajman,16/16,100.0,True,
291358,D. Nyengue,2023-08-19..2024-11-01,"Al Urooba, Khorfakkan",22,,David Roi Nyengue,2023-08-19..2024-11-01,"Al Urooba, Khorfakkan",22,,UAE,0.667,"Al Urooba, Khorfakkan",22/22,100.0,True,
36543,A. El Hassouni,2023-08-16..2024-09-27,"Ajman, Muaither SC",25,,Aymane El Hassouni,2023-10-20..2024-09-27,"Ajman, Muaither SC",19,,"QAT, UAE",0.812,"Ajman, Muaither SC",19/19,100.0,True,
50515,Ahmad Essa Juma,2023-09-23..2024-08-29,"Al Urooba, Emirates Club",23,,Ahmed Eisa,2023-09-23..2024-06-01,Emirates Club,21,,UAE,0.64,Emirates Club,21/21,100.0,True,
50363,Mohamed Jamal,2023-10-08..2024-05-13,Al Nasr,10,,Mohammed Jamal,2022-09-03..2024-05-13,"Al Nasr, Al-Jazira",34,,UAE,0.963,Al Nasr,10/10,100.0,True,
4411,G. Guenaoui,2023-10-20..2024-06-27,AL Masry,22,,Ghiles Guenaoui,2023-10-20..2024-06-27,AL Masry,22,,EGY,0.769,AL Masry,22/22,100.0,True,
16852,Amr Marei,2022-10-18..2024-05-03,"AL Masry, El Mokawloon, Enppi",28,,Amr Marey,2023-09-25..2024-05-03,El Mokawloon,16,,EGY,0.889,El Mokawloon,16/16,100.0,True,
96753,Jasim Ali Al Hashemi,2023-10-20..2024-11-22,Al Shamal,12,,Jassim Ali Al Hashemi,2022-08-03..2024-11-22,Al Shamal,32,,QAT,0.976,Al Shamal,12/12,100.0,True,
16849,H. Ghanem,2026-05-05..2026-09-01,Enppi,3,,Hossam Ghanem,2023-09-20..2026-09-01,"El Gouna FC, Enppi",40,,EGY,0.727,Enppi,3/3,100.0,True,
306563,A. Karimi,2023-08-19..2026-09-05,"Dubai United, Hatta SC",24,,Aniss Karimi,2023-08-19..2024-06-02,Hatta SC,19,,UAE,0.762,Hatta SC,19/19,100.0,True,
307244,E. H. Rahimi,2025-08-16..2026-08-22,Al Ain,28,,Houssine Rahimi,2025-11-22..2026-04-23,Al Ain,15,,UAE,0.593,Al Ain,15/15,100.0,True,
430324,F. Ogbu,2024-08-23..2025-05-25,Al Wahda FC,23,,Favour Inyeka Ogbu,2024-08-23..2025-05-19,Al Wahda FC,20,,UAE,0.48,Al Wahda FC,20/20,100.0,True,
495665,K. Koffi,2024-11-22..2026-05-15,Al-Ittihad Kalba,25,,Kouadjo Koffi,2024-12-07..2025-05-24,Al-Ittihad Kalba,18,,UAE,0.667,Al-Ittihad Kalba,18/18,100.0,True,
297816,C. Amzăr,2024-10-05..2025-05-23,Al Nasr,21,,Costin Amzăr,2024-10-05..2025-11-21,Al Nasr,22,,UAE,0.7,Al Nasr,21/21,100.0,True,
2899,Kwon Kyung-Won,2024-08-24..2025-05-25,Khorfakkan,22,,Kyung-won Kwon,2024-08-24..2025-05-22,Khorfakkan,21,,UAE,0.643,Khorfakkan,21/21,100.0,True,
49419,H. Jouini,2024-08-24..2025-05-20,Dibba Al Hisn,23,هشام الجويني,Haythem Jouini,2024-08-29..2025-05-20,Dibba Al Hisn,20,,UAE,0.696,Dibba Al Hisn,20/20,100.0,True,
104849,O. Atzili,2023-08-18..2024-06-05,Al Ain,22,,Omer Atzili,2023-08-18..2024-06-05,Al Ain,21,,UAE,0.8,Al Ain,21/21,100.0,True,
40546,V. De Marco,2023-08-19..2024-05-24,Hatta SC,22,,Vernon De Marco,2023-08-19..2024-05-24,Hatta SC,21,,UAE,0.769,Hatta SC,21/21,100.0,True,
151745,M. Hammouda,2024-11-02..2025-05-29,Ghazl El Mehalla,22,,Mohamed Ali Ben Hammouda,2024-11-02..2025-05-29,Ghazl El Mehalla,21,,EGY,0.571,Ghazl El Mehalla,21/21,100.0,True,
57612,Hamad Balgheit,2022-08-01..2024-04-24,Al-Markhiya,34,,Hamad Said Balgheit,2023-10-20..2024-04-24,Al-Markhiya,9,,QAT,0.848,Al-Markhiya,9/9,100.0,True,
283176,E. Essien,2024-08-09..2025-04-18,UMM Salal,22,,Edidiong Essien,2024-08-09..2025-04-18,UMM Salal,21,,QAT,0.667,UMM Salal,21/21,100.0,True,
483109,M. Nkota,2025-08-28..2026-05-04,Al-Ettifaq,21,ماشينو نكوتا,Mohau Nkota,2025-08-28..2026-05-04,Al-Ettifaq,21,موهاو نكوتا,SAU,0.737,Al-Ettifaq,21/21,100.0,True,
310441,Rayan Al Bloushi,2024-08-22..2025-08-29,Al Riyadh,21,ريان البلوشي,Rayan Albloushi,2024-08-22..2025-08-29,Al Riyadh,21,ريان البلوشي,SAU,0.968,Al Riyadh,21/21,100.0,True,
311440,L. Chávez,2024-10-05..2025-05-26,Al Taawon,21,لويس تشافيز,Lucas Chávez,2024-10-05..2025-05-26,Al Taawon,21,,SAU,0.762,Al Taawon,21/21,100.0,True,
283288,B. Young,2024-09-15..2025-09-26,"Al Orubah, Baniyas SC",23,برادلي يونغ,Brad Young,2024-09-15..2025-04-19,Al Orubah,19,براد يونغ,"SAU, UAE",0.778,Al Orubah,19/19,100.0,True,
134375,Fahad Al Harbi,2023-08-13..2024-05-27,Al-Fateh,21,فهد ال الحربي,Fahd Mohammed Al-Harbi,2023-08-13..2024-05-27,Al-Fateh,21,فهد محمد الحربي,SAU,0.722,Al-Fateh,21/21,100.0,True,
578895,R. Djooh,2025-08-16..2026-09-06,Al-Dhafra,31,,Rostand Djooh,2025-11-21..2026-05-05,Al-Dhafra,11,,UAE,0.667,Al-Dhafra,11/11,100.0,True,
443561,T. Traore,2024-09-27..2025-05-24,Al Urooba,21,,Tiecoura Traore,2024-09-27..2025-05-24,Al Urooba,21,,UAE,0.667,Al Urooba,21/21,100.0,True,
320214,Nasser Ahmed,2024-09-21..2025-05-23,Al Nasr,21,,Nasser Al Naaimi,2024-09-21..2025-05-23,Al Nasr,21,,UAE,0.643,Al Nasr,21/21,100.0,True,
50596,Abdallah Saeed Salem,2024-08-29..2025-05-03,Dibba Al Hisn,20,,Abdullah Al Matroushi,2024-08-24..2025-05-03,Dibba Al Hisn,22,,UAE,0.537,Dibba Al Hisn,20/20,100.0,True,
393,M. Marega,2023-09-23..2024-05-14,Sharjah FC,21,موسى ماريغا,Moussa Marega,2023-09-23..2024-05-14,Sharjah FC,21,,UAE,0.727,Sharjah FC,21/21,100.0,True,
395080,M. Talaat,2025-08-08..2026-05-28,Wadi Degla,3,,Mahmoud Talaat,2022-10-20..2026-05-28,"El Dakhleya, Wadi Degla",39,,EGY,0.696,Wadi Degla,3/3,100.0,True,
142,Rafinha,2022-09-06..2024-04-28,Al-Arabi SC,29,,Rafinha Alcântara,2023-09-23..2024-04-28,Al-Arabi SC,13,,QAT,0.583,Al-Arabi SC,13/13,100.0,True,
42310,Mohammad Abu Shanab,2024-08-11..2025-04-18,Al Shahaniya,20,,Mohammad Ismail Abu Shanab,2024-08-11..2025-04-18,Al Shahaniya,22,,QAT,0.844,Al Shahaniya,20/20,100.0,True,
182327,Mubarak Al Nasser,2023-03-02..2024-04-28,"Al-Rayyan SC, Muaither SC",26,,Mubarak Eid Al-Nasser,2023-10-20..2024-04-28,Muaither SC,16,,QAT,0.842,Muaither SC,16/16,100.0,True,
313739,O. Al Tairi,2026-01-17..2026-03-18,Al-Sailiya,5,,Osamah Al Tairi,2023-01-05..2026-03-18,"Al-Rayyan SC, Al-Sailiya",36,,QAT,0.769,Al-Sailiya,5/5,100.0,True,
15795,A. Scholz,2024-08-11..2025-04-18,Al Wakrah,21,,Alexander Scholz,2024-08-11..2025-04-18,Al Wakrah,20,,QAT,0.64,Al Wakrah,20/20,100.0,True,
123047,S. Gonzalez,2025-08-29..2026-05-21,Al Riyadh,20,سيرجيو غونزاليس,Sergio González,2025-08-29..2026-05-21,Al Riyadh,20,سيرجيو غونزاليز,SAU,0.692,Al Riyadh,20/20,100.0,True,
576286,K. Al Shammari,2025-08-30..2026-05-20,Al Najma,25,خالد الشمري,Khalid Al-Shammari,2025-12-29..2026-05-20,Al Najma,15,,SAU,0.75,Al Najma,15/15,100.0,True,
44691,Nawaf Al-Azizi,2023-08-18..2024-08-28,Al Wehda Club,20,نواف العزيزي,Nawaf bin Saleh Al Azizi,2023-08-18..2024-08-28,Al Wehda Club,20,نواف العزيزي,SAU,0.684,Al Wehda Club,20/20,100.0,True,
49891,A. Nwakaeme,2023-08-12..2024-05-27,Al-Fayha,20,أنتوني نواكايمي,Anthony Nwakaeme,2023-08-12..2024-05-27,Al-Fayha,20,,SAU,0.741,Al-Fayha,20/20,100.0,True,
643425,Y. Mostafa,2026-02-23..2026-09-01,El Geish,19,,Yehia Mostafa,2026-02-23..2026-09-07,El Geish,21,,EGY,0.783,El Geish,19/19,100.0,True,
498461,Mohamed Juhayna,2024-12-01..2026-09-09,"Kahraba Ismailia, Smouha SC, Wadi Degla",35,,Mohamed Saied Zeeka,2025-01-28..2025-05-02,Smouha SC,5,,EGY,0.588,Smouha SC,5/5,100.0,True,
271349,A. Jasic,2025-08-16..2026-08-29,Al Ain,27,,Adis Jašić,2025-12-20..2026-04-23,Al Ain,13,,UAE,0.556,Al Ain,13/13,100.0,True,
433173,A. Samdaliri,2025-08-16..2026-08-28,Al-Ittihad Kalba,26,,Amirhossein Samdaliri,2025-11-22..2026-05-05,Al-Ittihad Kalba,14,,UAE,0.667,Al-Ittihad Kalba,14/14,100.0,True,
306726,B. Palacios Alzate,2025-08-17..2026-08-28,Al-Wasl FC,25,,Brahian Palacios,2025-10-31..2026-08-21,Al-Wasl FC,15,,UAE,0.588,Al-Wasl FC,15/15,100.0,True,
37050,T. Conraad,2024-10-06..2025-05-25,Sharjah FC,21,,Tyrone Conraad,2024-10-06..2025-05-22,Sharjah FC,19,,UAE,0.75,Sharjah FC,19/19,100.0,True,
431204,Luan De Oliveira Martins,2023-08-19..2024-06-05,Emirates Club,20,,Luan Martins,2023-08-19..2024-06-05,Emirates Club,20,,UAE,0.667,Emirates Club,20/20,100.0,True,
50679,Ebrahim Khamis,2023-08-19..2024-06-05,Emirates Club,20,,Ibrahim Khamis,2023-08-19..2024-06-05,Emirates Club,20,,UAE,0.929,Emirates Club,20/20,100.0,True,
53500,Z. Bakaev,2023-09-24..2024-06-01,Al Wahda FC,20,,Zelimkhan Bakaev,2023-09-24..2024-06-01,Al Wahda FC,20,,UAE,0.64,Al Wahda FC,20/20,100.0,True,
46051,N. Vuković,2022-09-02..2024-06-01,Ajman,33,,Novak Vuković,2023-08-18..2024-06-01,Ajman,7,,UAE,0.783,Ajman,7/7,100.0,True,
50378,Nasser Abdelhadi,2023-08-18..2024-05-10,Ajman,20,,Nasser Abdulhadi,2023-08-18..2024-05-10,Ajman,20,,UAE,0.938,Ajman,20/20,100.0,True,
16998,Mohamed Abdel Razek Bazoka,2022-10-20..2024-08-18,"Ghazl El Mehalla, Masr",34,,Mohamed Bazoka,2023-06-01..2024-08-18,"Ghazl El Mehalla, Masr",6,,EGY,0.7,"Ghazl El Mehalla, Masr",6/6,100.0,True,
42037,Saud Ibrahim Al Nasr,2023-09-23..2024-04-28,UMM Salal,13,,Sauoud Ebrahim,2022-08-03..2024-04-28,"Al Wakrah, UMM Salal",27,,QAT,0.647,UMM Salal,13/13,100.0,True,
30409,J. Veretout,2025-08-15..2026-09-03,Al-Arabi SC,27,,Jordan Veretout,2025-10-31..2026-08-21,Al-Arabi SC,13,,QAT,0.769,Al-Arabi SC,13/13,100.0,True,
335022,Hassan Al Ghareeb,2023-08-17..2026-08-29,"Al Shahaniya, Al-Rayyan SC",22,,Hassan Alghareeb,2023-10-21..2025-01-10,Al-Rayyan SC,18,,QAT,0.97,Al-Rayyan SC,18/18,100.0,True,
2433,R. Tapia,2025-08-17..2026-09-04,Al-Wasl FC,26,,Renato Tapia,2025-11-22..2026-08-21,Al-Wasl FC,13,,UAE,0.7,Al-Wasl FC,13/13,100.0,True,
295249,N. Djekovic,2025-10-18..2026-08-16,Baniyas SC,22,,Nemanja Đeković,2025-10-31..2026-05-05,Baniyas SC,17,,UAE,0.538,Baniyas SC,17/17,100.0,True,
41479,Witi,2024-08-24..2025-05-24,"Al Urooba, Dibba Al Hisn",20,,Witiness Quembo,2024-08-29..2025-05-24,"Al Urooba, Dibba Al Hisn",19,,UAE,0.421,"Al Urooba, Dibba Al Hisn",19/19,100.0,True,
459667,P. Ulises,2024-02-29..2025-04-05,"Al Bataeh, Al Urooba",20,,Patricio Ulises,2024-04-21..2025-04-05,"Al Bataeh, Al Urooba",19,,UAE,0.667,"Al Bataeh, Al Urooba",19/19,100.0,True,
482303,A. Katkot,2025-08-09..2026-05-28,Ismaily SC,19,,Abdelrahman Katkot,2025-08-09..2026-05-28,Ismaily SC,20,,EGY,0.593,Ismaily SC,19/19,100.0,True,
297440,J. Okoli,2022-10-20..2023-07-16,El Mokawloon,34,جيمس أوكولي,John Okoli,2023-05-31..2023-07-16,El Mokawloon,5,,EGY,0.778,El Mokawloon,5/5,100.0,True,
182344,Mohamed Al Hassan,2022-08-01..2024-04-24,Al-Markhiya,30,,Mohamed Al-Hassan,2023-10-20..2024-04-24,Al-Markhiya,9,,QAT,0.941,Al-Markhiya,9/9,100.0,True,
275782,Zaid Aboulros,2022-08-03..2025-04-18,"Al Shamal, Qatar SC",30,,Zed Saad Aboulros,2023-10-20..2025-04-18,"Al Shamal, Qatar SC",9,,QAT,0.8,"Al Shamal, Qatar SC",9/9,100.0,True,
42249,Saud Al Hajiri,2023-09-23..2024-04-24,Al-Rayyan SC,18,,Saud Al Hajri,2023-08-17..2024-04-24,Al-Rayyan SC,21,,QAT,0.963,Al-Rayyan SC,18/18,100.0,True,
437760,Rayane Messi,2026-02-12..2026-09-08,"Al-Ettifaq, NEOM",25,ريان ميسي,Rayane Messi Tanfouri,2026-02-12..2026-05-21,NEOM,13,,SAU,0.727,NEOM,13/13,100.0,True,
463524,Ahmed Shami,2024-03-29..2024-11-23,Al-Raed,19,أحمد شامي,Omar Shami,2024-03-29..2024-11-23,Al-Raed,19,عمر شامي,SAU,0.667,Al-Raed,19/19,100.0,True,
44761,Abdullah Magrshi,2023-08-14..2024-05-11,Al-Raed,19,عبدالله مجرشي,Abdullah Majrashi,2023-08-14..2024-05-11,Al-Raed,19,عبدالله مجرشي,SAU,0.909,Al-Raed,19/19,100.0,True,
2366,A. Toșca,2023-08-13..2023-12-28,Al Riyadh,19,ألين توسكا,Alin Toșca,2023-08-13..2023-12-28,Al Riyadh,19,,SAU,0.778,Al Riyadh,19/19,100.0,True,
578889,E. Noumonvi,2025-08-16..2026-09-06,Al-Dhafra,28,,Ezeckiel Noumonvi,2025-11-21..2026-05-05,Al-Dhafra,10,,UAE,0.714,Al-Dhafra,10/10,100.0,True,
554,D. Tadic,2025-08-17..2026-05-11,Al Wahda FC,25,,Dušan Tadić,2025-11-21..2026-04-23,Al Wahda FC,13,,UAE,0.632,Al Wahda FC,13/13,100.0,True,
488107,Abdulaziz Ahmed,2024-09-21..2025-05-23,Al Nasr,19,,Ahmed Abdulaziz,2024-09-21..2025-05-23,Al Nasr,19,,UAE,0.6,Al Nasr,19/19,100.0,True,
408404,J. Loulendo,2023-10-28..2025-05-04,Al Ain,20,,Josna Loulendo,2023-10-28..2025-04-07,Al Ain,18,,UAE,0.8,Al Ain,18/18,100.0,True,
156196,Ahmad Jamil,2023-10-07..2024-05-29,Shabab Al Ahli Dubai,19,,Ahmed Abdulla Jamil,2023-10-07..2024-05-29,Shabab Al Ahli Dubai,19,,UAE,0.733,Shabab Al Ahli Dubai,19/19,100.0,True,
583479,J. Mwanga,2026-01-22..2026-05-29,Ghazl El Mehalla,19,,Jimmy Emmanuel Mwanga,2026-01-22..2026-05-29,Ghazl El Mehalla,19,,EGY,0.533,Ghazl El Mehalla,19/19,100.0,True,
521948,S. Emam,2025-08-26..2026-05-18,"Ghazl El Mehalla, Pharco",18,,Seif Emam,2025-05-13..2026-05-18,"Ghazl El Mehalla, Pharco",20,,EGY,0.75,"Ghazl El Mehalla, Pharco",18/18,100.0,True,
47444,E. Apeh,2024-11-01..2025-05-29,Al Ittihad,19,,Emmanuel Apeh,2024-11-01..2025-05-29,Al Ittihad,19,,EGY,0.6,Al Ittihad,19/19,100.0,True,
456246,Wahed Mohsen,2024-02-15..2024-08-17,Baladiyyat Al Mehalla,19,,Wahid Mohsen,2024-02-15..2024-08-17,Baladiyyat Al Mehalla,19,,EGY,0.917,Baladiyyat Al Mehalla,19/19,100.0,True,
116520,Ali Fathi,2023-06-01..2023-07-14,Aswan Sc,5,,Ali Fathy,2022-10-18..2023-07-14,Aswan Sc,33,,EGY,0.889,Aswan Sc,5/5,100.0,True,
293742,G. Ibitham,2022-10-20..2023-07-14,Ghazl El Mehalla,34,,Gabriel Orok Ibitham,2023-06-07..2023-07-14,Ghazl El Mehalla,4,,EGY,0.6,Ghazl El Mehalla,4/4,100.0,True,
42337,Abdulaziz Al Yahri,2024-08-11..2025-04-18,Al Shahaniya,20,,Abdulaziz Al-Yahri,2024-08-11..2025-04-18,Al Shahaniya,18,,QAT,0.944,Al Shahaniya,18/18,100.0,True,
19820,N. Sarr,2023-08-17..2024-04-28,Al-Markhiya,22,,Naby Sarr,2023-10-20..2024-04-28,Al-Markhiya,16,,QAT,0.75,Al-Markhiya,16/16,100.0,True,
37159,N. Bannis,2023-08-17..2024-04-28,Al-Markhiya,22,,Naoufal Bannis,2023-10-20..2024-04-28,Al-Markhiya,16,,QAT,0.696,Al-Markhiya,16/16,100.0,True,
16369,G. Plata,2023-08-18..2024-04-24,Al Sadd,21,,Gonzalo Plata,2023-09-28..2024-04-24,Al Sadd,17,,QAT,0.667,Al Sadd,17/17,100.0,True,
433596,A. Ouled Behi,2026-02-05..2026-09-02,El Mokawloon,19,,Ahmed Ouled Behi,2026-02-05..2026-09-02,El Mokawloon,18,,EGY,0.828,El Mokawloon,18/18,100.0,True,
44791,A. Tshibola,2023-08-19..2024-05-29,Hatta SC,19,,Aaron Tshibola,2023-08-19..2024-05-29,Hatta SC,18,,UAE,0.8,Hatta SC,18/18,100.0,True,
200869,B. Ayim,2022-09-09..2024-05-13,Khorfakkan,26,,Benjamin Ayim,2023-09-23..2024-05-13,Khorfakkan,11,,UAE,0.6,Khorfakkan,11/11,100.0,True,
196833,Ramez Medhat Wassef,2025-09-22..2026-05-12,Pharco,18,,W. R. Medhat,2025-09-17..2026-05-12,Pharco,19,,EGY,0.516,Pharco,18/18,100.0,True,
164227,Mousa Farawi,2024-02-13..2025-02-23,"Ghazl El Mehalla, National Bank of Egypt",19,,Musa Firawi,2024-02-18..2025-02-23,"Ghazl El Mehalla, National Bank of Egypt",18,,EGY,0.87,"Ghazl El Mehalla, National Bank of Egypt",18/18,100.0,True,
425722,A. Soria,2025-08-16..2026-09-05,Al Sadd,26,,Agustín Soria,2025-11-08..2026-04-27,Al Sadd,11,,QAT,0.667,Al Sadd,11/11,100.0,True,
534045,D. Amaro,2025-08-14..2026-09-05,"Al-Rayyan SC, Al-Sailiya",27,,Diogo Amaro,2025-11-08..2026-04-27,Al-Sailiya,10,,QAT,0.737,Al-Sailiya,10/10,100.0,True,
483804,Mahdi Al Obod,2024-08-23..2026-05-14,Al-Fateh,18,مهدي العبود,Mehdi Al Aboud,2024-08-23..2026-05-14,Al-Fateh,18,مهدي العبود,SAU,0.815,Al-Fateh,18/18,100.0,True,
470335,Hassan Al Musallam,2024-05-17..2026-03-13,"Al Khaleej Saihat, Al-Ettifaq",21,حسن المسلم,Hassan Murtadh Al-Musallam,2024-08-24..2026-03-13,"Al Khaleej Saihat, Al-Ettifaq",15,,SAU,0.773,"Al Khaleej Saihat, Al-Ettifaq",15/15,100.0,True,
2866,R. Quaison,2023-08-14..2023-12-28,Al-Ettifaq,18,روبن كوايسون,Robin Quaison,2023-08-14..2023-12-28,Al-Ettifaq,18,,SAU,0.783,Al-Ettifaq,18/18,100.0,True,
197059,Matheus Saldanha,2025-10-31..2026-08-21,"Al-Wasl FC, Sharjah FC",12,,Saldanha,2025-08-17..2026-09-04,"Al-Wasl FC, Sharjah FC",24,,UAE,0.667,"Al-Wasl FC, Sharjah FC",12/12,100.0,True,
382973,E. Benedict,2025-09-12..2026-05-16,Dibba Al-Fujairah,22,,Elijah Benedict,2025-11-21..2026-05-05,Dibba Al-Fujairah,14,,UAE,0.769,Dibba Al-Fujairah,14/14,100.0,True,
311544,S. González,2024-11-22..2025-05-24,"Al Urooba, Shabab Al Ahli Dubai",16,,Sebastián González,2024-11-22..2026-04-29,"Al Urooba, Shabab Al Ahli Dubai",20,,UAE,0.69,"Al Urooba, Shabab Al Ahli Dubai",16/16,100.0,True,
433406,Saud Al Hosani,2023-08-19..2024-06-05,Emirates Club,18,,Saud Alhosani,2023-08-19..2024-06-05,Emirates Club,18,,UAE,0.963,Emirates Club,18/18,100.0,True,
25345,K. Rekik,2023-08-19..2024-06-02,Al-Jazira,18,,Karim Rekik,2023-08-19..2024-06-02,Al-Jazira,18,,UAE,0.737,Al-Jazira,18/18,100.0,True,
79081,U. Vitas,2023-08-19..2024-05-24,Emirates Club,18,,Uroš Vitas,2023-08-19..2024-05-24,Emirates Club,18,,UAE,0.778,Emirates Club,18/18,100.0,True,
772,K. Manolas,2022-10-01..2023-12-24,Sharjah FC,27,,Konstantinos Manolas,2023-08-18..2023-12-24,Sharjah FC,9,,UAE,0.6,Sharjah FC,9/9,100.0,True,
16855,Mohamed Abdel Salam,2023-04-25..2025-05-28,"El Geish, Future FC, Haras El Hodood",20,,Mohamed Abdelsalam,2023-06-02..2025-05-28,"El Geish, Future FC, Haras El Hodood",16,,EGY,0.973,"El Geish, Future FC, Haras El Hodood",16/16,100.0,True,
399269,Mohamed Fares,2022-12-12..2025-02-28,Al Ittihad,32,,Mohamed Fares Abdel Fattah,2023-05-29..2023-07-01,Al Ittihad,4,,EGY,0.667,Al Ittihad,4/4,100.0,True,
447018,Yosef Tunji,2023-10-30..2024-08-18,El Dakhleya,19,,Yusuf Tunji Omotosho,2023-11-04..2024-08-18,El Dakhleya,17,,EGY,0.581,El Dakhleya,17/17,100.0,True,
303477,K. Drammeh,2023-09-21..2024-06-23,Future FC,18,,Kajally Drammeh,2023-09-21..2024-06-23,Future FC,18,,EGY,0.72,Future FC,18/18,100.0,True,
49717,A. Sfaxi,2022-10-20..2023-11-29,Future FC,30,أسامة السفاقسي,Aymen Sfaxi,2023-06-02..2023-11-29,Future FC,6,,EGY,0.737,Future FC,6/6,100.0,True,
369881,C. John,2022-10-20..2023-07-14,El Dakhleya,32,كريستوفر جون,Christopher John,2023-05-31..2023-07-14,El Dakhleya,4,,EGY,0.522,El Dakhleya,4/4,100.0,True,
396630,P. Prim,2025-08-16..2026-08-28,"Al Sadd, Al Shamal, Qatar SC",24,,Pau Prim Coma,2025-11-08..2026-04-27,"Al Sadd, Al Shamal",12,,QAT,0.6,"Al Sadd, Al Shamal",12/12,100.0,True,
43119,D. Alibec,2023-08-16..2024-04-28,Muaither SC,21,,Denis Alibec,2023-10-20..2024-04-28,Muaither SC,15,,QAT,0.762,Muaither SC,15/15,100.0,True,
44568,R. Arias,2023-08-16..2024-04-28,"Al Ahli Doha, Muaither SC",21,,Ramón Arias,2023-10-20..2024-04-28,"Al Ahli Doha, Muaither SC",15,,QAT,0.737,"Al Ahli Doha, Muaither SC",15/15,100.0,True,
401510,A. Fouad,2025-08-26..2026-09-02,"El Mokawloon, Pharco",17,,Ahmed Mohamed Fouad,2025-05-31..2026-09-02,"El Mokawloon, Pharco",18,,EGY,0.519,"El Mokawloon, Pharco",17/17,100.0,True,
200156,D. Pedrozo,2023-12-08..2025-05-25,Al-Wasl FC,18,,Daniel Pedrozo,2023-12-08..2025-05-20,Al-Wasl FC,17,,UAE,0.75,Al-Wasl FC,17/17,100.0,True,
213980,Nizar Al Rashdan,2024-02-24..2024-06-01,Emirates Club,13,نزار الرشدان,Nizar Mahmoud Al-Rashdan,2024-02-24..2026-04-27,"Emirates Club, Qatar SC",22,,"QAT, UAE",0.75,Emirates Club,13/13,100.0,True,
50661,Fahad Sabeel,2023-08-19..2023-12-08,Emirates Club,10,,Fahad Sebil,2022-09-09..2023-12-08,"Al Bataeh, Emirates Club",25,,UAE,0.783,Emirates Club,10/10,100.0,True,
526184,M. Medhat,2025-08-10..2026-05-29,Kahraba Ismailia,20,,Mohamed Medhat,2025-08-10..2026-05-29,Kahraba Ismailia,15,,EGY,0.696,Kahraba Ismailia,15/15,100.0,True,
325647,E. Ihezuo,2023-09-20..2024-08-13,"Baladiyyat Al Mehalla, Smouha SC",17,,Emmanuel Ihezuo,2023-09-20..2026-03-01,"Baladiyyat Al Mehalla, Smouha SC",18,,EGY,0.667,"Baladiyyat Al Mehalla, Smouha SC",17/17,100.0,True,
24811,A. Modeste,2023-09-19..2024-06-28,Al Ahly,18,,Anthony Modeste,2023-09-19..2024-06-28,"Al Ahly, El Dakhleya",17,,EGY,0.72,Al Ahly,17/17,100.0,True,
16902,A. Amutu,2022-10-18..2023-07-15,Al Ittihad,29,أوبينا أوموتو,Austin Amutu,2023-05-29..2023-07-15,Al Ittihad,6,,EGY,0.7,Al Ittihad,6/6,100.0,True,
325141,A. Amraoui,2025-08-14..2026-09-03,Al Ahli Doha,25,,Ayoub Amraoui,2025-11-09..2026-04-27,Al Ahli Doha,10,,QAT,0.783,Al Ahli Doha,10/10,100.0,True,
162167,A. Sanz,2025-08-16..2026-08-29,Al Shahaniya,25,,Álvaro Sanz Catalán,2025-10-31..2026-04-27,Al Shahaniya,10,,QAT,0.462,Al Shahaniya,10/10,100.0,True,
534037,D. Diakite,2025-08-16..2026-09-05,"Al Shahaniya, Al-Rayyan SC",27,,Daoud Soliman,2025-11-09..2026-04-08,Al Shahaniya,8,,QAT,0.348,Al Shahaniya,8/8,100.0,True,
36631,T. Seyam,2025-08-14..2026-04-27,Al Shamal,22,,Tamer Seyam,2025-11-07..2026-04-27,Al Shamal,13,,QAT,0.737,Al Shamal,13/13,100.0,True,
386275,I. Housni,2023-09-23..2024-04-28,Al Sadd,18,,Ilyes Housni,2023-09-28..2024-04-28,Al Sadd,17,,QAT,0.762,Al Sadd,17/17,100.0,True,
343086,A. Hazbavi,2023-09-23..2024-04-28,Al Sadd,18,,Mohammad Amin Hazbavi,2023-09-28..2024-04-28,Al Sadd,17,,QAT,0.581,Al Sadd,17/17,100.0,True,
525696,Awad Abdu Dahal,2026-02-03..2026-05-21,Al-Ettifaq,10,,Awad Dahal,2025-09-12..2026-05-21,Al-Ettifaq,24,عوض دحل,SAU,0.8,Al-Ettifaq,10/10,100.0,True,
27539,D. Flores,2025-08-30..2026-02-01,Al Najma,17,ديلان فلوريس,Deybi Flores,2025-08-30..2026-02-01,Al Najma,17,ديبي فلوريس,SAU,0.762,Al Najma,17/17,100.0,True,
472248,Zaid Al Enezi,2025-02-01..2025-05-26,Al Kholood,17,زيد العنزي,Zaid Al-Anazi,2025-02-01..2025-05-26,Al Kholood,17,زيد العنزي,SAU,0.769,Al Kholood,17/17,100.0,True,
28437,P. Szappanos,2024-08-23..2025-01-26,Al-Fateh,17,بيتر سابانوس,Péter Szappanos,2024-08-23..2025-01-26,Al-Fateh,17,,SAU,0.815,Al-Fateh,17/17,100.0,True,
44498,Jaber Assiri,2023-08-13..2024-05-27,Al Wehda Club,17,,Jaber Nasser Asiri,2023-08-13..2024-05-27,Al Wehda Club,17,جابر ناصر عسيري,SAU,0.8,Al Wehda Club,17/17,100.0,True,
335674,J. Kameni,2025-03-28..2026-04-29,"Khorfakkan, Sharjah FC",21,,Junior Kameni,2025-03-28..2026-04-29,"Khorfakkan, Sharjah FC",13,,UAE,0.727,"Khorfakkan, Sharjah FC",13/13,100.0,True,
198621,N. Vujanović,2024-08-24..2025-05-24,Dibba Al Hisn,18,,Nikša Vujanović,2024-08-29..2025-05-24,Dibba Al Hisn,16,,UAE,0.815,Dibba Al Hisn,16/16,100.0,True,
156203,Ghanem Ahmed,2022-09-02..2024-03-13,"Al-Wasl FC, Hatta SC",30,,Ghanem Ahmed Ghanem Mohammed,2023-09-24..2024-03-13,Hatta SC,4,,UAE,0.6,Hatta SC,4/4,100.0,True,
4413,A. Redjem,2025-08-09..2026-05-23,Future FC,17,,Adem Redjem,2025-08-09..2026-05-23,Future FC,17,,EGY,0.8,Future FC,17/17,100.0,True,
179689,Abdallah Mahmoud,2024-11-01..2025-05-17,Petrojet,17,,Abdallah Mahmoud Mohamed,2024-11-01..2025-05-17,Petrojet,17,,EGY,0.8,Petrojet,17/17,100.0,True,
309213,H. Imourane,2023-10-22..2024-05-26,Future FC,17,,Hassane Imourane,2023-10-22..2024-05-26,Future FC,17,,EGY,0.741,Future FC,17/17,100.0,True,
17100,Sayed Al Shabrawy,2022-10-20..2023-07-14,Ghazl El Mehalla,29,,Sayed Shabrawy,2023-06-01..2023-07-14,Ghazl El Mehalla,5,,EGY,0.903,Ghazl El Mehalla,5/5,100.0,True,
36982,M. Vlap,2025-08-14..2026-09-03,Al Ahli Doha,25,,Michel Vlap,2025-11-09..2026-04-27,Al Ahli Doha,9,,QAT,0.667,Al Ahli Doha,9/9,100.0,True,
127801,K. van der Kaap,2025-08-14..2026-09-03,Al-Sailiya,25,,Kellian van der Kaap,2025-11-08..2026-04-27,Al-Sailiya,9,,QAT,0.8,Al-Sailiya,9/9,100.0,True,
361347,G. Hernandez,2025-08-15..2026-04-27,Al-Arabi SC,22,,Gerard Hernández,2025-10-31..2026-04-27,Al-Arabi SC,12,,QAT,0.714,Al-Arabi SC,12/12,100.0,True,
2491,M. Uribe,2023-08-18..2024-12-07,Al Sadd,19,,Mateus Uribe,2023-09-28..2024-12-07,Al Sadd,15,,QAT,0.7,Al Sadd,15/15,100.0,True,
44400,Abdullah Al Joui,2023-08-14..2023-12-30,Al Shabab,9,عبدالله الجوعي,Abdullah Al-Jawaey,2023-08-14..2026-02-13,"Al Shabab, Al-Fayha",24,عبدالله الجوعي,SAU,0.706,Al Shabab,9/9,100.0,True,
50297,Abdelaziz Alkaabi,2023-08-18..2024-08-29,"Al-Ittihad Kalba, Sharjah FC",18,,Abdelaziz Salem Ali,2023-10-28..2024-08-29,"Al-Ittihad Kalba, Sharjah FC",15,,UAE,0.778,"Al-Ittihad Kalba, Sharjah FC",15/15,100.0,True,
443901,Sultan Al Bedwawi,2023-10-06..2024-05-24,Hatta SC,17,,Sultan Albedwawi,2023-10-06..2024-05-24,Hatta SC,16,,UAE,0.97,Hatta SC,16/16,100.0,True,
101631,Abdelaziz Sanqoor,2022-09-03..2023-12-23,"Al Nasr, Shabab Al Ahli Dubai",26,,Abdulaziz Sanqoor,2023-08-19..2023-12-23,Al Nasr,7,,UAE,0.941,Al Nasr,7/7,100.0,True,
384433,J. El Jemili,2025-08-16..2026-08-29,Al Shahaniya,23,,Jawad El Jamili,2025-10-31..2026-04-27,Al Shahaniya,10,,QAT,0.741,Al Shahaniya,10/10,100.0,True,
1651,K. Piatek,2025-08-16..2026-04-27,Al-Duhail SC,22,,Krzysztof Piątek,2025-11-08..2026-04-27,Al-Duhail SC,11,,QAT,0.56,Al-Duhail SC,11/11,100.0,True,
630310,M. Al Sarnoukh,2025-12-26..2026-04-05,Al-Fateh,16,محمد السارنوق,Mohammed Al-Sarnoukh,2025-12-26..2026-04-05,Al-Fateh,16,,SAU,0.706,Al-Fateh,16/16,100.0,True,
383179,Hassan Al Majhad,2023-08-12..2023-12-29,Al Khaleej Saihat,16,حسن المجحد,Hassan Al Mojhed,2023-08-12..2023-12-29,Al Khaleej Saihat,16,حسن المجحد,SAU,0.875,Al Khaleej Saihat,16/16,100.0,True,
430324,F. I. Ogbu,2025-08-17..2026-08-21,Al Wahda FC,20,,Favour Inyeka Ogbu Ogbu,2025-11-21..2026-08-21,Al Wahda FC,12,,UAE,0.485,Al Wahda FC,12/12,100.0,True,
579638,R. Maqdami,2025-10-17..2026-05-16,Shabab Al Ahli Dubai,20,,Rashed Salem Maqdami,2025-11-20..2026-04-29,Shabab Al Ahli Dubai,12,,UAE,0.6,Shabab Al Ahli Dubai,12/12,100.0,True,
50631,Abdulla Al Nuaimi,2023-09-23..2024-05-20,Emirates Club,16,,Abdulla Alnuaimi,2023-09-23..2024-05-20,Emirates Club,16,,UAE,0.97,Emirates Club,16/16,100.0,True,
408210,Y. El Azab,2025-09-22..2026-05-29,Ghazl El Mehalla,16,,Youssef El Azab,2025-09-22..2026-05-29,Ghazl El Mehalla,16,,EGY,0.72,Ghazl El Mehalla,16/16,100.0,True,
630633,Fathy Mohamed,2026-01-21..2026-05-28,Pharco,16,,M. Fathy,2026-01-21..2026-05-28,Pharco,16,,EGY,0.476,Pharco,16/16,100.0,True,
107260,K. Eduwo,2025-09-27..2026-05-20,AL Masry,16,,Kingsley Eduwo,2025-09-27..2026-05-20,AL Masry,16,,EGY,0.636,AL Masry,16/16,100.0,True,
635118,I. Cooper,2026-01-22..2026-05-13,Haras El Hodood,16,,Ikenna Cooper,2026-01-22..2026-05-13,Haras El Hodood,16,,EGY,0.727,Haras El Hodood,16/16,100.0,True,
36540,A. Dari,2024-12-26..2025-08-30,Al Ahly,16,,Achraf Dari,2024-12-26..2025-08-30,Al Ahly,16,,EGY,0.667,Al Ahly,16/16,100.0,True,
480876,Ahmed Bayoumy Taemaa,2024-08-11..2025-05-28,"Al Ahly, Haras El Hodood",16,,Ahmed Taemaa,2024-08-11..2025-05-28,"Al Ahly, Haras El Hodood",16,,EGY,0.75,"Al Ahly, Haras El Hodood",16/16,100.0,True,
49731,A. Afli,2023-09-20..2024-06-29,El Dakhleya,17,,Achref Afli,2023-09-26..2024-06-29,"Al Ahly, El Dakhleya",15,,EGY,0.667,El Dakhleya,15/15,100.0,True,
42341,Ilyas Brimil,2023-08-27..2025-02-28,"Qatar SC, UMM Salal",28,,Ilyes Brimil,2025-01-30..2025-02-28,Qatar SC,4,,QAT,0.917,Qatar SC,4/4,100.0,True,
534073,S. F. Diouf,2025-08-16..2026-09-03,Qatar SC,22,,Serigne Fallou Diouf,2025-10-31..2026-04-27,Qatar SC,10,,QAT,0.581,Qatar SC,10/10,100.0,True,
303925,Y. Snana,2025-08-30..2026-09-03,"Al-Arabi SC, Al-Sailiya",21,,Youssef Snana,2025-11-08..2026-08-21,"Al-Arabi SC, Al-Sailiya",11,,QAT,0.667,"Al-Arabi SC, Al-Sailiya",11/11,100.0,True,
190489,A. Djalo,2025-08-15..2026-04-27,Al-Gharafa,22,,Álvaro Djaló,2025-11-07..2026-04-27,Al-Gharafa,10,,QAT,0.6,Al-Gharafa,10/10,100.0,True,
327,A. Ounas,2025-09-12..2026-09-05,"Al Shamal, Al-Gharafa, Al-Sailiya",20,,Adam Ounas,2025-11-08..2026-04-27,"Al Shamal, Al-Sailiya",12,,QAT,0.778,"Al Shamal, Al-Sailiya",12/12,100.0,True,
53924,M. Al Battat,2025-08-16..2026-04-27,Qatar SC,20,,Mus'ab Al Battat,2025-10-31..2026-04-27,Qatar SC,12,,QAT,0.786,Qatar SC,12/12,100.0,True,
2912,Kim Moon-Hwan,2023-08-18..2024-04-05,Al-Duhail SC,18,,Moon-hwan Kim,2023-09-24..2024-04-05,Al-Duhail SC,14,,QAT,0.692,Al-Duhail SC,14/14,100.0,True,
392034,B. Faye,2025-03-27..2026-09-05,"Baniyas SC, Hatta SC",19,,Bernard Faye,2025-03-27..2026-02-07,Baniyas SC,12,,UAE,0.632,Baniyas SC,12/12,100.0,True,
381809,R. Ghandipour,2025-08-16..2026-08-15,"Al Wahda FC, Shabab Al Ahli Dubai",21,,Reza Ghandipour,2025-11-21..2026-04-23,Al Wahda FC,10,,UAE,0.857,Al Wahda FC,10/10,100.0,True,
264493,V. Prijovic,2025-08-22..2026-05-15,Sharjah FC,20,,Vladimir Prijović,2025-11-21..2026-04-10,Sharjah FC,11,,UAE,0.643,Sharjah FC,11/11,100.0,True,
181068,Fahad Albaroudi,2023-11-03..2025-05-24,Al-Ittihad Kalba,11,,Fahad Barout,2022-10-15..2025-05-24,Al-Ittihad Kalba,20,,UAE,0.815,Al-Ittihad Kalba,11/11,100.0,True,
381024,T. Ouorou,2023-08-19..2024-06-02,Hatta SC,16,,Tamimou Ouorou,2023-08-19..2024-06-02,Hatta SC,15,,UAE,0.696,Hatta SC,15/15,100.0,True,
13065,J. E. Kouassi,2025-08-15..2026-04-27,UMM Salal,22,,Jean Evrard Kouassi,2025-11-08..2026-04-27,UMM Salal,9,,QAT,0.688,UMM Salal,9/9,100.0,True,
325165,Roger,2025-11-01..2026-04-29,Al-Ittihad FC,15,روجر جويديس,Roger Fernandes,2025-11-01..2026-04-29,Al-Ittihad FC,15,روجر فرنانديش,SAU,0.5,Al-Ittihad FC,15/15,100.0,True,
390740,M. Turay,2025-01-10..2025-05-26,Al-Raed,15,موسيس توراي,Moses Turay,2025-01-10..2025-05-26,Al-Raed,15,,SAU,0.737,Al-Raed,15/15,100.0,True,
44559,Ahmad Al Hbeab,2023-08-14..2023-12-29,Abha,15,أحمد الحبيب,Ahmad Jamal,2023-08-14..2023-12-29,Abha,15,أحمد جمال,SAU,0.64,Abha,15/15,100.0,True,
291777,S. Seymor,2025-08-17..2026-08-29,Khorfakkan,20,,Serano Seymor,2025-11-20..2026-04-29,Khorfakkan,10,,UAE,0.727,Khorfakkan,10/10,100.0,True,
475901,I. Elemiike,2024-08-29..2025-05-24,Dibba Al Hisn,16,,Ideba James Elemiike,2024-08-29..2025-05-24,Dibba Al Hisn,14,,UAE,0.645,Dibba Al Hisn,14/14,100.0,True,
329156,Talal Khameis,2024-08-23..2025-05-24,Al Urooba,15,,Talal Khameis Jouhar Saeed Alyammahi,2024-08-23..2025-05-24,Al Urooba,15,,UAE,0.531,Al Urooba,15/15,100.0,True,
329206,Mohamed Ehab,2025-03-13..2025-05-29,Ismaily SC,4,,Mohamed Ihab,2024-08-16..2026-05-23,Ismaily SC,26,,EGY,0.917,Ismaily SC,4/4,100.0,True,
289400,H. Hosny,2025-08-10..2026-05-18,Pharco,5,,Hussein Emad,2024-07-03..2026-05-18,"Ceramica Cleopatra, Pharco",25,,EGY,0.3,Pharco,5/5,100.0,True,
165251,M. Karidioula,2024-10-30..2025-03-03,Haras El Hodood,15,,Trésor Mofossé,2024-10-30..2025-03-03,Haras El Hodood,15,,EGY,0.148,Haras El Hodood,15/15,100.0,True,
331779,A. Yalew,2024-02-26..2024-08-08,Masr,15,,Abel Yalew,2024-02-26..2024-08-08,Masr,15,,EGY,0.778,Masr,15/15,100.0,True,
17018,Gedo,2023-06-08..2023-07-14,Aswan Sc,4,,Mohamed Nagy,2022-10-18..2023-07-14,Aswan Sc,26,,EGY,0.25,Aswan Sc,4/4,100.0,True,
19195,A. El Ghazi,2025-09-12..2026-09-03,Al-Sailiya,21,,Anwar El Ghazi,2025-11-08..2026-04-27,Al-Sailiya,9,,QAT,0.8,Al-Sailiya,9/9,100.0,True,
282352,Y. M. Sayed,2025-08-30..2026-08-29,Al-Sailiya,21,,Youssef Mohamed Sayed,2025-11-08..2026-04-27,Al-Sailiya,9,,QAT,0.562,Al-Sailiya,9/9,100.0,True,
437498,A. Doumbouya,2025-09-13..2026-09-05,"Al Ahli Doha, Al-Duhail SC",21,,Amidou Doumbouya,2025-11-21..2026-04-27,Al Ahli Doha,9,,QAT,0.786,Al Ahli Doha,9/9,100.0,True,
423737,T. Jamshid,2025-08-16..2026-08-29,Al-Duhail SC,21,,Tahsin Mohammed,2025-11-08..2026-04-08,Al-Duhail SC,9,,QAT,0.4,Al-Duhail SC,9/9,100.0,True,
47164,G. Valentin,2025-08-15..2026-08-27,Al Wakrah,19,,Gerard Valentín,2025-10-31..2026-08-27,Al Wakrah,11,,QAT,0.692,Al Wakrah,11/11,100.0,True,
19150,M. Holgate,2025-08-15..2026-04-27,"Al-Gharafa, Al-Sailiya",20,,Mason Holgate,2025-11-07..2026-04-27,"Al-Gharafa, Al-Sailiya",10,,QAT,0.783,"Al-Gharafa, Al-Sailiya",10/10,100.0,True,
41630,Yan,2025-08-30..2026-04-27,Qatar SC,19,,Yan Matheus,2025-10-31..2026-04-27,Qatar SC,11,,QAT,0.429,Qatar SC,11/11,100.0,True,
20674,S. Banza,2025-09-24..2026-09-05,Al-Jazira,22,,Simon Banza,2025-11-22..2026-05-05,Al-Jazira,7,,UAE,0.737,Al-Jazira,7/7,100.0,True,
2824,N. Maksimovic,2025-08-23..2026-08-28,Shabab Al Ahli Dubai,20,,Nemanja Maksimović,2026-01-07..2026-03-16,Shabab Al Ahli Dubai,9,,UAE,0.71,Shabab Al Ahli Dubai,9/9,100.0,True,
454717,Mahmoud Oksha,2024-02-13..2024-08-18,El Gouna FC,15,,Oksha,2024-02-13..2024-08-18,El Gouna FC,14,,EGY,0.556,El Gouna FC,14/14,100.0,True,
39312,R. Ayagwa,2022-11-23..2023-07-14,Aswan Sc,26,,Raphael Ayagwa,2023-06-29..2023-07-14,Aswan Sc,3,,EGY,0.696,Aswan Sc,3/3,100.0,True,
16813,H. Fathy,2025-08-15..2026-08-27,Al Wakrah,20,,Hamdy Fathy,2025-10-31..2026-04-27,Al Wakrah,9,,QAT,0.737,Al Wakrah,9/9,100.0,True,
42215,M. Khoder,2025-08-14..2026-08-27,Al Shamal,23,,Musab Khoder,2026-03-12..2026-08-21,Al Shamal,6,,QAT,0.762,Al Shamal,6/6,100.0,True,
423731,R. A. Al-Ali,2025-08-22..2026-04-27,Al-Gharafa,20,,Rayyan Ahmed Al Ali,2025-11-07..2026-04-08,Al-Gharafa,9,,QAT,0.581,Al-Gharafa,9/9,100.0,True,
20545,J. Castelletto,2025-08-16..2026-08-22,Al-Duhail SC,20,,Jean-Charles Castelletto,2025-11-08..2026-04-27,Al-Duhail SC,9,,QAT,0.684,Al-Duhail SC,9/9,100.0,True,
103,J. Aholou,2025-08-15..2026-04-27,UMM Salal,20,,Jean-Eudes Aholou,2025-11-08..2026-04-27,UMM Salal,9,,QAT,0.615,UMM Salal,9/9,100.0,True,
548,H. Ziyech,2025-01-31..2026-06-14,"Al-Duhail SC, Wydad AC",21,,Hakim Ziyech,2025-01-31..2025-04-18,Al-Duhail SC,8,,"MAR, QAT",0.762,Al-Duhail SC,8/8,100.0,True,
445600,Yass Ali Jeera,2023-10-21..2024-11-01,Al Ahli Doha,26,,Yassin Gaira,2024-10-19..2024-11-01,Al Ahli Doha,3,,QAT,0.692,Al Ahli Doha,3/3,100.0,True,
409484,Ibrahim Al Hassan,2023-08-17..2024-04-28,Al-Rayyan SC,16,,Ibrahim Mohammadali,2023-09-23..2024-04-28,Al-Rayyan SC,13,,QAT,0.611,Al-Rayyan SC,13/13,100.0,True,
37382,J. Okita,2026-02-12..2026-05-21,Damac,14,جوناثان أوكيتا,Jonathan Okita,2026-02-12..2026-05-21,Damac,14,,SAU,0.636,Damac,14/14,100.0,True,
626179,F. Al Hamad,2025-12-29..2026-05-02,Al-Fateh,14,فواز الحماد,Fawaz Al-Hamad,2025-12-29..2026-05-02,Al-Fateh,14,فواز الحمد,SAU,0.72,Al-Fateh,14/14,100.0,True,
633044,R. Al Shanqiti,2026-01-12..2026-09-03,Al Khaleej Saihat,11,رائد الشنقيطي,Raed Al Shanqiti,2026-01-12..2026-09-07,Al Khaleej Saihat,17,رائد الشنقيطي,SAU,0.867,Al Khaleej Saihat,11/11,100.0,True,
384473,M. Doumbia,2025-09-12..2026-03-06,Al-Ittihad FC,14,محمد دومبيا,Mahamadou Doumbia,2025-09-12..2026-03-06,Al-Ittihad FC,14,ماهامادو دومبيا,SAU,0.667,Al-Ittihad FC,14/14,100.0,True,
406399,Matheus Machado,2025-02-01..2025-05-26,Al-Fateh,14,ماتيوس ماتشادو,Matheus Machado Ferreira,2025-02-01..2025-05-26,Al-Fateh,14,ماتيوس ماتشادو فيريرا,SAU,0.769,Al-Fateh,14/14,100.0,True,
326651,Abdulkarim Al Sulaima,2023-08-12..2023-12-02,Al Taee,14,عبدالكريم السليمان,Abdulkarim Sultan,2023-08-12..2023-12-02,Al Taee,14,عبدالكريم سلطان,SAU,0.789,Al Taee,14/14,100.0,True,
409486,M. Seifi,2025-10-17..2026-09-05,Shabab Al Ahli Dubai,20,,Mersad Seifi,2025-11-20..2026-04-29,Shabab Al Ahli Dubai,8,,UAE,0.7,Shabab Al Ahli Dubai,8/8,100.0,True,
134959,Rashed Essa,2025-01-05..2025-05-19,Al Nasr,13,,Rashed Essa Juma,2024-04-17..2025-05-19,Al Nasr,15,,UAE,0.815,Al Nasr,13/13,100.0,True,
329168,Y. Olatunji,2024-08-23..2025-05-05,Al Urooba,14,,Yusuf Olatunji,2024-08-23..2025-05-05,Al Urooba,14,,UAE,0.8,Al Urooba,14/14,100.0,True,
50476,Mohamed Abdelrahman Ibrahim,2024-08-23..2025-02-27,Al Nasr,14,,Mohamed Al Maazmi,2024-08-23..2025-02-27,Al Nasr,14,,UAE,0.636,Al Nasr,14/14,100.0,True,
50447,Khalifa Abdulla Mohammed,2023-08-19..2024-06-05,Emirates Club,14,,Khalifa Abdullah,2023-08-19..2024-06-05,Emirates Club,14,,UAE,0.8,Emirates Club,14/14,100.0,True,
610466,H. Reda,2025-10-26..2026-05-28,Pharco,15,,Hossam Reda,2025-11-22..2026-05-28,Pharco,13,,EGY,0.667,Pharco,13/13,100.0,True,
53581,D. Miskic,2026-02-05..2026-05-21,Wadi Degla,14,,Danijel Miškić,2026-02-05..2026-05-21,Wadi Degla,14,,EGY,0.522,Wadi Degla,14/14,100.0,True,
498251,S. Kabir,2024-10-31..2025-05-25,El Gouna FC,14,,Shamsu Kabir,2024-10-31..2025-05-25,El Gouna FC,14,,EGY,0.7,El Gouna FC,14/14,100.0,True,
351313,B. Martins,2022-10-20..2023-12-14,Future FC,17,,Bello Babatunde Martins,2023-06-28..2023-12-14,Future FC,11,,EGY,0.545,Future FC,11/11,100.0,True,
96741,Mohammed Abdullah,2023-10-20..2024-04-28,Al-Markhiya,15,,Mohammed Abdullah Soltani,2023-10-29..2024-04-28,Al-Markhiya,13,,QAT,0.81,Al-Markhiya,13/13,100.0,True,
354663,David,2025-09-18..2025-10-30,Damac,4,ديفيد,David Kaiki,2025-08-28..2026-05-21,Damac,23,ديفيد كايكي,SAU,0.625,Damac,4/4,100.0,True,
388482,F. Fetai,2025-08-16..2026-05-15,Sharjah FC,19,,Feta Fetai,2026-01-02..2026-04-23,Sharjah FC,8,,UAE,0.778,Sharjah FC,8/8,100.0,True,
50303,Sultan Ahmed,2023-08-19..2024-09-27,"Al Urooba, Khorfakkan",11,,Sultan Fayez Ahmed,2023-08-19..2025-01-23,"Al Urooba, Khorfakkan",16,,UAE,0.8,"Al Urooba, Khorfakkan",11/11,100.0,True,
50448,Hussain Abdelrahman,2023-12-01..2024-05-29,Ajman,7,,Hussain Abdulrahman,2022-10-01..2024-05-29,Ajman,20,,UAE,0.947,Ajman,7/7,100.0,True,
50469,Mahmoud Khamees,2023-08-18..2023-12-01,Al Wahda FC,8,,Mahmoud Khamis,2023-02-05..2023-12-01,Al Wahda FC,19,,UAE,0.897,Al Wahda FC,8/8,100.0,True,
13602,D. Arboleda,2022-09-02..2023-12-21,"Al Ahli Doha, Al Ain",19,,Danilo Arboleda,2023-09-23..2023-12-21,Al Ahli Doha,8,,"QAT, UAE",0.769,Al Ahli Doha,8/8,100.0,True,
610465,M. Oufa,2025-10-25..2026-05-29,Ghazl El Mehalla,14,,Mostafa Medhat Oufa,2026-03-21..2026-05-29,Ghazl El Mehalla,13,,EGY,0.462,Ghazl El Mehalla,13/13,100.0,True,
456963,A. Bostangy,2026-03-11..2026-05-21,Masr,6,,Abdallah Bostangy,2024-07-22..2026-05-21,"Masr, Smouha SC",21,,EGY,0.714,Masr,6/6,100.0,True,
408193,M. Morsi,2025-08-09..2026-05-13,Petrojet,14,مصطفى مرسي,Mahmoud Morsi,2025-08-09..2026-05-13,Petrojet,13,,EGY,0.667,Petrojet,13/13,100.0,True,
440657,L. Amankona,2023-09-19..2025-03-03,AL Masry,14,,Listowell Amankona,2023-10-27..2025-03-03,AL Masry,13,,EGY,0.69,AL Masry,13/13,100.0,True,
102736,H. Barry,2022-10-20..2024-06-27,Future FC,21,,Hadji Barry,2023-06-02..2024-06-27,Future FC,6,,EGY,0.737,Future FC,6/6,100.0,True,
195619,Osama El Gazar,2023-06-28..2023-12-01,AL Masry,7,,Osama El Gazzar,2022-12-01..2023-12-01,AL Masry,20,,EGY,0.966,AL Masry,7/7,100.0,True,
46736,F. Russo,2025-11-23..2026-09-04,"Lusail City, Qatar SC",17,,Franco Russo,2025-11-23..2026-04-27,Qatar SC,10,,QAT,0.7,Qatar SC,10/10,100.0,True,
154958,M. Balah,2025-10-26..2026-05-08,Al Shahaniya,17,,Mohammed Balah,2025-10-31..2026-04-27,Al Shahaniya,10,,QAT,0.636,Al Shahaniya,10/10,100.0,True,
266472,Ahmed Abotrika,2023-09-24..2024-04-28,Al-Markhiya,15,,Ahmed Aboutrika,2023-10-20..2024-04-28,Al-Markhiya,12,,QAT,0.966,Al-Markhiya,12/12,100.0,True,
405904,Ahmad Abu Raseen,2024-02-18..2026-05-16,Al-Hilal Saudi FC,13,أحمد أبو راسين,Ahmad Abu Rasen,2024-02-18..2026-05-16,Al-Hilal Saudi FC,13,أحمد أبو راسين,SAU,0.968,Al-Hilal Saudi FC,13/13,100.0,True,
311535,C. Zambrano,2025-11-01..2026-02-03,Al Taawon,13,كارلوس زامبرانو,Cristopher Zambrano,2025-11-01..2026-02-03,Al Taawon,13,,SAU,0.667,Al Taawon,13/13,100.0,True,
119780,B. Kramer,2025-08-30..2026-01-16,Al Okhdood,13,بارت كرامر,Blaž Kramer,2025-08-30..2026-01-16,Al Okhdood,13,بلاش كرامر,SAU,0.8,Al Okhdood,13/13,100.0,True,
180386,M. Segovia,2024-08-24..2025-05-23,Al Ain,14,,Matías Segovia,2024-08-24..2025-05-23,Al Ain,12,,UAE,0.75,Al Ain,12/12,100.0,True,
49923,A. Kamara,2023-09-30..2024-06-02,Al-Jazira,13,,Aboubakar Kamara,2023-09-30..2024-06-02,Al-Jazira,13,,UAE,0.64,Al-Jazira,13/13,100.0,True,
65584,A. Amonov,2024-02-13..2024-06-01,Khorfakkan,13,,Azizbek Amanov,2024-02-13..2024-06-01,Khorfakkan,13,,UAE,0.609,Khorfakkan,13/13,100.0,True,
505305,M. Bah,2026-02-20..2026-05-29,Masr,13,,Sulahmana Mamadu Bah,2026-02-20..2026-05-29,Masr,13,,EGY,0.385,Masr,13/13,100.0,True,
633628,A. Ineza,2026-01-22..2026-05-13,Ghazl El Mehalla,13,,Abdi Ineza,2026-01-22..2026-05-13,Ghazl El Mehalla,13,,EGY,0.778,Ghazl El Mehalla,13/13,100.0,True,
304300,S. Williams,2025-08-10..2026-05-07,Ghazl El Mehalla,13,,Sunday Williams,2025-08-10..2026-05-07,Ghazl El Mehalla,13,,EGY,0.769,Ghazl El Mehalla,13/13,100.0,True,
17134,A. Body,2025-08-10..2026-02-05,Ghazl El Mehalla,13,,Abdel Rahman Youssef,2025-08-10..2026-02-05,Ghazl El Mehalla,13,,EGY,0.296,Ghazl El Mehalla,13/13,100.0,True,
16824,Junior Ajayi,2024-04-03..2024-12-30,Smouha SC,14,,O. Ajayi,2024-04-03..2024-07-06,Smouha SC,12,,EGY,0.7,Smouha SC,12/12,100.0,True,
49491,M. Sahraoui,2022-10-19..2023-06-07,"Ceramica Cleopatra, Enppi",23,,Marouane Sahraoui,2023-05-29..2023-06-07,Ceramica Cleopatra,3,,EGY,0.714,Ceramica Cleopatra,3/3,100.0,True,
18805,A. Doucoure,2025-08-28..2026-04-11,NEOM,13,عبد الله دوكوري,Abdoulaye Doucoure,2025-09-18..2026-04-11,NEOM,12,عبدولاي دوكوري,SAU,0.69,NEOM,12/12,100.0,True,
625380,H. Shakoush,2026-08-22..2026-09-02,El Mokawloon,3,,Hassan Hussein Shakoush,2026-01-22..2026-09-02,El Mokawloon,22,,EGY,0.588,El Mokawloon,3/3,100.0,True,
399273,Atef Al Hakim,2023-06-27..2026-01-29,Ghazl El Mehalla,17,,H. A. El Hakim A.,2025-08-16..2026-01-29,Ghazl El Mehalla,8,,EGY,0.6,Ghazl El Mehalla,8/8,100.0,True,
442309,A. Ifeoluwa,2024-02-26..2024-08-18,El Mokawloon,13,,Adeoye Ifeoluwa,2024-02-26..2024-08-18,El Mokawloon,12,,EGY,0.769,El Mokawloon,12/12,100.0,True,
79091,Fahad Al Abdulrahman,2022-08-02..2023-12-01,"Al Shamal, Al-Arabi SC",21,,Fahad Al-Abdulrahman,2023-10-20..2023-12-01,Al Shamal,4,,QAT,0.95,Al Shamal,4/4,100.0,True,
291601,Karim Dib,2024-02-25..2025-03-07,Al Sadd,8,,Karim Haider Dib,2024-02-25..2026-04-08,Al Sadd,17,,QAT,0.72,Al Sadd,8/8,100.0,True,
640926,R. Jaman,2026-02-14..2026-05-21,Al Kholood,11,راكان جمان,Rakan Abdulrahman bin Jaman,2026-02-14..2026-08-29,Al Kholood,13,راكان عبد الرحمن بن جمعان,SAU,0.4,Al Kholood,11/11,100.0,True,
2158,G. Bushchan,2025-01-31..2025-08-29,Al Shabab,12,جيورجي بوشتشان,Heorhiy Bushchan,2025-01-31..2025-08-29,Al Shabab,12,,SAU,0.667,Al Shabab,12/12,100.0,True,
44426,Yousef Alharbi,2023-09-02..2024-05-27,Al Wehda Club,12,,Yousef Saad Al Harbi,2023-09-02..2024-05-27,Al Wehda Club,12,يوسف سعد ال الحربي,SAU,0.824,Al Wehda Club,12/12,100.0,True,
313,D. Ospina,2024-02-29..2024-05-23,Al-Nassr,12,دافيد أوسبينا,David Ospina,2024-02-29..2024-05-23,Al-Nassr,12,,SAU,0.762,Al-Nassr,12/12,100.0,True,
439990,Iyad Luay Ali Madani,2023-09-16..2023-12-30,Al Taawon,12,,Iyad Madani,2023-09-16..2023-12-30,Al Taawon,12,إياد مدني,SAU,0.71,Al Taawon,12/12,100.0,True,
508825,A. Ismail,2026-02-11..2026-09-01,Enppi,7,,Ahmed Ismail,2025-08-20..2026-09-01,Enppi,17,,EGY,0.762,Enppi,7/7,100.0,True,
475311,M. Jatta,2025-10-18..2026-08-29,Al-Jazira,16,,Momodou Jatta,2025-11-22..2026-05-05,Al-Jazira,8,,UAE,0.667,Al-Jazira,8/8,100.0,True,
621675,S. Ziane,2025-12-20..2026-05-16,Al Ain,14,,Sorin Ziane,2025-12-20..2026-04-23,Al Ain,10,,UAE,0.737,Al Ain,10/10,100.0,True,
29834,M. Azadi,2024-08-23..2025-01-10,Al Urooba,12,,Mohammad Reza Azadi,2024-08-23..2025-01-10,Al Urooba,12,,UAE,0.519,Al Urooba,12/12,100.0,True,
44385,B. Trawally,2024-08-23..2025-01-10,Al Urooba,12,,Bubacarr Trawally,2024-08-23..2025-01-10,Al Urooba,12,,UAE,0.714,Al Urooba,12/12,100.0,True,
135733,Salem Al Rawahi,2023-08-19..2024-06-05,Emirates Club,12,,Salim Saif,2023-08-19..2024-06-05,Emirates Club,12,,UAE,0.56,Emirates Club,12/12,100.0,True,
50322,Khalfan Alnoobi,2023-08-19..2024-06-02,Hatta SC,12,,Khalfan Hassan,2023-08-19..2024-06-02,Hatta SC,12,,UAE,0.69,Hatta SC,12/12,100.0,True,
50302,Saoud Abdulrazaq,2023-09-23..2024-05-07,Al Nasr,12,,Saud Abdelrazaq,2023-09-23..2024-05-07,Al Nasr,12,,UAE,0.903,Al Nasr,12/12,100.0,True,
49411,F. Kom,2023-08-19..2023-12-23,Emirates Club,12,,Franck Kom,2023-08-19..2023-12-23,Emirates Club,12,,UAE,0.625,Emirates Club,12/12,100.0,True,
101600,Rashed Abdulla Suroor,2023-08-19..2023-12-23,Emirates Club,12,,Rashed Abdullah,2023-08-19..2023-12-23,Emirates Club,12,,UAE,0.778,Emirates Club,12/12,100.0,True,
467677,Moamen Mahmoud,2024-04-24..2025-11-02,El Geish,18,,Momen Mahmoud,2024-04-24..2025-05-11,El Geish,6,,EGY,0.963,El Geish,6/6,100.0,True,
349271,T. Mutyaba,2024-02-19..2024-07-29,Zamalek SC,12,,Travis Mutyaba,2024-02-19..2024-07-29,Zamalek SC,12,,EGY,0.75,Zamalek SC,12/12,100.0,True,
365848,O. Valentine,2023-01-13..2023-07-19,Haras El Hodood,19,,Valentine Odoh,2023-06-06..2023-07-19,Haras El Hodood,5,,EGY,0.692,Haras El Hodood,5/5,100.0,True,
1264,Y. Sabaly,2025-08-16..2026-04-27,Al-Duhail SC,16,,Youssouf Sabaly,2025-11-08..2026-04-27,Al-Duhail SC,8,,QAT,0.667,Al-Duhail SC,8/8,100.0,True,
534086,E. Udosen,2025-08-15..2026-04-27,UMM Salal,20,,Edidiong Udosen,2025-11-08..2026-03-18,UMM Salal,4,,QAT,0.667,UMM Salal,4/4,100.0,True,
423725,Ali Mohammad Shahabi,2023-12-21..2024-12-07,Al Ahli Doha,9,,Ali Shahabi,2023-12-21..2025-04-18,Al Ahli Doha,15,,QAT,0.71,Al Ahli Doha,9/9,100.0,True,
282586,Nasser Al Enazi,2023-01-04..2024-04-28,Al-Gharafa,15,,Nasser Eisa Al Enazi,2023-09-24..2024-04-28,Al-Gharafa,9,,QAT,0.857,Al-Gharafa,9/9,100.0,True,
42283,Abdel Rahman Mubarak Al Ali,2022-08-02..2024-03-06,Al-Gharafa,17,,Abdulrahman Al-Ali,2023-10-20..2024-03-06,Al-Gharafa,7,,QAT,0.711,Al-Gharafa,7/7,100.0,True,
578972,A. Omar,2025-08-28..2026-02-06,Damac,12,أحمد عمر,Ahmed Omar,2025-10-19..2026-02-06,Damac,11,,SAU,0.706,Damac,11/11,100.0,True,
624788,F. M. Kouablan,2026-01-21..2026-09-07,"Ceramica Cleopatra, Petrojet",13,,Freddy Kouablan,2026-01-21..2026-08-31,"Ceramica Cleopatra, Petrojet",10,,EGY,0.69,"Ceramica Cleopatra, Petrojet",10/10,100.0,True,
433084,A. Sarshogh,2026-02-20..2026-09-05,Sharjah FC,17,,Arshia Sarshogh,2026-03-07..2026-04-23,Sharjah FC,6,,UAE,0.769,Sharjah FC,6/6,100.0,True,
2928,C. Benteke,2026-01-17..2026-09-06,Al Wahda FC,16,,Christian Benteke,2026-01-17..2026-08-21,Al Wahda FC,7,,UAE,0.667,Al Wahda FC,7/7,100.0,True,
57169,M. Hoibraaten,2026-01-29..2026-08-29,Al Nasr,15,,Marius Høibråten,2026-01-29..2026-08-21,Al Nasr,8,,UAE,0.621,Al Nasr,8/8,100.0,True,
289447,G. Infantino,2024-10-06..2025-02-27,Al Ain,12,,Gino Infantino,2024-10-06..2025-02-27,Al Ain,11,,UAE,0.846,Al Ain,11/11,100.0,True,
144688,C. Manzoki,2024-02-24..2024-05-29,Hatta SC,12,,Cesar Lobi Manzoki,2024-02-24..2024-05-29,Hatta SC,11,,UAE,0.643,Hatta SC,11/11,100.0,True,
332170,Adel Al Amri,2022-10-16..2024-04-06,Khorfakkan,13,,Ahmad Adel Al Amri,2023-09-23..2024-04-06,Khorfakkan,10,,UAE,0.8,Khorfakkan,10/10,100.0,True,
50676,Ahmed Moosa Murad,2023-08-26..2023-12-24,Al Bataeh,6,,Ahmed Murad,2022-09-02..2023-12-24,Al Bataeh,17,,UAE,0.786,Al Bataeh,6/6,100.0,True,
630663,E. Osama,2026-01-28..2026-05-20,Zamalek SC,12,,El Sayed Abdel Moneim,2026-01-28..2026-05-05,Zamalek SC,11,,EGY,0.345,Zamalek SC,11/11,100.0,True,
525905,M. Sillah,2025-08-10..2026-05-08,Kahraba Ismailia,15,,Mamadu Sillah,2025-08-10..2026-05-08,Kahraba Ismailia,8,,EGY,0.727,Kahraba Ismailia,8/8,100.0,True,
284150,Mouaz Gadelseed Abdalla,2022-08-01..2024-04-24,"Al Sadd, Al-Rayyan SC",15,,Mouz Abdalla,2023-09-23..2024-04-24,Al-Rayyan SC,8,,QAT,0.686,Al-Rayyan SC,8/8,100.0,True,
371910,J. Simic,2025-09-20..2026-08-21,Al-Ittihad FC,9,يان كارلو سيميتش,Jan-Carlo Simić,2025-09-20..2026-08-29,Al-Ittihad FC,13,يان كارلو سيميتش,SAU,0.522,Al-Ittihad FC,9/9,100.0,True,
140894,Y. Oumarou,2026-02-05..2026-05-21,Al-Hazm,11,يوسف أومارو,Youssouf Oumarou,2026-02-05..2026-05-21,Al-Hazm,11,يوسف عمارو,SAU,0.692,Al-Hazm,11/11,100.0,True,
197964,Turki Al-Mutairi,2023-08-11..2023-11-25,Al-Hazm,11,تركي المطيري,Turki Fahad Al Mutairi,2023-08-11..2023-11-25,Al-Hazm,11,تركي فهد ال المطيري,SAU,0.789,Al-Hazm,11/11,100.0,True,
330240,B. Ortega,2025-10-18..2026-04-29,Khorfakkan,12,,Bryant Ortega,2025-12-28..2026-04-29,Khorfakkan,10,,UAE,0.727,Khorfakkan,10/10,100.0,True,
19872,Solomon-Otabor Viv,2025-02-07..2025-05-24,Al Urooba,11,,V. Solomon-Otabor,2025-02-07..2025-05-24,Al Urooba,11,,UAE,0.8,Al Urooba,11/11,100.0,True,
135053,Appolinaire Kack,2024-08-23..2025-01-10,Al Urooba,11,,G. Kack,2024-08-23..2025-01-10,Al Urooba,11,,UAE,0.435,Al Urooba,11/11,100.0,True,
336565,A. Duishoev,2024-02-13..2024-05-20,Al Wahda FC,11,,Avtandil Duishoev,2024-02-13..2024-05-20,Al Wahda FC,11,,UAE,0.714,Al Wahda FC,11/11,100.0,True,
47920,M. Zeidan,2023-08-19..2026-04-05,"AL Masry, Hatta SC",11,,Moustafa Zeidan,2023-08-19..2026-04-05,"AL Masry, Hatta SC",11,,"EGY, UAE",0.667,"AL Masry, Hatta SC",11/11,100.0,True,
408414,L. Namgbema,2026-02-16..2026-05-23,Kahraba Ismailia,11,,Léonce Roméo Namgbema,2026-02-16..2026-05-23,Kahraba Ismailia,11,,EGY,0.625,Kahraba Ismailia,11/11,100.0,True,
399273,Atef Al Hakim,2023-06-27..2026-01-29,Ghazl El Mehalla,17,,Atef El Hakim,2025-04-29..2025-05-25,Ghazl El Mehalla,5,,EGY,0.923,Ghazl El Mehalla,5/5,100.0,True,
335927,I. El Mizzayn,2025-08-10..2025-10-26,Pharco,8,,Islam El Mizzayn,2023-07-26..2025-10-26,"AL Masry, Baladiyyat Al Mehalla, Ceramica Cleopatra, Pharco",14,,EGY,0.828,Pharco,8/8,100.0,True,
404666,A. Hassane,2023-10-21..2024-06-24,Al Ittihad,11,,Alhabib Hassane Abdou,2023-10-21..2024-06-24,Al Ittihad,11,,EGY,0.581,Al Ittihad,11/11,100.0,True,
451419,Ziad Tarek,2023-12-01..2026-08-31,"Asyut Petrol, El Dakhleya, Masr",19,,Ziad Tarek El Sayed,2023-12-01..2023-12-15,El Dakhleya,3,,EGY,0.69,El Dakhleya,3/3,100.0,True,
631656,Y. M. Al Khlif,2025-11-21..2026-08-27,Al-Gharafa,16,,Yousef Moussa,2026-02-05..2026-04-08,Al-Gharafa,6,,QAT,0.296,Al-Gharafa,6/6,100.0,True,
335018,F. Said,2025-09-26..2026-04-27,UMM Salal,15,,Fares Said Amer,2026-01-29..2026-04-27,UMM Salal,7,,QAT,0.545,UMM Salal,7/7,100.0,True,
3165,Y. Atal,2025-02-22..2026-01-16,Al Sadd,14,,Youcef Atal,2025-02-22..2025-11-22,Al Sadd,8,,QAT,0.667,Al Sadd,8/8,100.0,True,
405286,Ghadeer Al Shamri,2023-08-16..2024-04-28,Muaither SC,13,,Ghadeer Thamir Al Shamri,2023-11-02..2024-04-28,Muaither SC,9,,QAT,0.829,Muaither SC,9/9,100.0,True,
28339,T. Nguen,2026-01-21..2026-05-21,Al Okhdood,13,توكومات نغوين,Tokmac Nguen,2026-01-21..2026-03-07,Al Okhdood,8,توكماك نغوين,SAU,0.7,Al Okhdood,8/8,100.0,True,
268123,N. Jović,2024-08-23..2024-09-28,Al-Ittihad Kalba,3,,Nemanja Jović,2024-08-23..2026-08-21,Al-Ittihad Kalba,18,,UAE,0.667,Al-Ittihad Kalba,3/3,100.0,True,
286839,S. Saatci,2026-01-17..2026-05-15,Al Nasr,13,,Serdar Saatçı,2026-01-17..2026-04-24,Al Nasr,8,,UAE,0.545,Al Nasr,8/8,100.0,True,
50303,Sultan Fayez,2024-10-06..2025-01-23,Al Urooba,5,,Sultan Fayez Ahmed,2023-08-19..2025-01-23,"Al Urooba, Khorfakkan",16,,UAE,0.8,Al Urooba,5/5,100.0,True,
73879,P. Otele,2024-08-23..2025-01-11,Al Wahda FC,11,,Philip Otele,2024-08-23..2025-01-11,Al Wahda FC,10,,UAE,0.7,Al Wahda FC,10/10,100.0,True,
465091,K. Olatunbosun,2024-04-04..2024-08-18,El Dakhleya,11,,Kelvin Olatunbosun,2024-04-17..2024-08-18,El Dakhleya,10,,EGY,0.812,El Dakhleya,10/10,100.0,True,
197965,Ali Ghulais,2023-10-20..2024-04-24,Muaither SC,8,,Ali Mohammed,2023-09-24..2026-09-04,"Al Shamal, Muaither SC",13,,QAT,0.522,Muaither SC,8/8,100.0,True,
51098,R. Quioto,2025-08-30..2025-12-29,Al Najma,10,روميل كيوتو,Romell Quioto,2025-08-30..2025-12-29,Al Najma,10,,SAU,0.727,Al Najma,10/10,100.0,True,
510467,Mutni Fareed Al Timawi,2025-02-14..2025-05-26,Al Orubah,10,مطني التيماوي,Mutni Fareed Altimawi,2025-02-14..2025-05-26,Al Orubah,10,مطني التيماوي,SAU,0.977,Al Orubah,10/10,100.0,True,
44584,Hazza Al Hazza,2023-08-24..2024-04-25,Al Taee,10,هزاع الهزاع,Hazzaa Al-Hazzaa,2023-08-24..2024-04-25,Al Taee,10,هزاع الهزاع,SAU,0.867,Al Taee,10/10,100.0,True,
458144,Abdel Rahman Hamawy,2024-02-20..2024-08-18,El Dakhleya,9,,Abdelrahman Ramadan,2024-02-20..2026-08-31,"Al Ahly, El Dakhleya, Petrojet",11,,EGY,0.789,El Dakhleya,9/9,100.0,True,
580654,J. Awoute,2025-10-18..2026-09-05,Baniyas SC,14,,Jacob Awoute,2025-10-31..2026-04-23,Baniyas SC,6,,UAE,0.762,Baniyas SC,6/6,100.0,True,
8587,S. Amallah,2025-10-18..2026-09-04,Khorfakkan,13,,Selim Amallah,2025-10-31..2026-05-05,Khorfakkan,7,,UAE,0.783,Khorfakkan,7/7,100.0,True,
42500,A. Sut,2026-01-17..2026-05-16,Al Ain,12,,Adrian Șut,2026-01-17..2026-04-10,Al Ain,8,,UAE,0.5,Al Ain,8/8,100.0,True,
579600,R. Al Awadhi,2025-08-17..2026-04-29,Khorfakkan,13,,Rashed Al Awadhi,2025-11-20..2026-04-29,Khorfakkan,7,,UAE,0.786,Khorfakkan,7/7,100.0,True,
579280,Gilmario,2025-09-20..2026-02-07,Dibba Al-Fujairah,12,,Gilmário,2025-10-31..2026-02-07,Dibba Al-Fujairah,8,,UAE,0.875,Dibba Al-Fujairah,8/8,100.0,True,
105581,D. Hotic,2025-08-17..2026-01-28,Ajman,14,,Dino Hotić,2025-11-22..2026-01-28,Ajman,6,,UAE,0.667,Ajman,6/6,100.0,True,
73522,A. Mozgovoy,2025-08-17..2026-01-18,Baniyas SC,13,,Akmal Mozgovoy,2025-10-31..2026-01-18,Baniyas SC,7,,UAE,0.8,Baniyas SC,7/7,100.0,True,
291873,I. Šaranić,2024-08-24..2025-02-27,Al Bataeh,10,,Ivan Šaranić,2024-08-24..2025-02-27,Al Bataeh,10,,UAE,0.818,Al Bataeh,10/10,100.0,True,
8990,N. Ghandri,2023-08-18..2023-12-24,Ajman,10,,Nader Ghandri,2023-08-18..2023-12-24,Ajman,10,,UAE,0.783,Ajman,10/10,100.0,True,
37265,A. Merkel,2023-09-24..2023-12-23,Hatta SC,10,,Alexander Merkel,2023-09-24..2023-12-23,Hatta SC,10,,UAE,0.64,Hatta SC,10/10,100.0,True,
67893,Amran Al Jassasi,2022-09-03..2023-12-15,"Al Nasr, Emirates Club",16,,Amran Al-Jassasi,2023-11-03..2023-12-15,Emirates Club,4,,UAE,0.938,Emirates Club,4/4,100.0,True,
521950,A. Seha,2026-02-28..2026-05-29,Haras El Hodood,7,,Adham Seha,2025-05-13..2026-05-29,Haras El Hodood,13,,EGY,0.706,Haras El Hodood,7/7,100.0,True,
478106,Ahmed Ehab,2024-08-01..2025-05-29,Smouha SC,10,,Ahnmed Ehab,2024-08-01..2025-05-29,Smouha SC,10,,EGY,0.952,Smouha SC,10/10,100.0,True,
40452,K. Michalak,2024-11-01..2025-01-27,Zamalek SC,10,,Konrad Michalak,2024-11-01..2025-01-27,Zamalek SC,10,,EGY,0.769,Zamalek SC,10/10,100.0,True,
21591,A. Delort,2023-08-18..2023-12-21,UMM Salal,12,,Andy Delort,2023-09-23..2023-12-21,UMM Salal,8,,QAT,0.8,UMM Salal,8/8,100.0,True,
624591,Y. F. Alrahma,2025-11-22..2026-05-15,Al-Wasl FC,12,,Yousuf Fahad Al Rahma,2025-11-22..2026-04-24,Al-Wasl FC,7,,UAE,0.647,Al-Wasl FC,7/7,100.0,True,
362192,C. Ocoró,2022-10-15..2025-01-21,Al-Jazira,10,,Carlos Ocoró,2024-08-24..2025-01-21,Al-Jazira,9,,UAE,0.7,Al-Jazira,9/9,100.0,True,
101605,Rashed Salem,2024-08-29..2024-11-01,Al Urooba,6,,Rashid Mubarak,2022-09-15..2024-11-01,"Al Nasr, Al Urooba",13,,UAE,0.538,Al Urooba,6/6,100.0,True,
291918,Mansour Alshamsi,2023-04-23..2024-06-07,Al Ain,10,,Mansour Saeed,2023-10-08..2024-06-07,Al Ain,9,,UAE,0.69,Al Ain,9/9,100.0,True,
34249,C. Egbuchulam,2024-02-24..2024-05-24,Hatta SC,10,,Chisom Egbuchulam,2024-02-24..2024-05-24,Hatta SC,9,,UAE,0.8,Hatta SC,9/9,100.0,True,
343176,Youssef Nader,2023-06-28..2026-05-29,"Al Ittihad, Pyramids FC",10,,Youssef Nader Elshazly,2023-06-28..2025-02-23,Pyramids FC,9,,EGY,0.743,Pyramids FC,9/9,100.0,True,
315825,A. El Tayeeb,2025-08-09..2026-01-22,El Mokawloon,10,,Ahmed El Tayeeb,2025-08-09..2026-01-22,El Mokawloon,9,,EGY,0.815,El Mokawloon,9/9,100.0,True,
407116,I. Ayoula,2023-02-12..2023-10-07,"Ceramica Cleopatra, El Dakhleya",12,,Ibrahim Ayoola,2023-05-29..2023-10-07,"Ceramica Cleopatra, El Dakhleya",7,,EGY,0.609,"Ceramica Cleopatra, El Dakhleya",7/7,100.0,True,
115241,A. Yaisien,2022-11-23..2023-07-14,Future FC,16,,Abdallah Yaisien,2023-07-02..2023-07-14,Future FC,3,,EGY,0.692,Future FC,3/3,100.0,True,
22233,B. Soumare,2026-01-30..2026-08-29,Al-Duhail SC,11,,Boubakary Soumaré,2026-01-30..2026-04-27,Al-Duhail SC,8,,QAT,0.593,Al-Duhail SC,8/8,100.0,True,
262,P. Kimpembe,2025-09-21..2026-04-27,Qatar SC,12,,Presnel Kimpembe,2025-10-31..2026-04-27,Qatar SC,7,,QAT,0.741,Qatar SC,7/7,100.0,True,
16031,M. Baidoo,2025-08-15..2026-04-27,UMM Salal,14,,Michael Baidoo,2026-03-13..2026-04-27,UMM Salal,5,,QAT,0.696,UMM Salal,5/5,100.0,True,
35551,A. Bareiro,2025-01-23..2025-04-18,Al-Rayyan SC,10,,Adam Bareiro,2025-01-23..2025-04-18,Al-Rayyan SC,9,,QAT,0.818,Al-Rayyan SC,9/9,100.0,True,
166551,Khaled Karib,2024-08-09..2025-01-22,Al-Khor,13,,Khaled Masoud Karib,2024-10-18..2025-01-22,Al-Khor,6,,QAT,0.774,Al-Khor,6/6,100.0,True,
42211,Moaied Hamza,2023-08-16..2023-12-20,Muaither SC,12,,Moaied Shanan Hamza,2023-10-20..2023-12-20,Muaither SC,7,,QAT,0.774,Muaither SC,7/7,100.0,True,
28339,T. Nguen,2026-01-21..2026-05-21,Al Okhdood,13,توكومات نغوين,Tokmac Chol Nguen,2026-04-30..2026-05-21,Al Okhdood,5,توكماك تشول نغوين,SAU,0.56,Al Okhdood,5/5,100.0,True,
44501,Habib Al Watyan,2023-08-19..2025-10-18,"Al-Fateh, Al-Hilal Saudi FC",9,حبيب الوطيان,Habib Al-Wutaian,2023-08-19..2025-10-18,"Al-Fateh, Al-Hilal Saudi FC",9,حبيب الوطيان,SAU,0.774,"Al-Fateh, Al-Hilal Saudi FC",9/9,100.0,True,
488512,Ambrose Ochigbo,2025-02-01..2025-05-17,Al Kholood,9,أمبروز أوتشيغبو,O. Ambrose,2025-02-01..2025-05-17,Al Kholood,9,أمبروز أوشيغبو,SAU,0.56,Al Kholood,9/9,100.0,True,
44745,Zeyad Al-Hunayti,2024-08-23..2025-01-22,Al Orubah,9,زياد الحنيطي,Ziyad Al Hunaiti,2024-08-23..2025-01-22,Al Orubah,9,زياد الحنيطي,SAU,0.812,Al Orubah,9/9,100.0,True,
352766,Rayan Al Johani,2023-08-29..2024-04-26,Al Taawon,9,ريان الجهني,Rayan Saud Al Johani,2023-08-29..2024-04-26,Al Taawon,9,,SAU,0.857,Al Taawon,9/9,100.0,True,
329270,Hassan Al Mohammedsaleh,2023-11-03..2024-03-09,Al-Fateh,9,حسن المحمدصالح,Hassan Al-Mohammed,2023-11-03..2024-03-09,Al-Fateh,9,حسن المحمدصالح,SAU,0.829,Al-Fateh,9/9,100.0,True,
44388,Hussain Al Shai'an,2023-08-14..2023-10-07,Al Okhdood,9,حسين شيعان,Hussein Shaian,2023-08-14..2023-10-07,Al Okhdood,9,حسين شيعان,SAU,0.812,Al Okhdood,9/9,100.0,True,
433624,L. Verde,2026-02-22..2026-09-05,Baniyas SC,13,,Lionel Verde,2026-02-22..2026-05-05,Baniyas SC,5,,UAE,0.7,Baniyas SC,5/5,100.0,True,
997,A. Maxso,2026-02-13..2026-05-15,Al-Ittihad Kalba,11,,Andreas Maxsø,2026-02-13..2026-05-05,Al-Ittihad Kalba,7,,UAE,0.571,Al-Ittihad Kalba,7/7,100.0,True,
50298,Salmeen Khamis,2023-08-27..2024-03-01,Shabab Al Ahli Dubai,5,,Salmin Khamis,2022-12-19..2024-03-01,Shabab Al Ahli Dubai,13,,UAE,0.889,Shabab Al Ahli Dubai,5/5,100.0,True,
427252,Zaid Osama,2024-08-23..2025-05-23,Al Nasr,3,,Zaid Osman,2024-08-23..2026-04-24,Al Nasr,15,,UAE,0.9,Al Nasr,3/3,100.0,True,
426407,Mohamed Juma,2023-10-27..2025-02-23,"Al Bataeh, Al Nasr",12,,Mohamed Juma Moosa,2024-09-26..2025-02-23,Al Bataeh,6,,UAE,0.8,Al Bataeh,6/6,100.0,True,
101629,Nahyan Al Abdouli,2024-08-24..2025-01-06,Dibba Al Hisn,10,,Nahyan Al-Abdouli,2024-08-29..2025-01-06,Dibba Al Hisn,8,,UAE,0.941,Dibba Al Hisn,8/8,100.0,True,
482303,Abdel Katkout,2024-08-16..2025-05-29,Ismaily SC,10,,Abdel Rahman Katkout,2025-01-26..2025-05-29,Ismaily SC,8,,EGY,0.788,Ismaily SC,8/8,100.0,True,
508436,Mahmoud El Aaalamy,2025-02-07..2025-05-03,El Gouna FC,9,,Mahmoud El Alamy,2025-02-07..2025-05-03,El Gouna FC,9,,EGY,0.941,El Gouna FC,9/9,100.0,True,
17005,El Sayed Salem,2022-12-15..2023-07-15,Al Ittihad,13,,Elsayed Salem,2023-05-29..2023-07-15,Al Ittihad,5,,EGY,0.963,Al Ittihad,5/5,100.0,True,
82142,N. Mason,2025-11-23..2026-09-03,Qatar SC,12,,Niall Mason,2025-11-23..2026-03-12,Qatar SC,6,,QAT,0.737,Qatar SC,6/6,100.0,True,
162186,N. Benaïssa,2023-08-16..2026-09-04,"Al Shamal, Muaither SC",13,,Nassim Benaissa,2024-03-29..2024-04-28,Muaither SC,5,,QAT,0.692,Muaither SC,5/5,100.0,True,
46849,J. Hernandez,2025-08-22..2026-01-29,Al-Arabi SC,13,,Javier Hernández,2025-10-31..2026-01-29,Al-Arabi SC,5,,QAT,0.714,Al-Arabi SC,5/5,100.0,True,
460363,Abdulaziz Bakri,2024-03-05..2025-02-28,UMM Salal,9,,Abdulaziz Muhammad Al Bakri,2024-03-05..2025-02-28,UMM Salal,9,,QAT,0.714,UMM Salal,9/9,100.0,True,
166551,Khaled Karib,2024-08-09..2025-01-22,Al-Khor,13,,Khaled Massad Massad,2024-08-09..2024-09-26,Al-Khor,5,,QAT,0.5,Al-Khor,5/5,100.0,True,
451548,Al Fahd Haidara,2023-12-01..2024-12-08,UMM Salal,9,,Al-Fahd Haidara,2023-12-01..2024-12-08,UMM Salal,9,,QAT,0.933,UMM Salal,9/9,100.0,True,
325415,N. Aberdin,2026-01-29..2026-05-11,Al-Jazira,11,,Nabil Aberdin,2026-01-29..2026-05-05,Al-Jazira,6,,UAE,0.783,Al-Jazira,6/6,100.0,True,
146644,A. Ndour,2025-02-14..2025-05-12,Dibba Al Hisn,9,,Alioune Ndour,2025-02-14..2025-05-12,Dibba Al Hisn,8,,UAE,0.667,Dibba Al Hisn,8/8,100.0,True,
416635,S. Corr,2023-04-18..2024-06-07,Al Bataeh,9,,Sainey Corr,2023-08-26..2024-06-07,Al Bataeh,8,,UAE,0.667,Al Bataeh,8/8,100.0,True,
338749,D. Dabo,2022-10-29..2024-05-20,"Hatta SC, Khorfakkan",10,,Doro Dabo,2023-11-03..2024-05-20,Hatta SC,7,,UAE,0.75,Hatta SC,7/7,100.0,True,
550443,A. Mazhoud,2025-09-28..2026-04-19,Future FC,10,,Ahmed Mazhoud,2025-11-22..2026-04-19,Future FC,7,,EGY,0.783,Future FC,7/7,100.0,True,
269626,Abdellrhman Al Ashry,2025-01-26..2025-05-31,Pharco,8,,Abdelrahman Ashri,2025-01-26..2025-10-05,Pharco,9,,EGY,0.811,Pharco,8/8,100.0,True,
49735,C. Bekale,2024-02-26..2024-05-10,El Gouna FC,9,,Christ Bekale,2024-02-26..2024-05-10,El Gouna FC,8,,EGY,0.727,El Gouna FC,8/8,100.0,True,
44424,Mohamed Abdel Shafi,2023-09-21..2023-12-14,Zamalek SC,4,,Mohamed Abdul Shafy,2022-10-19..2023-12-14,Zamalek SC,13,,EGY,0.895,Zamalek SC,4/4,100.0,True,
269360,Mohamed Hossam,2023-06-05..2023-11-03,Zamalek SC,6,,Mohamed Hossam Besso,2022-12-01..2023-11-03,Zamalek SC,11,,EGY,0.824,Zamalek SC,6/6,100.0,True,
495040,Y. Jarrar,2025-08-16..2026-04-27,"Al Sadd, UMM Salal",10,,Yamaan Jarrar,2025-11-22..2026-04-27,"Al Sadd, UMM Salal",7,,QAT,0.727,"Al Sadd, UMM Salal",7/7,100.0,True,
49713,G. Mbenza,2023-08-16..2023-12-20,Muaither SC,11,جي بينزا,Guy Mbenza,2023-10-20..2023-12-20,Muaither SC,6,,QAT,0.842,Muaither SC,6/6,100.0,True,
645469,A. Bamba Dieng,2026-03-06..2026-05-21,Al-Hazm,8,أمادو بامبا ديينغ,Amadou Bamba Dieng,2026-03-06..2026-05-21,Al-Hazm,8,,SAU,0.812,Al-Hazm,8/8,100.0,True,
648447,S. Abdullah,2026-04-04..2026-05-20,Al-Ahli Jeddah,8,سالم عبدالله,Salem Abdullah,2026-04-04..2026-05-20,Al-Ahli Jeddah,8,,SAU,0.8,Al-Ahli Jeddah,8/8,100.0,True,
576262,I. Barabaa,2025-12-26..2026-02-07,Al Kholood,7,إبراهيم بارباع,Ibrahem Barabaa,2025-12-26..2026-08-29,Al Kholood,9,إبراهيم بورباع,SAU,0.72,Al Kholood,7/7,100.0,True,
482243,Turki Al Shaifan,2024-08-29..2026-02-03,Al Taawon,8,تركي الشيفان,Turki Sheafan,2024-08-29..2026-02-03,Al Taawon,8,تركي الشيفان,SAU,0.828,Al Taawon,8/8,100.0,True,
53512,L. Đorđević,2024-02-15..2024-05-27,Abha,8,لوكا ديورديفيتش,Luka Đorđević,2024-02-15..2024-05-27,Abha,8,,SAU,0.833,Abha,8/8,100.0,True,
590137,P. Phiri,2026-03-05..2026-09-02,"Al Ittihad, Pyramids FC",7,,Pascal Phiri,2026-03-05..2026-09-07,"Al Ittihad, Pyramids FC",9,,EGY,0.7,"Al Ittihad, Pyramids FC",7/7,100.0,True,
500093,Joao Marcelo,2026-01-28..2026-05-16,Shabab Al Ahli Dubai,10,,João Marcelo,2026-01-28..2026-04-29,Shabab Al Ahli Dubai,6,,UAE,0.917,Shabab Al Ahli Dubai,6/6,100.0,True,
46725,R. Manaj,2025-08-16..2026-01-14,Sharjah FC,12,,Rey Manaj,2025-11-21..2026-01-10,Sharjah FC,4,,UAE,0.824,Sharjah FC,4/4,100.0,True,
67816,M. Karamatic,2025-08-16..2026-01-06,Al Nasr,11,,Mateo Karamatić,2025-11-21..2026-01-06,Al Nasr,5,,UAE,0.741,Al Nasr,5/5,100.0,True,
97567,S. Mijailović,2024-08-23..2025-01-22,Al-Wasl FC,8,,Srđan Mijailović,2024-08-23..2025-01-22,Al-Wasl FC,8,,UAE,0.828,Al-Wasl FC,8/8,100.0,True,
463482,A. Taouil,2024-03-28..2024-06-02,Hatta SC,8,,Anass Taouil,2024-03-28..2024-06-02,Hatta SC,8,,UAE,0.762,Hatta SC,8/8,100.0,True,
50296,Omar Ahmad Saleh,2023-09-30..2024-03-14,Al Bataeh,6,,Omar Ahmad Salem,2023-03-10..2024-03-14,Al Bataeh,10,,UAE,0.938,Al Bataeh,6/6,100.0,True,
3630,W. Cobbinah,2025-08-08..2026-04-08,Wadi Degla,8,,Winful Cobbinah,2025-08-08..2026-04-08,Wadi Degla,8,,EGY,0.769,Wadi Degla,8/8,100.0,True,
342336,A. Oubeid,2024-10-30..2025-05-28,Haras El Hodood,8,,Abdalahi Oubeid,2024-10-30..2025-05-28,Haras El Hodood,8,,EGY,0.667,Haras El Hodood,8/8,100.0,True,
135836,Y. Attiat Allah,2024-11-02..2025-04-12,Al Ahly,8,,Yahia Attiyat Allah,2024-11-02..2025-04-12,Al Ahly,8,,EGY,0.824,Al Ahly,8/8,100.0,True,
482336,Seif El Deen Essam,2024-08-17..2025-04-10,Enppi,9,,Seif Safaga,2024-12-20..2025-04-10,Enppi,7,,EGY,0.483,Enppi,7/7,100.0,True,
392619,Edimo Kingue,2023-09-21..2024-08-18,Al Ittihad,9,,F. Kingue,2024-06-29..2024-08-18,Al Ittihad,7,,EGY,0.667,Al Ittihad,7/7,100.0,True,
469417,M. Ephrem,2024-05-11..2024-08-17,Baladiyyat Al Mehalla,8,,Moussa Ephrem,2024-05-11..2024-08-17,Baladiyyat Al Mehalla,8,,EGY,0.727,Baladiyyat Al Mehalla,8/8,100.0,True,
36534,M. Nahiri,2024-02-15..2025-05-11,"Baladiyyat Al Mehalla, Moghreb Tetouan",12,,Mohammed Nahiri,2024-02-15..2024-02-27,Baladiyyat Al Mehalla,4,,"EGY, MAR",0.667,Baladiyyat Al Mehalla,4/4,100.0,True,
49428,H. Dagdoug,2023-10-07..2023-12-30,El Geish,8,,Houssem Dagdoug,2023-10-07..2023-12-30,El Geish,8,,EGY,0.72,El Geish,8/8,100.0,True,
424632,Mohamed Dhaoui,2023-06-29..2024-07-04,Al Ahly,11,,Mohamed Eldawi kresto,2023-06-29..2023-07-16,Al Ahly,5,,EGY,0.629,Al Ahly,5/5,100.0,True,
503540,Y. Z. Anani,2025-12-28..2026-04-13,Al-Sailiya,10,,Yousef Zaid Anani,2026-01-30..2026-04-13,Al-Sailiya,6,,QAT,0.643,Al-Sailiya,6/6,100.0,True,
463527,Ali Abadi,2024-03-29..2024-09-27,Al Ahli Doha,8,,Ali Asghar Abadi,2024-03-29..2024-09-27,Al Ahli Doha,8,,QAT,0.72,Al Ahli Doha,8/8,100.0,True,
347225,Osama Adel Mohamad,2023-11-02..2024-04-28,Al-Markhiya,6,,Ossama Adel Mohamad,2023-08-26..2024-04-28,Al-Markhiya,10,,QAT,0.973,Al-Markhiya,6/6,100.0,True,
157992,S. Guarirapa,2025-10-17..2026-01-28,Sharjah FC,9,,Saúl Guarirapa,2025-11-21..2026-01-28,Sharjah FC,6,,UAE,0.846,Sharjah FC,6/6,100.0,True,
446769,A. Trawri,2023-10-28..2023-12-24,Al Ain,6,,Abdulkarim Trawri,2023-10-28..2026-09-04,Al Ain,9,,UAE,0.615,Al Ain,6/6,100.0,True,
630556,M. Abdelmoniem,2026-01-22..2026-05-29,Kahraba Ismailia,8,,Mohamed Abdelmoniem,2026-01-22..2026-05-29,Kahraba Ismailia,7,,EGY,0.788,Kahraba Ismailia,7/7,100.0,True,
308090,M. Y. Abouzra,2025-08-10..2025-11-23,Kahraba Ismailia,9,,Mohamed Yassine Abouzra,2025-08-10..2025-11-23,Kahraba Ismailia,6,,EGY,0.611,Kahraba Ismailia,6/6,100.0,True,
164227,M. Farawi,2026-02-05..2026-04-27,Al-Arabi SC,8,,Musa Farawi,2026-02-05..2026-04-27,Al-Arabi SC,7,,QAT,0.8,Al-Arabi SC,7/7,100.0,True,
47551,R. de Tomas,2025-08-23..2026-01-07,Al Wakrah,11,,Raúl de Tomás,2025-10-31..2026-01-07,Al Wakrah,4,,QAT,0.75,Al Wakrah,4/4,100.0,True,
469860,A. Oyekanmi,2025-01-29..2025-04-18,Al-Khor,8,,Abdullah Oyekanmi,2025-01-29..2025-04-18,Al-Khor,7,,QAT,0.714,Al-Khor,7/7,100.0,True,
384774,Abdulhamid Mumen Sebaei,2023-12-17..2024-04-28,Al-Duhail SC,5,,Abdulhamid Sebaei,2022-08-31..2024-04-28,Al-Duhail SC,10,,QAT,0.85,Al-Duhail SC,5/5,100.0,True,
53900,Yazan Al Arab,2024-02-24..2024-04-17,Muaither SC,8,,Yazan Alarab,2024-02-24..2024-04-17,Muaither SC,7,,QAT,0.96,Muaither SC,7/7,100.0,True,
630624,A. Al Khanani,2025-12-31..2026-05-02,NEOM,7,عبدالعزيز الخناني,Abdulaziz Al-Khanani,2025-12-31..2026-05-02,NEOM,7,,SAU,0.667,NEOM,7/7,100.0,True,
208264,Saad Al Saleh,2024-04-20..2024-05-27,Al Okhdood,7,سعد ال صالح,Saad Alsaleh,2024-04-20..2024-05-27,Al Okhdood,7,سعد ال صالح,SAU,0.96,Al Okhdood,7/7,100.0,True,
590129,D. Simukonda,2026-03-05..2026-09-02,"Ceramica Cleopatra, El Gouna FC",5,,David Simukonda,2026-03-05..2026-09-09,"Ceramica Cleopatra, El Gouna FC",9,,EGY,0.815,"Ceramica Cleopatra, El Gouna FC",5/5,100.0,True,
442077,H. Muhammed,2025-04-12..2026-09-04,Al Ain,9,,Hassan Muhammed,2025-04-12..2025-05-23,Al Ain,5,,UAE,0.769,Al Ain,5/5,100.0,True,
412001,U. Ali,2023-03-17..2025-01-31,Baniyas SC,8,,Umar Ali,2024-08-24..2025-01-31,Baniyas SC,6,,UAE,0.714,Baniyas SC,6/6,100.0,True,
12939,D. Sabi'a,2024-02-24..2024-04-26,Emirates Club,7,,Dia Saba,2024-02-24..2024-04-26,Emirates Club,7,,UAE,0.706,Emirates Club,7/7,100.0,True,
336584,C. van Bohemen,2023-08-19..2024-04-07,Al-Jazira,7,,Chahine Van Bohemen,2023-08-19..2024-04-07,Al-Jazira,7,,UAE,0.788,Al-Jazira,7/7,100.0,True,
135746,Mohamad Abdulla Almadani,2023-09-23..2023-12-24,Khorfakkan,7,,Mohammed Eisa,2023-09-23..2023-12-24,Khorfakkan,7,,UAE,0.432,Khorfakkan,7/7,100.0,True,
2955,S. Khaoui,2023-08-19..2023-12-20,Khorfakkan,7,,Saîf-Eddine Khaoui,2023-08-19..2023-12-20,Khorfakkan,7,,UAE,0.593,Khorfakkan,7/7,100.0,True,
544065,Q. Sibande,2026-01-28..2026-05-28,Petrojet,7,,Qobolwakhe Sibande,2026-01-28..2026-05-28,Petrojet,7,,EGY,0.643,Petrojet,7/7,100.0,True,
503959,Damilola Emmanuel,2024-12-19..2025-11-04,Haras El Hodood,7,,E. Damilola,2024-12-19..2025-11-04,Haras El Hodood,7,,EGY,0.571,Haras El Hodood,7/7,100.0,True,
496695,S. Alade,2025-08-10..2025-09-28,Ghazl El Mehalla,7,,Solomon Alade,2025-08-10..2025-09-28,Ghazl El Mehalla,7,,EGY,0.667,Ghazl El Mehalla,7/7,100.0,True,
144658,Khalil Haggagy,2025-02-06..2025-05-09,Pharco,8,,Khalil Hagy,2025-02-26..2025-05-09,Pharco,6,,EGY,0.88,Pharco,6/6,100.0,True,
456319,Omar El Fishawy,2024-02-19..2024-08-17,Future FC,7,,Omar Wael,2024-02-19..2024-08-17,Future FC,7,,EGY,0.583,Future FC,7/7,100.0,True,
631657,A. Nasar Mohamed,2026-01-06..2026-09-05,Al-Gharafa,10,,Amjed Mohamed,2026-03-12..2026-04-27,Al-Gharafa,4,,QAT,0.621,Al-Gharafa,4/4,100.0,True,
68060,C. D. Dal Bello Fagundes,2026-02-05..2026-04-27,Al-Sailiya,8,,Cristian,2026-02-05..2026-04-27,Al-Sailiya,6,,QAT,0.188,Al-Sailiya,6/6,100.0,True,
579633,O. Al Hamaidah,2025-09-20..2026-05-15,Al-Ittihad Kalba,9,,Obada Al Hamaidah,2026-03-17..2026-05-05,Al-Ittihad Kalba,4,,UAE,0.839,Al-Ittihad Kalba,4/4,100.0,True,
506384,Hamza Abdel Karim,2025-01-22..2025-02-11,Al Ahly,5,,Hamza Abdelkarim,2025-01-22..2025-10-04,Al Ahly,8,,EGY,0.97,Al Ahly,5/5,100.0,True,
440681,Fahd Aboul Fetouh,2023-09-19..2023-12-30,Masr,7,,Fahd Aboul-Fetouh,2023-09-27..2023-12-30,Masr,6,,EGY,0.941,Masr,6/6,100.0,True,
25358,J. Dilrosun,2026-02-22..2026-04-27,Al Sadd,7,,Javairô Dilrosun,2026-02-22..2026-04-27,Al Sadd,6,,QAT,0.741,Al Sadd,6/6,100.0,True,
606858,A. Friakh,2026-01-08..2026-03-17,Al-Duhail SC,7,,Adam Riyad,2026-01-08..2026-03-17,Al-Duhail SC,6,,QAT,0.526,Al-Duhail SC,6/6,100.0,True,
534089,W. Al Bahnasawi,2025-09-26..2026-03-13,UMM Salal,9,,Waleed El Bahnasawi,2025-11-08..2026-03-13,UMM Salal,4,,QAT,0.765,UMM Salal,4/4,100.0,True,
653528,A. Maghfori,2026-04-05..2026-05-21,Al-Ettifaq,6,عبدالحكيم مغفوري,Abdulhakim Maghfori,2026-04-05..2026-05-21,Al-Ettifaq,6,,SAU,0.667,Al-Ettifaq,6/6,100.0,True,
286356,Hussain Al Nattar,2024-08-23..2025-01-22,Al-Qadisiyah FC,6,حسين النطار,Hussain Alnattar,2024-08-23..2025-01-22,Al-Qadisiyah FC,6,حسين النطار,SAU,0.97,Al-Qadisiyah FC,6/6,100.0,True,
313624,A. Contreras,2024-09-14..2024-12-05,Al-Fayha,6,ألدري كونتريراس,Aldry Contreras,2024-09-14..2024-12-05,Al-Fayha,6,,SAU,0.815,Al-Fayha,6/6,100.0,True,
435060,Bassam Hamoud,2024-09-29..2024-11-01,Al-Raed,4,بسام حمود,Hamoud Bassam,2023-08-24..2024-11-01,Al-Raed,8,بسام حمود,SAU,0.462,Al-Raed,4/4,100.0,True,
442317,Redha Al Abdullah,2024-08-22..2024-10-26,Al-Fayha,6,رضا العبدالله,Redha Alabdullah,2024-08-22..2024-10-26,Al-Fayha,6,رضا العبدالله,SAU,0.97,Al-Fayha,6/6,100.0,True,
44649,Omar Al Oudah,2023-08-12..2024-04-18,Al Khaleej Saihat,6,عمر العودة,Omar Al-Aowda,2023-08-12..2024-04-18,Al Khaleej Saihat,6,عمر العودة,SAU,0.769,Al Khaleej Saihat,6/6,100.0,True,
68453,Hassan Al Qaid,2023-08-19..2023-12-29,Abha,6,حسن القيد,Hassan Al Qayed,2023-08-19..2023-12-29,Abha,6,حسن القيد,SAU,0.897,Abha,6/6,100.0,True,
588705,O. Bodian,2025-11-22..2026-09-01,Enppi,4,,Ousseynou Bodian,2025-11-22..2026-09-09,Enppi,8,,EGY,0.64,Enppi,4/4,100.0,True,
412904,T. Issaoui,2025-12-28..2026-05-06,Al-Wasl FC,7,,Tarek Issaoui,2025-12-28..2026-04-05,Al-Wasl FC,5,,UAE,0.783,Al-Wasl FC,5/5,100.0,True,
344914,M. Adli,2025-11-21..2026-02-05,Al Nasr,6,,Mohamed Adli,2025-11-21..2026-02-05,Al Nasr,6,,UAE,0.632,Al Nasr,6/6,100.0,True,
466972,A. Jawar,2024-04-20..2024-08-30,Al Wahda FC,6,,Ahmed Jawar,2024-04-20..2024-08-30,Al Wahda FC,6,,UAE,0.737,Al Wahda FC,6/6,100.0,True,
377194,B. Petrović,2023-09-23..2023-12-09,Al Nasr,6,,Bogdan Petrović,2023-09-23..2023-12-09,Al Nasr,6,,UAE,0.769,Al Nasr,6/6,100.0,True,
588702,Kirki,2026-02-24..2026-05-01,Enppi,6,,Suleiman Garba,2026-02-24..2026-05-01,Enppi,6,,EGY,0.211,Enppi,6/6,100.0,True,
528536,R. Shomari,2025-09-17..2025-10-25,Ghazl El Mehalla,6,,Rahim Shomari Mkinyangi,2025-09-17..2025-10-25,Ghazl El Mehalla,6,,EGY,0.545,Ghazl El Mehalla,6/6,100.0,True,
48227,Y. Rafael,2025-02-08..2025-05-29,Masr,5,,York Rafael,2025-02-08..2025-05-29,Masr,7,,EGY,0.8,Masr,5/5,100.0,True,
498915,I. Ajasa,2024-11-08..2025-01-01,Future FC,6,,Ibraheem Ajasa,2024-11-08..2025-01-01,Future FC,6,,EGY,0.636,Future FC,6/6,100.0,True,
446874,Fayiz Marwan Al Farsi,2023-10-29..2024-04-28,Al Wakrah,5,,Fayiz Marwan Al-Farsi,2023-10-29..2024-11-22,Al Wakrah,7,,QAT,0.952,Al Wakrah,5/5,100.0,True,
645531,E. Nweke,2026-03-01..2026-09-08,Smouha SC,8,,Emmanuel Nweke,2026-03-07..2026-08-26,Smouha SC,3,,EGY,0.636,Smouha SC,3/3,100.0,True,
19430,N. Dicko,2026-02-27..2026-05-16,Al Bataeh,8,,Nouha Dicko,2026-03-18..2026-04-23,Al Bataeh,3,,UAE,0.737,Al Bataeh,3/3,100.0,True,
362189,Z. Fadaaq,2025-12-29..2026-04-24,Al-Jazira,7,,Zayed Fadaaq,2025-12-29..2026-04-24,Al-Jazira,4,,UAE,0.762,Al-Jazira,4/4,100.0,True,
290554,M. Mohebi,2025-08-16..2026-01-18,Al-Ittihad Kalba,8,,Mohammad Mohebi,2025-11-22..2026-01-18,Al-Ittihad Kalba,3,,UAE,0.667,Al-Ittihad Kalba,3/3,100.0,True,
26312,L. Dajaku,2025-03-28..2025-05-04,Sharjah FC,6,,Leon Dajaku,2025-03-28..2025-05-01,Sharjah FC,5,,UAE,0.8,Sharjah FC,5/5,100.0,True,
43095,A. Mățan,2025-02-22..2025-04-22,Dibba Al Hisn,6,,Alexandru Mățan,2025-02-22..2025-04-22,Dibba Al Hisn,5,,UAE,0.609,Dibba Al Hisn,5/5,100.0,True,
419650,Omar Saoudi,2023-06-01..2023-07-14,Aswan Sc,5,,Omar Saudi,2023-05-18..2023-07-14,Aswan Sc,6,,EGY,0.952,Aswan Sc,5/5,100.0,True,
491633,A. Al Omari,2025-09-21..2026-04-03,Al-Sailiya,7,,Abdulaziz Massad Al-Omari,2025-11-08..2026-02-05,Al-Sailiya,4,,QAT,0.5,Al-Sailiya,4/4,100.0,True,
41279,M. Traoré,2023-08-16..2023-11-02,Muaither SC,8,,Mamadou Traoré,2023-10-20..2023-11-02,Muaither SC,3,,QAT,0.696,Muaither SC,3/3,100.0,True,
328100,A. Berry,2026-01-30..2026-05-21,Al Kholood,5,آدم بيري,Adam Berry,2026-01-30..2026-05-21,Al Kholood,5,,SAU,0.778,Al Kholood,5/5,100.0,True,
565736,Al Burayh Mahmoud,2026-02-14..2026-05-21,Al-Fateh,5,محمود البريه,Mahmoud Al-Burayh,2026-02-14..2026-05-21,Al-Fateh,5,محمود البريه,SAU,0.412,Al-Fateh,5/5,100.0,True,
607036,M. Al Otaibi,2025-12-27..2026-01-29,Al Shabab,5,محمد العتيبي,Mohammed Al-Otaibi,2025-12-27..2026-01-29,Al Shabab,5,,SAU,0.667,Al Shabab,5/5,100.0,True,
84082,R. Faivre,2025-09-13..2025-10-23,Al Taawon,5,رومان فايفري,Romain Faivre,2025-09-13..2025-10-23,Al Taawon,5,,SAU,0.727,Al Taawon,5/5,100.0,True,
513366,Mohammed Al Kadi,2025-03-15..2025-05-26,Al-Ettifaq,5,محمد القاضي,Mohammed Alkadi,2025-03-15..2025-05-26,Al-Ettifaq,5,محمد القاضي,SAU,0.968,Al-Ettifaq,5/5,100.0,True,
3243,J. Seri,2024-08-28..2024-10-05,Al Orubah,5,جان ميشيل سيري,Jean Michaël Seri,2024-08-28..2024-10-05,Al Orubah,5,جان مايكل سيري,SAU,0.5,Al Orubah,5/5,100.0,True,
371721,Nasser Al Hadhood,2023-09-21..2024-05-27,Al-Raed,5,ناصر الهدهود,Nasser Hadhood,2023-09-21..2024-05-27,Al-Raed,5,ناصر الهدهود,SAU,0.903,Al-Raed,5/5,100.0,True,
326648,Bader Al Anazi,2023-10-27..2024-04-25,Al Taee,5,بدر نواف,Bader Nawaf,2023-10-27..2024-04-25,Al Taee,5,بدر نواف,SAU,0.64,Al Taee,5/5,100.0,True,
61820,B. Özdemir,2023-08-14..2023-09-02,Al-Ettifaq,5,بيرات أوزدمير,Berat Ayberk Özdemir,2023-08-14..2023-09-02,Al-Ettifaq,5,,SAU,0.6,Al-Ettifaq,5/5,100.0,True,
365,M. Pavkov,2023-08-12..2023-09-01,Al-Fayha,5,ميلان بافكوف,Milan Pavkov,2023-08-12..2023-09-01,Al-Fayha,5,,SAU,0.762,Al-Fayha,5/5,100.0,True,
528315,A. Wahid,2025-08-30..2026-09-01,"El Geish, Ghazl El Mehalla",5,,Ahmed Wahid,2025-08-30..2026-09-01,"El Geish, Ghazl El Mehalla",5,,EGY,0.737,"El Geish, Ghazl El Mehalla",5/5,100.0,True,
594391,S. Al Kaabi,2026-01-18..2026-08-30,Sharjah FC,7,,Saif Al Kaabi,2026-01-18..2026-02-05,Sharjah FC,3,,UAE,0.833,Sharjah FC,3/3,100.0,True,
581501,L. Trayi,2026-01-27..2026-08-14,Al Wahda FC,7,,Louay Trayi,2026-01-27..2026-04-23,Al Wahda FC,3,,UAE,0.737,Al Wahda FC,3/3,100.0,True,
579553,A. Bougma,2025-08-22..2026-01-17,Al-Jazira,6,,Appolinaire Bougma,2025-12-21..2026-01-17,Al-Jazira,4,,UAE,0.593,Al-Jazira,4/4,100.0,True,
50629,Yaqoub Eisa,2023-09-29..2024-05-13,Emirates Club,5,,Yaqoub Yuosif Abdulla Eisa,2023-09-29..2024-05-13,Emirates Club,5,,UAE,0.595,Emirates Club,5/5,100.0,True,
329170,P. Seyi,2023-09-23..2023-12-15,Emirates Club,5,,Philemon Seyi,2023-09-23..2023-12-15,Emirates Club,5,,UAE,0.6,Emirates Club,5/5,100.0,True,
60982,Shabaib Al Khaldi,2023-08-19..2023-12-09,Hatta SC,5,,Shabib Al-Khaldi,2023-08-19..2023-12-09,Hatta SC,5,,UAE,0.909,Hatta SC,5/5,100.0,True,
630614,K. Gomaa,2026-01-30..2026-05-29,Masr,5,,Karim Gomaa,2026-01-30..2026-05-29,Masr,5,,EGY,0.737,Masr,5/5,100.0,True,
654545,M. El Atty,2026-04-09..2026-05-28,Ismaily SC,6,,Mohamed El Atty,2026-04-14..2026-05-07,Ismaily SC,4,,EGY,0.72,Ismaily SC,4/4,100.0,True,
494089,A. Sharaf,2026-01-28..2026-02-19,AL Masry,4,,Ahmed Sharaf,2025-02-22..2026-02-19,AL Masry,6,,EGY,0.762,AL Masry,4/4,100.0,True,
37939,Y. Boussakou,2025-08-10..2025-09-22,Pharco,5,,Yahya Boussakou,2025-08-10..2025-09-22,Pharco,5,,EGY,0.815,Pharco,5/5,100.0,True,
374044,T. Randrianarijaona,2024-12-01..2025-02-01,Enppi,5,,Tendry Randrianarijaona,2024-12-01..2025-02-01,Enppi,5,,EGY,0.857,Enppi,5/5,100.0,True,
439448,Abdel Rahman Nafad,2023-09-21..2023-12-14,Zamalek SC,7,,Abderahman Nafad,2023-11-03..2023-12-14,Zamalek SC,3,,EGY,0.941,Zamalek SC,3/3,100.0,True,
653084,M. Sharrahi,2026-04-03..2026-05-14,Al Najma,5,ماجد محمد شراحيلي,Majed Mohammed Sharrahi,2026-04-11..2026-05-14,Al Najma,4,,SAU,0.588,Al Najma,4/4,100.0,True,
329172,Ahmad Eissa Moharrami,2023-10-07..2025-05-19,Ajman,4,,Ahmed Eissa,2023-10-07..2025-05-25,Ajman,5,,UAE,0.625,Ajman,4/4,100.0,True,
404064,D. Nsobila,2024-09-20..2024-11-23,Dibba Al Hisn,5,,Dominic Nsobila,2024-09-20..2024-11-23,Dibba Al Hisn,4,,UAE,0.72,Dibba Al Hisn,4/4,100.0,True,
50295,Sabil Jaseem,2023-08-18..2024-06-01,Ajman,5,,Sebil Jassim Saleh,2023-10-27..2024-06-01,Ajman,4,,UAE,0.6,Ajman,4/4,100.0,True,
643666,K. Adel,2026-02-25..2026-05-22,National Bank of Egypt,5,,Karim Adel,2026-03-01..2026-05-22,National Bank of Egypt,4,,EGY,0.706,National Bank of Egypt,4/4,100.0,True,
602784,M. Gyabaah,2026-01-22..2026-05-07,Haras El Hodood,4,مصطفى جياباه,Moses Gyabaah Twum,2026-01-22..2026-05-07,Haras El Hodood,5,,EGY,0.643,Haras El Hodood,4/4,100.0,True,
497520,K. Kuassiso,2024-10-30..2024-11-30,Haras El Hodood,4,,Kouassi Kuassiso,2024-10-30..2024-12-19,Haras El Hodood,5,,EGY,0.741,Haras El Hodood,4/4,100.0,True,
283057,Abedalaziz Ismail,2024-09-27..2025-04-18,Al-Duhail SC,3,,Abedalaziz Ismail Abushanab,2022-09-07..2025-04-18,Al-Duhail SC,6,,QAT,0.773,Al-Duhail SC,3/3,100.0,True,
368902,A. Nouri,2024-10-18..2025-01-11,Al-Khor,5,,Abdallah Nouri,2024-10-18..2025-01-11,Al-Khor,4,,QAT,0.636,Al-Khor,4/4,100.0,True,
198389,M. Patouillet,2025-12-31..2026-04-04,Al-Hilal Saudi FC,4,ماتيو باتويلت,Mathieu Patouillet,2025-12-31..2026-04-04,Al-Hilal Saudi FC,4,,SAU,0.774,Al-Hilal Saudi FC,4/4,100.0,True,
602739,A. Awaji,2026-02-12..2026-03-06,Al-Hazm,4,عبدالرزاق عواجي,Abdulrazzaq Awaji,2026-02-12..2026-03-06,Al-Hazm,4,,SAU,0.56,Al-Hazm,4/4,100.0,True,
562692,R. Al Attar,2025-12-26..2026-01-10,Al-Ahli Jeddah,4,رامز العطار,Ramez Al-Attar,2025-12-26..2026-01-10,Al-Ahli Jeddah,4,,SAU,0.72,Al-Ahli Jeddah,4/4,100.0,True,
423677,Mohammed Hazazi,2025-02-21..2025-03-07,Al-Nassr,4,محمد هزازي,Mohammed Yahya Hazazi,2025-02-21..2025-03-07,Al-Nassr,4,,SAU,0.833,Al-Nassr,4/4,100.0,True,
268118,Thamer,2024-11-01..2025-01-10,Damac,4,,Thamer Al Ali,2024-11-01..2025-01-10,Damac,4,ثامر العلي,SAU,0.632,Damac,4/4,100.0,True,
296655,Ali Al Jassem,2023-12-07..2024-08-27,Al-Fateh,4,علي الجاسم,Ali Salah Aljassem,2023-12-07..2024-08-27,Al-Fateh,4,علي الجاسم,SAU,0.839,Al-Fateh,4/4,100.0,True,
469221,R. Fourig,2024-05-09..2024-05-27,Al Taawon,4,ريان فوريج,Rayan Fourig,2024-05-09..2024-05-27,Al Taawon,4,,SAU,0.762,Al Taawon,4/4,100.0,True,
350589,Saad Al Muwallad,2023-08-14..2023-09-02,Al Shabab,4,سعد المولد,Saad Almuwalad,2023-08-14..2023-09-02,Al Shabab,4,سعد المولد,SAU,0.933,Al Shabab,4/4,100.0,True,
19133,E. Alioski,2023-08-11..2023-08-29,Al-Ahli Jeddah,4,إزجان أليوسكي,Ezgjan Alioski,2023-08-11..2023-08-29,Al-Ahli Jeddah,4,,SAU,0.75,Al-Ahli Jeddah,4/4,100.0,True,
274313,M. Hajij,2026-08-21..2026-09-01,Masr,3,,Marwane Hajij,2026-08-21..2026-09-09,Masr,5,,EGY,0.667,Masr,3/3,100.0,True,
675431,A. Younes,2026-08-22..2026-08-31,Asyut Petrol,3,,Ahmed Younes,2026-08-22..2026-09-07,Asyut Petrol,5,,EGY,0.762,Asyut Petrol,3/3,100.0,True,
676541,A. Salam,2026-08-22..2026-08-31,Asyut Petrol,3,,Alabi Salam,2026-08-22..2026-09-07,Asyut Petrol,5,,EGY,0.737,Asyut Petrol,3/3,100.0,True,
676540,M. Tayeb,2026-08-22..2026-08-31,Asyut Petrol,3,,Mohamed Hesha,2026-08-22..2026-09-07,Asyut Petrol,5,,EGY,0.286,Asyut Petrol,3/3,100.0,True,
393366,K. Toual,2026-08-22..2026-09-07,AL Masry,5,,Kheir Eddine Toual,2026-08-22..2026-08-31,AL Masry,3,,EGY,0.538,AL Masry,3/3,100.0,True,
676558,Y. Abdeltawab,2026-08-22..2026-08-31,Petrojet,3,,Youssef Abdel-Tawab,2026-08-22..2026-09-07,Petrojet,5,,EGY,0.75,Petrojet,3/3,100.0,True,
134962,Mohanad Khamis Obaid,2024-08-23..2024-09-27,Al Urooba,4,,Mohannad Khameis,2024-08-23..2024-09-27,Al Urooba,4,,UAE,0.778,Al Urooba,4/4,100.0,True,
417944,Y. Gonzalez,2024-05-06..2024-06-05,Al Ain,4,,Yohan Gonzalez,2024-05-06..2024-06-05,Al Ain,4,,UAE,0.8,Al Ain,4/4,100.0,True,
137259,A. Lezama,2023-08-19..2023-09-28,Hatta SC,4,,Ángel Lezama,2023-08-19..2023-09-28,Hatta SC,4,,UAE,0.667,Hatta SC,4/4,100.0,True,
628345,Y. Wael,2026-02-04..2026-05-20,Zamalek SC,4,,Youssef Wael,2026-02-04..2026-05-20,Zamalek SC,4,,EGY,0.632,Zamalek SC,4/4,100.0,True,
654275,M. Ojor,2026-04-07..2026-05-20,Ceramica Cleopatra,4,,Mathew Ojor,2026-04-07..2026-05-20,Ceramica Cleopatra,4,,EGY,0.667,Ceramica Cleopatra,4/4,100.0,True,
588685,S. Amankona,2026-01-21..2026-04-07,Smouha SC,4,,Stephen Amankona,2026-01-21..2026-04-07,Smouha SC,4,,EGY,0.741,Smouha SC,4/4,100.0,True,
365495,A. Abid,2026-02-05..2026-03-05,Haras El Hodood,4,,Aziz Abid,2026-02-05..2026-03-05,Haras El Hodood,4,,EGY,0.75,Haras El Hodood,4/4,100.0,True,
525875,M. Daabasa,2025-08-09..2025-08-29,El Mokawloon,4,,Mahmoud Daabasa,2025-08-09..2025-08-29,El Mokawloon,4,,EGY,0.72,El Mokawloon,4/4,100.0,True,
391201,A. Jafeli,2025-02-16..2025-03-04,Zamalek SC,4,,Ahmed Jafeli,2025-02-16..2025-03-04,Zamalek SC,4,,EGY,0.762,Zamalek SC,4/4,100.0,True,
479722,R. Huncho,2024-08-08..2024-08-17,Al Ahly,4,,Reindorf Huncho,2024-08-08..2024-08-17,Al Ahly,4,,EGY,0.667,Al Ahly,4/4,100.0,True,
403891,L. Ngom,2023-12-05..2024-07-06,Enppi,4,,Libasse Ngom,2023-12-05..2024-07-06,Enppi,4,,EGY,0.632,Enppi,4/4,100.0,True,
440668,W. Ifeanyi,2023-11-04..2023-12-30,Baladiyyat Al Mehalla,4,,Wisdom Ifeanyi,2023-11-04..2023-12-30,Baladiyyat Al Mehalla,4,,EGY,0.75,Baladiyyat Al Mehalla,4/4,100.0,True,
70533,Mahmoud Abdel Kader,2023-11-04..2023-12-25,El Gouna FC,4,,Mahmoud Abdelkader,2023-11-04..2023-12-25,El Gouna FC,4,,EGY,0.973,El Gouna FC,4/4,100.0,True,
533816,Z. Mahmoud,2025-12-29..2026-02-05,Al Sadd,5,,Zaid Mahmoud,2026-01-08..2026-02-05,Al Sadd,3,,QAT,0.818,Al Sadd,3/3,100.0,True,
182144,Bandar Badr Naser,2024-08-11..2024-09-27,Al Shahaniya,3,,Bandar Naser Badr,2024-08-11..2025-04-11,Al Shahaniya,5,,QAT,0.706,Al Shahaniya,3/3,100.0,True,
282612,Muhammad Emad Zidan,2024-08-17..2024-09-22,Qatar SC,4,,Muhammad Zidan,2024-08-17..2024-09-22,Qatar SC,4,,QAT,0.848,Qatar SC,4/4,100.0,True,
289337,Eisa Al Muhannadi,2024-08-23..2024-09-21,Al-Khor,3,,Eisa Hassan Al Muhannadi,2023-03-18..2024-09-21,"Al-Khor, Al-Markhiya",5,,QAT,0.829,Al-Khor,3/3,100.0,True,
340008,Abdulhadi Kasr,2023-09-23..2024-04-07,Al-Rayyan SC,3,,Abdulhadi Kasr Al-Oun,2023-09-23..2026-09-04,"Al-Rayyan SC, Lusail City",5,,QAT,0.8,Al-Rayyan SC,3/3,100.0,True,
275884,A. Bakayoko,2023-11-02..2023-12-20,Muaither SC,4,,Abdoulaye Bakayoko,2023-11-02..2023-12-20,Muaither SC,4,,QAT,0.69,Muaither SC,4/4,100.0,True,
576231,S. Al Jadany,2026-02-13..2026-08-13,Al-Ahli Jeddah,4,سلمان الجدعاني,Salman Al-Jadani,2026-02-13..2026-02-23,Al-Ahli Jeddah,3,,SAU,0.643,Al-Ahli Jeddah,3/3,100.0,True,
584515,A. Al Zaid,2025-12-31..2026-09-03,"Al Diriyah, Al-Hilal Saudi FC",4,عبدالله الزيد,Abdulla Zaid,2025-12-31..2026-04-08,Al-Hilal Saudi FC,3,عبدالله زيد,SAU,0.636,Al-Hilal Saudi FC,3/3,100.0,True,
626781,J. Mendy,2025-12-21..2026-01-17,Al-Jazira,4,,Jean Mendy,2025-12-21..2026-01-17,Al-Jazira,3,,UAE,0.778,Al-Jazira,3/3,100.0,True,
472412,B. Ochieng,2025-09-13..2026-03-11,Zamalek SC,4,,Baron Ochieng,2025-09-13..2026-03-11,Zamalek SC,3,,EGY,0.783,Zamalek SC,3/3,100.0,True,
550533,A. Helmy,2025-09-12..2026-02-06,Petrojet,4,,Ahmed Helmy,2025-11-23..2026-02-06,Petrojet,3,,EGY,0.737,Petrojet,3/3,100.0,True,
525844,M. Agib,2025-08-08..2025-09-22,Al Ittihad,4,,Mahmoud Agib,2025-08-08..2025-09-22,Al Ittihad,3,,EGY,0.632,Al Ittihad,3/3,100.0,True,
606859,A. Zahab,2026-01-06..2026-04-27,Al-Rayyan SC,4,,Abdelrahman Khaled Zahab,2026-04-04..2026-04-27,Al-Rayyan SC,3,,QAT,0.438,Al-Rayyan SC,3/3,100.0,True,
18819,M. Antonio,2026-03-12..2026-04-27,Al-Sailiya,4,,Michail Antonio,2026-03-12..2026-04-27,Al-Sailiya,3,,QAT,0.72,Al-Sailiya,3/3,100.0,True,
464457,Dhari Al Shamari,2025-02-08..2025-11-23,Al Shahaniya,4,,Dhari Ayed Al Shamari,2025-02-08..2025-03-28,Al Shahaniya,3,,QAT,0.865,Al Shahaniya,3/3,100.0,True,
515846,Mohamed Al Lahrasan,2025-03-29..2025-04-18,Al-Rayyan SC,4,,Mohamed Al-lahrasan,2025-03-29..2025-04-18,Al-Rayyan SC,3,,QAT,0.947,Al-Rayyan SC,3/3,100.0,True,
653227,M. Al Shahrani,2026-04-04..2026-05-21,Damac,3,مشعل الشهراني,Meshal Al Shahrani,2026-04-04..2026-05-21,Damac,3,,SAU,0.812,Damac,3/3,100.0,True,
661210,Y. Gharwi,2026-05-11..2026-05-21,NEOM,3,يحيى غروي,Yahya Mousa Gharawi,2026-05-11..2026-05-21,NEOM,3,,SAU,0.571,NEOM,3/3,100.0,True,
640068,J. Carabali,2026-02-12..2026-03-07,NEOM,3,خوسيه كارابالي,José Carabalí,2026-02-12..2026-03-07,NEOM,3,,SAU,0.75,NEOM,3/3,100.0,True,
630262,G. Balanta Olivar,2025-12-25..2026-01-04,NEOM,3,جيوفاني بالانتا,Geovanny Balanta,2025-12-25..2026-01-04,NEOM,3,,SAU,0.545,NEOM,3/3,100.0,True,
423675,Abdulsalam Ali Barnawi,2025-05-16..2025-05-26,Al-Hilal Saudi FC,3,,Abdulsalam Barnawi,2025-05-16..2025-05-26,Al-Hilal Saudi FC,3,عبدالسلام برناوي,SAU,0.9,Al-Hilal Saudi FC,3/3,100.0,True,
676542,J. Egagy,2026-08-22..2026-08-31,Asyut Petrol,3,,Joshua Egagy,2026-08-22..2026-08-31,Asyut Petrol,3,,EGY,0.7,Asyut Petrol,3/3,100.0,True,
606729,M. Hamad,2026-02-04..2026-08-26,Zamalek SC,3,,Mohamed Hamad,2026-02-04..2026-08-26,Zamalek SC,3,,EGY,0.667,Zamalek SC,3/3,100.0,True,
488615,K. Taha,2025-05-12..2025-05-24,Dibba Al Hisn,3,,Kamal Taha,2025-05-12..2025-05-24,Dibba Al Hisn,3,,UAE,0.706,Dibba Al Hisn,3/3,100.0,True,
278340,V. Rodríguez,2025-02-14..2025-02-26,Al-Wasl FC,3,,Valentín Rodríguez,2025-02-14..2025-02-26,Al-Wasl FC,3,,UAE,0.733,Al-Wasl FC,3/3,100.0,True,
352717,A. Quintana,2024-08-24..2024-09-22,Khorfakkan,3,,Alex Quintana,2024-08-24..2024-09-22,Khorfakkan,3,,UAE,0.833,Khorfakkan,3/3,100.0,True,
37054,N. Robertha,2024-05-06..2024-06-01,Al-Ittihad Kalba,3,,Nigel Robertha,2024-05-06..2024-06-01,Al-Ittihad Kalba,3,,UAE,0.8,Al-Ittihad Kalba,3/3,100.0,True,
352329,Rashed Al-Zaabi,2023-09-23..2023-10-08,Emirates Club,3,,Rashed Ebrahim Al Zaabi,2023-09-23..2023-10-08,Emirates Club,3,,UAE,0.737,Emirates Club,3/3,100.0,True,
653524,M. Bashiri,2026-04-04..2026-05-29,Future FC,3,,Mohamed Bashiri,2026-04-04..2026-05-29,Future FC,3,,EGY,0.72,Future FC,3/3,100.0,True,
655819,M. Tamer,2026-04-13..2026-05-28,Pharco,3,,Mohamed Tamer,2026-04-13..2026-05-28,Pharco,3,,EGY,0.667,Pharco,3/3,100.0,True,
502063,T. Fernandes,2025-08-10..2025-08-19,Pharco,3,,Teo Fernandes,2025-08-10..2025-08-19,Pharco,3,,EGY,0.88,Pharco,3/3,100.0,True,
501739,A. Mudasiru,2024-11-22..2024-12-20,Enppi,3,,Abdul Mudasiru,2024-11-22..2024-12-20,Enppi,3,,EGY,0.8,Enppi,3/3,100.0,True,
456456,N. Trarore,2024-03-03..2024-08-18,Al Ittihad,3,,Namory Traore,2024-03-03..2024-08-18,Al Ittihad,3,,EGY,0.696,Al Ittihad,3/3,100.0,True,
344527,M. Bangoura,2023-10-06..2024-07-03,Pharco,3,,Mohamed Bangoura,2023-10-06..2024-07-03,Pharco,3,,EGY,0.741,Pharco,3/3,100.0,True,
479748,Abdalhmid Ahmed,2024-08-09..2025-01-11,Al-Khor,3,,Abdalhmid Naser,2024-08-09..2025-01-11,Al-Khor,3,,QAT,0.8,Al-Khor,3/3,100.0,True,
1592,P. Cissé,2024-10-19..2024-11-01,Al Shamal,3,,Pape Abou Cissé,2024-10-19..2024-11-01,Al Shamal,3,,QAT,0.609,Al Shamal,3/3,100.0,True,
